series,feature_1,feature_2,feature_3,feature_4,feature_5,feature_6,feature_7,feature_8,feature_9,feature_10,feature_11,feature_12,feature_13,feature_14,feature_15,feature_16,feature_17,feature_18,feature_19,feature_20,feature_21,feature_22,feature_23,feature_24,feature_25,feature_26,feature_27,feature_28,feature_29,feature_30,feature_31,feature_32,feature_33,feature_34,feature_35,feature_36,feature_37,feature_38,feature_39,feature_40,feature_41,feature_42,feature_43,feature_44,feature_45,feature_46,feature_47,feature_48,feature_49,feature_50,feature_51,feature_52,feature_53,feature_54,feature_55,feature_56,feature_57,feature_58,feature_59,feature_60,feature_61,feature_62,feature_63,feature_64
series_0,0.2687588334083557,0.18351580202579498,0.0730631947517395,-0.09058697521686554,-0.3328477740287781,-0.13562186062335968,1.4280122518539429,-0.18164172768592834,0.271528422832489,0.3316650092601776,-0.2947617471218109,0.08504064381122589,-0.22270314395427704,-0.4134126305580139,1.2185356616973877,-0.37918147444725037,-0.04374363273382187,0.3690890371799469,0.26019465923309326,0.10275028645992279,0.724513053894043,-0.6004627346992493,-0.5854503512382507,1.4823694229125977,-0.3467631936073303,0.14071112871170044,0.11169447749853134,-0.05686741694808006,-0.14062975347042084,0.3064453601837158,0.3404959738254547,0.5258998274803162,-0.4113845229148865,-1.3810930252075195,0.6725382804870605,-0.6230542659759521,-0.08871475607156754,-0.03979581221938133,1.3208611011505127,0.1023879274725914,0.8444855809211731,-0.37263786792755127,-0.3824673295021057,-0.3461696207523346,0.46318456530570984,-0.7416983246803284,-0.3163193166255951,-0.76380854845047,0.45955657958984375,0.3718433678150177,-1.0358974933624268,-0.2391391545534134,0.3407493233680725,-2.0804367065429688,0.29583293199539185,0.16637414693832397,0.06213444843888283,0.4294409155845642,0.5065481662750244,0.6976133584976196,0.46105659008026123,-0.47464028000831604,-0.1413874626159668,-1.1090142726898193
series_1,0.3017521798610687,0.14481547474861145,0.4075891375541687,-0.00021356152137741446,-0.14018580317497253,-0.17118491232395172,1.647385597229004,-0.3551531136035919,0.2390250265598297,0.21750882267951965,0.07076265662908554,0.08827590197324753,0.2492346465587616,-0.3952139914035797,1.1432294845581055,-0.3473457396030426,-0.10497727245092392,0.36202099919319153,-0.20080292224884033,-0.1734171062707901,0.6272717118263245,-0.29564449191093445,-0.8465849161148071,1.211825966835022,-0.3510771691799164,0.06656347215175629,0.008810675702989101,0.027701975777745247,-0.6572325229644775,0.30579882860183716,0.2822209894657135,0.7679031491279602,-0.31364768743515015,-1.4780118465423584,0.9737509489059448,-0.670003354549408,-0.27361834049224854,0.09882368892431259,1.1238822937011719,0.5352213382720947,0.9625568985939026,-0.4371892809867859,-0.2769092917442322,-0.5954849123954773,0.31425511837005615,-0.5995107889175415,-0.16400548815727234,-1.2716909646987915,0.33535924553871155,0.3555103540420532,-0.8934649229049683,-0.4493897259235382,0.15252524614334106,-2.4267802238464355,0.02095193602144718,0.26597240567207336,0.041141632944345474,0.35283198952674866,0.7029305696487427,0.7517074942588806,0.3866659998893738,-0.7928196787834167,-0.14280836284160614,-1.3118977546691895
series_2,0.5251564383506775,0.19196519255638123,0.23416559398174286,-0.26477399468421936,-0.5273163914680481,0.04721879959106445,1.2082860469818115,-0.8516986966133118,0.44162309169769287,0.1630023866891861,-0.5331054925918579,0.25037235021591187,0.2743416130542755,-0.26410430669784546,1.608704686164856,-0.42688462138175964,-0.546212911605835,0.3532440960407257,-0.0083925761282444,-0.08180083334445953,0.8938680291175842,-0.5241702198982239,-0.7068362236022949,1.5737665891647339,-0.2275208979845047,0.11657024919986725,0.26793062686920166,-0.2616909444332123,-0.26450851559638977,0.5538797974586487,0.26712363958358765,0.26653796434402466,-0.5527071356773376,-1.249861478805542,0.8747231960296631,-0.5509657859802246,0.05283655971288681,-0.11269352585077286,1.15434992313385,0.30397674441337585,1.1345200538635254,-0.1796673983335495,0.04424207657575607,-0.643809974193573,0.19327126443386078,-1.0676214694976807,-0.1437564194202423,-1.0716837644577026,0.36441752314567566,0.5679469704627991,-1.0504393577575684,-0.39970120787620544,0.15525881946086884,-2.2091872692108154,0.3755793571472168,0.5703950524330139,0.24263986945152283,0.37581586837768555,0.38807207345962524,0.4916849434375763,0.3549036681652069,-0.523801326751709,-0.22590166330337524,-1.0460530519485474
series_3,-0.40142956376075745,0.2540724575519562,0.11014342308044434,-0.2638707160949707,-0.09055232256650925,-0.4746067225933075,1.7765663862228394,-0.10250744968652725,0.3250250518321991,0.32336854934692383,-0.005540373269468546,0.46547335386276245,0.43726328015327454,-0.10945391654968262,0.6525313258171082,-0.4823756515979767,0.03926707059144974,0.14881671965122223,0.03440111503005028,0.14510421454906464,0.5304462313652039,-0.9882805347442627,-0.8289374113082886,0.8101441860198975,-0.2552025318145752,0.0073197451420128345,-0.18942412734031677,-0.26605573296546936,-0.8705331087112427,0.3800458312034607,0.402972549200058,0.4138529300689697,-0.08844886720180511,-1.2732727527618408,1.3899799585342407,-0.7847832441329956,-0.36257869005203247,0.2587917745113373,1.0485365390777588,0.7203042507171631,0.4679163694381714,0.039663441479206085,-0.287031352519989,-0.5310326218605042,-0.10905160009860992,-0.08014746010303497,-0.05701718479394913,-0.8131651878356934,0.47573673725128174,0.03971878066658974,-0.6846335530281067,-0.4899994134902954,0.30576378107070923,-2.065155506134033,0.3423870801925659,0.028159085661172867,0.14980027079582214,0.3354032635688782,0.9432212114334106,0.905822217464447,0.23111391067504883,-0.6595920920372009,0.015937965363264084,-1.3515357971191406
series_4,0.7928634285926819,0.20954041182994843,0.09992867708206177,0.095207080245018,-0.18941041827201843,0.07304241508245468,1.209261417388916,-0.40082618594169617,0.5255724787712097,0.38822147250175476,-0.07259092479944229,-0.16600024700164795,-0.41653770208358765,-0.5018775463104248,1.8085055351257324,-0.13094539940357208,-0.507014274597168,0.6395059823989868,0.010115083307027817,-0.06104053929448128,0.8928413987159729,0.07712265104055405,-0.41740572452545166,1.353706955909729,-0.3402335047721863,-0.22761252522468567,0.1796625256538391,0.28794747591018677,-0.15446124970912933,0.17373475432395935,0.22305890917778015,0.8372051119804382,-0.38430842757225037,-1.5572303533554077,0.3043154776096344,-0.5832478404045105,0.10261108726263046,-0.17204739153385162,1.5129742622375488,-0.02989388257265091,0.8868206143379211,-0.635306715965271,-0.4366603493690491,-0.41854825615882874,0.859920084476471,-1.1354658603668213,-0.6287935376167297,-1.1849182844161987,0.7170953154563904,0.7243693470954895,-1.0671652555465698,-0.09770147502422333,0.012882617302238941,-2.1381993293762207,-0.13862362504005432,0.31213369965553284,-0.15361371636390686,0.0783313736319542,0.1410469263792038,0.29956650733947754,0.7697756290435791,-0.630849301815033,-0.2379145622253418,-1.0608129501342773
series_5,0.2094348520040512,0.04237743094563484,0.24016469717025757,-0.024178041145205498,-0.17030015587806702,-0.1959039717912674,1.5438593626022339,-0.2105443775653839,0.299771249294281,0.2130047231912613,-0.017671415582299232,0.07683894038200378,0.0743936076760292,-0.3162443935871124,1.19996976852417,-0.41490262746810913,-0.05131834000349045,0.34548860788345337,0.06810164451599121,-0.026633815839886665,0.7097558975219727,-0.5065179467201233,-0.7295775413513184,1.2454804182052612,-0.38532671332359314,0.0488884411752224,0.06398878246545792,-0.03783467039465904,-0.3849526643753052,0.4101962447166443,0.39700013399124146,0.5858173966407776,-0.3196733891963959,-1.388864278793335,0.8939782977104187,-0.714816153049469,-0.1584259569644928,-0.0014102851273491979,1.1853641271591187,0.3957868814468384,0.9363263845443726,-0.3154548108577728,-0.3635541796684265,-0.5148581862449646,0.21675120294094086,-0.5326880812644958,-0.18738219141960144,-1.0066572427749634,0.4217933118343353,0.3198314905166626,-0.879414439201355,-0.3517027795314789,0.3358286917209625,-2.286766529083252,0.0838460922241211,0.2313438504934311,0.05047712102532387,0.45803797245025635,0.641567587852478,0.786963701248169,0.45822539925575256,-0.7171528935432434,-0.14719901978969574,-1.2205965518951416
series_6,-0.33424070477485657,0.17525173723697662,0.054635703563690186,-0.2581009566783905,-0.12229681760072708,-0.4271067678928375,1.7778055667877197,-0.18203113973140717,0.21558348834514618,0.25365638732910156,0.011665602214634418,0.38072341680526733,0.36935123801231384,-0.15472868084907532,0.7394019961357117,-0.5503939986228943,0.09428194910287857,0.17476898431777954,0.10012125968933105,0.09533582627773285,0.6235203742980957,-0.9483339190483093,-0.9147821664810181,1.0023748874664307,-0.3232457935810089,0.10152799636125565,-0.09267432242631912,-0.2510892152786255,-0.7460993528366089,0.4465930759906769,0.3994190990924835,0.4030196964740753,-0.2304925173521042,-1.2826511859893799,1.2167718410491943,-0.8051515221595764,-0.34581640362739563,0.2509775757789612,1.0682873725891113,0.5874532461166382,0.6222226023674011,0.014020243659615517,-0.32139164209365845,-0.4684459865093231,-0.04373437166213989,-0.15030072629451752,-0.018648214638233185,-0.8032631278038025,0.48627355694770813,0.06406170129776001,-0.6673073172569275,-0.564408004283905,0.4386865198612213,-2.1255533695220947,0.37910139560699463,-0.021869350224733353,0.1053757444024086,0.47162705659866333,0.9124675989151001,0.9460697770118713,0.3043462932109833,-0.6460055708885193,0.029416467994451523,-1.325351357460022
series_7,0.5216204524040222,0.4291016459465027,0.3177863359451294,0.08805030584335327,-0.6451790928840637,-0.17568233609199524,1.015058994293213,-0.3952818512916565,0.4070184528827667,0.2525724768638611,-0.4228598177433014,-0.1707533895969391,0.055699773132801056,-0.242259681224823,1.7618416547775269,-0.26338139176368713,-0.43025732040405273,0.615236222743988,-0.15828317403793335,0.04162661358714104,0.8171490430831909,-0.24375231564044952,-0.7676928043365479,1.1162364482879639,-0.1516776978969574,0.2096567004919052,0.28406932950019836,0.2776307761669159,-0.5993857979774475,0.2705952525138855,0.33941563963890076,0.5083274841308594,-0.5637698173522949,-1.1644651889801025,0.629399299621582,-0.3924793303012848,-0.2333562672138214,-0.5612578988075256,1.755968451499939,0.2723938822746277,0.5589666962623596,-0.22909365594387054,-0.2592814564704895,-0.7099518179893494,0.9118993282318115,-0.9770124554634094,-0.7611326575279236,-1.2002822160720825,0.7683932185173035,0.9052826762199402,-0.7314436435699463,-0.1727169305086136,-0.4347229599952698,-2.3518943786621094,0.1590978056192398,0.5133991241455078,-0.18808116018772125,0.30609238147735596,0.3224707245826721,0.4270438551902771,0.5685644745826721,-0.8212025165557861,-0.19859665632247925,-0.6375517845153809
series_8,0.3498919606208801,0.13545410335063934,0.2915026843547821,0.047520097345113754,-0.20206308364868164,-0.10605453699827194,1.6527880430221558,-0.2608049809932709,0.38397881388664246,0.36665254831314087,-0.023506471887230873,0.08391553908586502,-0.08813535422086716,-0.4065399467945099,1.295392394065857,-0.3269236981868744,0.04834408313035965,0.3412109315395355,0.03708493337035179,-0.0865745097398758,0.6834714412689209,-0.43911808729171753,-0.7223762273788452,1.4273858070373535,-0.43277648091316223,0.12616702914237976,0.03995765000581741,0.07804152369499207,-0.44762852787971497,0.26508012413978577,0.32989662885665894,0.6730079054832458,-0.39266976714134216,-1.480135440826416,0.8386372327804565,-0.6398130655288696,-0.10663605481386185,-0.08126241713762283,1.2559994459152222,0.34380123019218445,0.9040295481681824,-0.46382951736450195,-0.35544294118881226,-0.4842197000980377,0.44486334919929504,-0.8196125030517578,-0.3152398467063904,-1.1434253454208374,0.4341683089733124,0.4298207461833954,-1.062066912651062,-0.290470153093338,0.3356122374534607,-2.2703123092651367,0.042431194335222244,0.2913745939731598,0.003047560341656208,0.42878735065460205,0.6687077283859253,0.7803627848625183,0.5647647380828857,-0.6624965667724609,-0.19098815321922302,-1.2748212814331055
series_9,0.33008813858032227,0.12487871944904327,0.37435266375541687,-0.051833149045705795,-0.21838384866714478,-0.13397566974163055,1.6188597679138184,-0.42561253905296326,0.23604083061218262,0.20328985154628754,-0.005578333977609873,0.09605251997709274,0.25404345989227295,-0.4115869104862213,1.1738600730895996,-0.37939953804016113,-0.14334294199943542,0.3587554395198822,-0.16048461198806763,-0.16728056967258453,0.645485520362854,-0.3241332769393921,-0.8539161086082458,1.289358139038086,-0.3227352797985077,0.1261010318994522,0.03495336323976517,-0.027461973950266838,-0.5818844437599182,0.3626953065395355,0.2773589491844177,0.7078354358673096,-0.36473017930984497,-1.4241199493408203,0.9681745171546936,-0.6583240032196045,-0.250338613986969,0.1162320151925087,1.098789095878601,0.4944700598716736,0.9994210600852966,-0.3814992308616638,-0.23890908062458038,-0.5899567604064941,0.27383941411972046,-0.625239372253418,-0.13895604014396667,-1.231472134590149,0.3259332478046417,0.3575471043586731,-0.9130338430404663,-0.48542824387550354,0.1647537350654602,-2.417391061782837,0.08172149211168289,0.30275189876556396,0.08145535737276077,0.3763067424297333,0.6805441379547119,0.7435045838356018,0.376637727022171,-0.7771263718605042,-0.14289738237857819,-1.275302529335022
series_10,0.21854732930660248,-0.04722968861460686,-0.0036278951447457075,-0.05675770714879036,-0.39356887340545654,-0.12522374093532562,1.5195024013519287,0.09721585363149643,0.5726402997970581,0.5235289335250854,-0.3223324418067932,0.1990453451871872,-0.1831980049610138,-0.401761531829834,1.0619338750839233,-0.5180773735046387,0.10031522065401077,0.41881564259529114,0.31005966663360596,0.20132295787334442,0.7026489973068237,-0.8407588601112366,-0.5487169027328491,1.2952064275741577,-0.2998880445957184,0.15955360233783722,-0.03711461275815964,-0.06351062655448914,-0.034047119319438934,0.18357262015342712,0.36795341968536377,0.3865830898284912,-0.35942262411117554,-1.123434066772461,0.7199651002883911,-0.6264615654945374,-0.11646924167871475,-0.20817305147647858,1.2733545303344727,0.09534094482660294,0.6372775435447693,-0.1544339805841446,-0.37179869413375854,-0.3367188274860382,0.2799772620201111,-0.5125489234924316,-0.35835984349250793,-0.5354717373847961,0.5352897047996521,0.3028177320957184,-0.9977080225944519,-0.2305821180343628,0.20233315229415894,-2.029460906982422,0.3036886155605316,0.2601209580898285,0.1263543665409088,0.4645591974258423,0.6426709890365601,0.680364191532135,0.564707338809967,-0.6115366816520691,-0.18445205688476562,-0.8851694464683533
series_11,-0.35832175612449646,0.2355470061302185,0.1279916763305664,-0.24403105676174164,-0.09408989548683167,-0.4540063440799713,1.7902253866195679,-0.10372429341077805,0.3224353492259979,0.31965047121047974,0.005510752554982901,0.4364685118198395,0.4283689260482788,-0.12150131165981293,0.6848649382591248,-0.4822899401187897,0.05483100563287735,0.1488945484161377,0.027019914239645004,0.12010364234447479,0.5443680882453918,-0.9610480666160583,-0.8250916004180908,0.8452211022377014,-0.2775872051715851,0.012217980809509754,-0.17026227712631226,-0.25496938824653625,-0.8492574691772461,0.3796849846839905,0.4151889383792877,0.4328248202800751,-0.10215337574481964,-1.2861344814300537,1.3792243003845215,-0.7837228775024414,-0.34263235330581665,0.2395845651626587,1.050369381904602,0.7097985744476318,0.5132412910461426,0.010944286361336708,-0.2830457091331482,-0.5336577296257019,-0.09576377272605896,-0.108567014336586,-0.06432416290044785,-0.8451730608940125,0.4719095826148987,0.05099089443683624,-0.6973429918289185,-0.4896445572376251,0.3262827694416046,-2.0960898399353027,0.31169289350509644,0.035209234803915024,0.13804304599761963,0.3523622751235962,0.9447156190872192,0.9135416150093079,0.24761827290058136,-0.6726914644241333,-0.0008740543271414936,-1.3640706539154053
series_12,0.6706929206848145,-0.29968491196632385,-0.577155351638794,-0.4494872987270355,-0.7292618155479431,0.3596479594707489,1.0903537273406982,-0.72916179895401,0.4874894320964813,0.2784784436225891,-0.5410060882568359,-0.011320236138999462,0.19373546540737152,-0.35817083716392517,1.4869892597198486,-0.5080835223197937,-0.724576473236084,0.49704498052597046,0.2562754154205322,0.12091891467571259,0.9905825257301331,-0.44824057817459106,-0.2839925289154053,1.3671534061431885,0.15649519860744476,0.22935126721858978,0.059602923691272736,-0.3914671242237091,0.5780224204063416,0.4846743941307068,0.03156742826104164,0.352348268032074,-0.3891095519065857,-0.7245270609855652,0.4502095580101013,-0.49416136741638184,0.23830631375312805,0.23357287049293518,1.1374046802520752,-0.3735022246837616,0.9422211050987244,0.10207933932542801,0.06539338082075119,-0.14316876232624054,0.30082401633262634,-0.6936353445053101,-0.2826652526855469,-0.5770052671432495,0.5032140016555786,0.19665861129760742,-0.8990600109100342,-0.4755640923976898,-0.03723819926381111,-1.7903063297271729,0.7332565784454346,0.7379360198974609,0.5264423489570618,0.03666004538536072,-0.005711835343390703,0.15943971276283264,0.4731864929199219,-0.7398452162742615,-0.24947305023670197,-0.6304223537445068
series_13,-0.03926725313067436,0.16240809857845306,0.28939390182495117,-0.14059071242809296,-0.13848870992660522,-0.32159996032714844,1.7504653930664062,-0.2323285937309265,0.23993051052093506,0.23902440071105957,0.05208948627114296,0.24877363443374634,0.3674013614654541,-0.30123162269592285,0.8883047699928284,-0.4258447587490082,0.010276233777403831,0.24424755573272705,-0.08577412366867065,-0.05567612126469612,0.575596034526825,-0.6288926601409912,-0.8817124366760254,1.053120732307434,-0.32181552052497864,0.06921597570180893,-0.04949653893709183,-0.14478540420532227,-0.7258048057556152,0.36839959025382996,0.36520493030548096,0.5949756503105164,-0.22338517010211945,-1.3532960414886475,1.1748428344726562,-0.743506669998169,-0.3169976770877838,0.17227163910865784,1.059142827987671,0.6311430931091309,0.76100093126297,-0.2099449783563614,-0.27045029401779175,-0.5530494451522827,0.0818590521812439,-0.3232884407043457,-0.1025514230132103,-1.0613585710525513,0.3778420090675354,0.18900297582149506,-0.7899609208106995,-0.5080532431602478,0.2858046889305115,-2.300022840499878,0.18915003538131714,0.1304263174533844,0.09105700999498367,0.4191370904445648,0.8550717234611511,0.8566860556602478,0.31488433480262756,-0.740804135799408,-0.07107501477003098,-1.3462777137756348
series_14,0.16227789223194122,0.09917770326137543,0.31631237268447876,-0.12210483849048615,-0.16911089420318604,-0.19720867276191711,1.6967315673828125,-0.33013761043548584,0.21459700167179108,0.24477484822273254,-0.017313489690423012,0.16189321875572205,0.3537641763687134,-0.2990114092826843,1.0731648206710815,-0.4750567078590393,-0.07217224687337875,0.2899903357028961,-0.07340353727340698,-0.13007892668247223,0.6599207520484924,-0.49932000041007996,-0.8638676404953003,1.2276562452316284,-0.3327075242996216,0.10714878141880035,0.011337093077600002,-0.11030983924865723,-0.5790508389472961,0.3956868648529053,0.3158312141895294,0.6298071146011353,-0.3091694712638855,-1.3391222953796387,1.0603889226913452,-0.6617500185966492,-0.3098444640636444,0.15262866020202637,1.0859490633010864,0.5471077561378479,0.9226098656654358,-0.26015132665634155,-0.2473963052034378,-0.5797761082649231,0.16579167544841766,-0.4457438886165619,-0.09437527507543564,-1.1275995969772339,0.3383607268333435,0.28457871079444885,-0.8412517309188843,-0.5404994487762451,0.20144309103488922,-2.3626198768615723,0.16377198696136475,0.2521221339702606,0.15679782629013062,0.4271875023841858,0.7624955177307129,0.8350399732589722,0.3290928900241852,-0.7804930806159973,-0.11911103129386902,-1.3212814331054688
series_15,0.5398594737052917,0.2596606910228729,0.3223704397678375,0.18125919997692108,-0.6589294075965881,-0.1017988845705986,0.964288055896759,-0.23412925004959106,0.4693880081176758,0.40869390964508057,-0.5781047344207764,-0.2562093734741211,0.06935683637857437,-0.2969365417957306,1.564828872680664,-0.3591059148311615,-0.37638846039772034,0.6528990864753723,-0.13674575090408325,0.10204391181468964,0.689924955368042,-0.46102696657180786,-0.34828975796699524,0.9515515565872192,-0.14605741202831268,-0.028040338307619095,0.10188940912485123,0.33992284536361694,-0.5450437068939209,0.08729836344718933,0.28391194343566895,0.46434178948402405,-0.37160834670066833,-1.3469250202178955,0.4895384609699249,-0.2911849915981293,-0.11877844482660294,-0.857690691947937,1.6052632331848145,0.29394179582595825,0.5658978819847107,-0.35203778743743896,-0.04271668940782547,-0.6752594709396362,0.7719802260398865,-0.9684587717056274,-0.6356406807899475,-0.9303532838821411,0.538144588470459,0.9046176671981812,-0.7583324313163757,0.013030213303864002,-0.38909223675727844,-2.1918044090270996,0.1726485788822174,0.5336612462997437,-0.006508077494800091,0.06598155200481415,0.2958858013153076,0.346926212310791,0.3864011764526367,-0.8783531785011292,-0.18301989138126373,-0.709659218788147
series_16,0.5266720652580261,0.13822168111801147,0.09235546737909317,0.03518616035580635,-0.8584097623825073,0.20669247210025787,0.9023311734199524,-0.32812461256980896,0.7223019003868103,0.31613636016845703,-0.5196608304977417,-0.1641736626625061,0.0222411397844553,-0.4907865524291992,1.7583636045455933,-0.34260380268096924,-0.8405749201774597,0.6301373243331909,0.09513473510742188,0.2903125584125519,0.9350010752677917,-0.22496376931667328,-0.41870778799057007,1.2881160974502563,-0.05237101390957832,-0.06808200478553772,0.3789615333080292,-0.21513789892196655,0.31287121772766113,0.31190940737724304,0.33783158659935,0.29961997270584106,-0.36875635385513306,-1.1366369724273682,0.673858106136322,-0.39110180735588074,0.06739937514066696,-0.22550052404403687,1.4432780742645264,-0.04963818937540054,0.8111632466316223,-0.15493859350681305,-0.28899163007736206,-0.4246886372566223,0.6924633383750916,-0.6867089867591858,-0.6593415141105652,-1.0580705404281616,0.4538266062736511,0.3868614137172699,-0.9793593883514404,-0.08041970431804657,-0.36198899149894714,-2.162557601928711,0.400086373090744,0.7793624401092529,0.4696454107761383,0.04994572699069977,-0.011678648181259632,0.11613604426383972,0.5637454390525818,-0.4253590404987335,-0.3640718162059784,-0.5794469118118286
series_17,0.38668397068977356,0.1523006558418274,0.441120445728302,0.03297631815075874,-0.1435198187828064,-0.1142420619726181,1.6202720403671265,-0.3768562972545624,0.289135605096817,0.2415584921836853,0.05460064485669136,0.08538556843996048,0.13895444571971893,-0.4547334313392639,1.2203900814056396,-0.3062231242656708,-0.1303301751613617,0.38487717509269714,-0.1994163990020752,-0.1544174700975418,0.631470799446106,-0.23318660259246826,-0.8199285268783569,1.2635940313339233,-0.37027686834335327,0.06660577654838562,0.03303476423025131,0.06854474544525146,-0.6025115251541138,0.2671893835067749,0.27451443672180176,0.7684246897697449,-0.3521597683429718,-1.4959006309509277,0.9539256691932678,-0.6514291763305664,-0.2485099732875824,0.0645541325211525,1.1432459354400635,0.523235559463501,0.9723544120788574,-0.4856625199317932,-0.30721575021743774,-0.5983132123947144,0.3508937656879425,-0.6860083341598511,-0.20374181866645813,-1.3116148710250854,0.3266308903694153,0.397695392370224,-0.9673587083816528,-0.3842221796512604,0.1429482251405716,-2.4119768142700195,-0.020823797211050987,0.30546966195106506,0.028080645948648453,0.34725967049598694,0.6571170687675476,0.7201011776924133,0.4510544240474701,-0.7493522763252258,-0.18002842366695404,-1.280045747756958
series_18,0.03549056127667427,0.4301905333995819,-0.16659100353717804,-0.2926369309425354,-0.3312130272388458,-0.406070351600647,1.5700316429138184,-0.18561787903308868,0.2069838047027588,0.28762468695640564,-0.26798123121261597,0.37126582860946655,-0.14920566976070404,-0.2980136275291443,1.1992144584655762,-0.2596784830093384,0.13191929459571838,0.17767010629177094,0.44938260316848755,0.13729922473430634,0.9018405079841614,-0.9514476656913757,-0.5160546898841858,1.411864995956421,-0.2315758913755417,-0.1380554586648941,0.049918822944164276,-0.08712689578533173,-0.27684637904167175,0.4181452691555023,0.45310208201408386,0.300312876701355,-0.2011161595582962,-1.5626728534698486,0.7620983719825745,-0.8535393476486206,0.16300398111343384,-0.050892654806375504,1.1850842237472534,0.4059736430644989,0.8112010955810547,-0.2081911414861679,-0.1290101557970047,-0.2493353635072708,0.3996639847755432,-0.7353144288063049,-0.31368041038513184,-0.7238999009132385,0.753581166267395,0.24800924956798553,-0.9882898330688477,-0.33294209837913513,0.7673882246017456,-1.9812641143798828,0.28492847084999084,-0.07800361514091492,0.06990335136651993,0.49598971009254456,0.8700492978096008,0.5700337886810303,0.40097373723983765,-0.45698288083076477,-0.24529653787612915,-1.3834507465362549
series_19,-0.29075494408607483,0.18903376162052155,0.16645781695842743,-0.290330708026886,-0.15142351388931274,-0.4141126573085785,1.7373921871185303,-0.2166643738746643,0.26859214901924133,0.26876431703567505,-0.03167958930134773,0.3982544541358948,0.5003142356872559,-0.17529001832008362,0.7692588567733765,-0.4953356087207794,-0.02785235084593296,0.18701115250587463,-0.012544874101877213,0.060919325798749924,0.5564823746681213,-0.889177680015564,-0.8736332654953003,0.9108047485351562,-0.24071501195430756,0.03959834203124046,-0.12311088293790817,-0.2725217342376709,-0.7639786601066589,0.4293857216835022,0.3871444761753082,0.44515302777290344,-0.13229291141033173,-1.2268753051757812,1.3065686225891113,-0.7713491320610046,-0.3827276825904846,0.24716779589653015,1.028637170791626,0.6896172761917114,0.6025962829589844,0.0041060540825128555,-0.24533624947071075,-0.5375805497169495,-0.08429712057113647,-0.12574325501918793,-0.0192829892039299,-0.8518700003623962,0.40972036123275757,0.09678781777620316,-0.7115914225578308,-0.5639103651046753,0.28600454330444336,-2.1667962074279785,0.3683183491230011,0.08972971141338348,0.1755686104297638,0.3914216458797455,0.8906643390655518,0.8595313429832458,0.22170259058475494,-0.6914579272270203,0.006113085430115461,-1.333878993988037
series_20,0.8523929715156555,0.7226473093032837,0.4693329930305481,-0.035547804087400436,-0.19643442332744598,0.3077283799648285,1.388101577758789,-0.250677227973938,0.8135014176368713,0.5673236846923828,-1.031614899635315,0.24030540883541107,-0.6021864414215088,-0.3041187822818756,1.75739324092865,-0.1884179413318634,-0.22665219008922577,0.9952074289321899,0.13472235202789307,0.20868568122386932,0.9152334928512573,-0.2968764901161194,0.06660494953393936,1.3989390134811401,-0.5321967601776123,-0.34758058190345764,0.4055735468864441,0.06270527839660645,-0.15846075117588043,-0.21089094877243042,0.24842998385429382,0.37797605991363525,-0.2801697552204132,-1.4724926948547363,0.8959370255470276,-0.297445148229599,0.4402291476726532,-0.5655690431594849,1.8088244199752808,0.03782815486192703,-0.0049448576755821705,-0.15767018496990204,-0.37898552417755127,-0.23525908589363098,0.9068599939346313,-1.4861599206924438,-1.321229100227356,-1.355862021446228,0.6923683881759644,0.9100103378295898,-1.3015782833099365,0.29727229475975037,0.07070493698120117,-2.037285327911377,0.0320395790040493,0.27529188990592957,-0.049679484218358994,0.2997601628303528,0.5300275683403015,0.47166091203689575,0.8188464045524597,-0.21867118775844574,-0.5187535881996155,-0.7963988780975342
series_21,-0.2794908285140991,0.028852758929133415,-0.4435620903968811,-0.29590052366256714,-0.30535802245140076,-0.5726537704467773,1.2074337005615234,-0.07958804816007614,0.006214129272848368,0.04434184730052948,0.06245838478207588,0.04987427964806557,-0.37691062688827515,-0.5638179183006287,0.9984663724899292,-0.5005972385406494,-0.07145804911851883,0.05260831117630005,0.5047996640205383,0.27698561549186707,0.8838332295417786,-0.7267475724220276,-0.8501504063606262,1.1060200929641724,-0.20027358829975128,0.007883121259510517,0.16514179110527039,-0.09696662425994873,-0.02774336002767086,0.6952853798866272,0.5098550915718079,0.38610222935676575,-0.4546661376953125,-1.311982274055481,0.2912653982639313,-0.8939979076385498,-0.13275748491287231,0.20887203514575958,1.1201786994934082,0.11357160657644272,0.8594322204589844,-0.18811455368995667,-0.46078187227249146,-0.14820972084999084,0.1708674430847168,-0.21015362441539764,-0.06742502003908157,-0.1421678513288498,0.7949618697166443,0.13220466673374176,-0.6811819076538086,-0.3014231026172638,0.7333927154541016,-1.8313617706298828,0.38126274943351746,-0.2959953844547272,-0.14671891927719116,0.5466166138648987,0.40888023376464844,0.5851049423217773,0.481932133436203,-0.33641594648361206,0.1013217493891716,-1.0690038204193115
series_22,0.27875664830207825,-0.14200559258460999,-0.15520162880420685,-0.15320152044296265,-0.48459392786026,-0.13388633728027344,1.1535136699676514,-0.2985745370388031,0.2906133532524109,0.2580929398536682,-0.2266310751438141,-0.05153459683060646,-0.06907054036855698,-0.5487939715385437,1.2386293411254883,-0.45817458629608154,-0.34528157114982605,0.3821814954280853,0.2993636727333069,0.11130844056606293,0.7950345873832703,-0.5085487365722656,-0.6288943290710449,1.2860583066940308,-0.12704657018184662,0.12395404279232025,0.11107435077428818,-0.09299564361572266,0.10023278743028641,0.5043139457702637,0.25736385583877563,0.4881100356578827,-0.4850384593009949,-1.2176129817962646,0.41105836629867554,-0.6505309343338013,-0.10123390704393387,0.015830477699637413,1.1676101684570312,0.07859670370817184,1.0640517473220825,-0.2856213450431824,-0.23574872314929962,-0.3641113340854645,0.27433040738105774,-0.5220693349838257,-0.13783302903175354,-0.5006905794143677,0.4531083106994629,0.37933364510536194,-0.9243283867835999,-0.33744481205940247,0.1676766276359558,-2.080144166946411,0.39335525035858154,0.3421610891819,0.2425214648246765,0.30940186977386475,0.30628716945648193,0.512395441532135,0.4021990895271301,-0.651121199131012,-0.06577590852975845,-0.9414997100830078
series_23,0.08594609797000885,0.41207006573677063,-0.0669914036989212,0.09482001513242722,0.6065568923950195,0.6759732365608215,0.2764100730419159,-0.008207088336348534,0.8341610431671143,1.5450528860092163,-0.5276492238044739,0.17431959509849548,0.5318580865859985,1.0418264865875244,-0.4865865409374237,-0.9001101851463318,-0.36489561200141907,-0.8138895034790039,-1.1192179918289185,-0.11488942801952362,0.46230360865592957,0.632298469543457,-0.9844525456428528,0.5739669799804688,-0.18507938086986542,0.1529540866613388,-0.9702282547950745,0.20316176116466522,-0.42400845885276794,0.948543131351471,-0.3801906406879425,1.0932377576828003,-0.8930938243865967,-0.7334811687469482,-0.3573811948299408,1.6946393251419067,-0.09576205164194107,0.49662259221076965,1.3378219604492188,-0.11878830939531326,0.6221401691436768,-1.1936838626861572,0.16498206555843353,-0.9445109963417053,0.9356070756912231,-1.0733051300048828,0.6160876750946045,-0.5642533898353577,0.48197391629219055,0.9342125654220581,0.24556812644004822,-1.0139673948287964,-0.8751958012580872,-0.9143170714378357,0.5486259460449219,0.38765475153923035,-0.5790087580680847,-0.6271060705184937,-0.45253098011016846,0.7964748740196228,-0.32633841037750244,-0.06652896106243134,-0.15734201669692993,-1.2844328880310059
series_24,0.4371528923511505,0.038994040340185165,0.3203528821468353,0.026777299121022224,-0.21999280154705048,-0.03252480924129486,1.4687457084655762,-0.3995276093482971,0.3182957172393799,0.23701949417591095,0.03526004031300545,-0.022323498502373695,0.035525523126125336,-0.4756428599357605,1.331812858581543,-0.3154135048389435,-0.2084837406873703,0.457858681678772,-0.09046810865402222,-0.09031547605991364,0.6550866961479187,-0.1767321527004242,-0.7706102132797241,1.3349946737289429,-0.37084344029426575,0.08870302140712738,0.07239735871553421,0.05109751597046852,-0.37749794125556946,0.28331461548805237,0.24316060543060303,0.759726345539093,-0.41227856278419495,-1.429206132888794,0.717271625995636,-0.6433408260345459,-0.17960944771766663,0.017697250470519066,1.240360975265503,0.3128446936607361,0.9922093152999878,-0.5020151138305664,-0.3779217600822449,-0.5189189314842224,0.45719072222709656,-0.7540347576141357,-0.2595369517803192,-1.161341905593872,0.33455365896224976,0.4450811445713043,-0.9888266921043396,-0.3613942563533783,0.124381422996521,-2.356354236602783,0.08386769890785217,0.37029021978378296,0.032392773777246475,0.3323058784008026,0.4759739339351654,0.6355143189430237,0.5058809518814087,-0.7350338101387024,-0.15315447747707367,-1.162984848022461
series_25,0.2500234544277191,0.1099601611495018,0.3439173102378845,-0.06958355754613876,-0.21314889192581177,-0.16086426377296448,1.674513578414917,-0.36838236451148987,0.2512552738189697,0.22583189606666565,-0.014617080800235271,0.11755717545747757,0.26131492853164673,-0.393953412771225,1.131388545036316,-0.4145534336566925,-0.07096197456121445,0.34635040163993835,-0.11913233995437622,-0.12726683914661407,0.6406037211418152,-0.43998265266418457,-0.8458967208862305,1.2653789520263672,-0.32164281606674194,0.12113016843795776,0.0018156380392611027,-0.04121553525328636,-0.6005163192749023,0.36915281414985657,0.3045223653316498,0.6869177222251892,-0.3394995629787445,-1.4229557514190674,0.99771648645401,-0.6790103912353516,-0.23604850471019745,0.0897122249007225,1.110619306564331,0.500346839427948,0.9470329880714417,-0.3323749899864197,-0.25570017099380493,-0.5676579475402832,0.21733638644218445,-0.5788213014602661,-0.16184400022029877,-1.1657439470291138,0.3481234014034271,0.33846017718315125,-0.8960358500480652,-0.48384854197502136,0.23351837694644928,-2.412837505340576,0.11192309856414795,0.26805630326271057,0.06904501467943192,0.41010168194770813,0.7307584285736084,0.7924837470054626,0.38581642508506775,-0.7933514714241028,-0.13074134290218353,-1.2968711853027344
series_26,0.9583438038825989,-0.37085041403770447,-0.09243212640285492,-0.0683242529630661,-0.5130476951599121,0.49799853563308716,1.290669560432434,-0.7946527600288391,0.5521768927574158,0.4342190623283386,-0.23269833624362946,-0.11284700036048889,0.15635614097118378,-0.40313395857810974,1.5174907445907593,-0.5333558917045593,-0.5681928396224976,0.43897154927253723,-0.013250235468149185,-0.09893287718296051,0.7970760464668274,-0.09737035632133484,-0.31326791644096375,1.3240920305252075,0.0007763614412397146,0.01748419925570488,-0.04408600181341171,-0.09254327416419983,0.10862640291452408,0.3290226459503174,-0.06042769178748131,0.5074438452720642,-0.4964965283870697,-1.0697945356369019,0.5402190685272217,-0.3548845946788788,0.21875709295272827,0.11160290986299515,0.9767717123031616,-0.02411273866891861,0.9901389479637146,-0.2933353781700134,0.11452244967222214,-0.4718615710735321,0.35091105103492737,-0.8145663142204285,-0.1452747881412506,-1.0684038400650024,0.3107742369174957,0.4137086868286133,-0.9684098958969116,-0.4454236626625061,-0.2011346071958542,-1.9565198421478271,0.22654181718826294,0.9374005794525146,0.4889906048774719,-0.01892724633216858,0.17500364780426025,0.29084014892578125,0.45960280299186707,-0.9679844379425049,-0.2839403450489044,-0.8977530002593994
series_27,-0.26935067772865295,0.09082189947366714,0.13215602934360504,-0.24491757154464722,-0.14212283492088318,-0.3953116834163666,1.69917893409729,-0.15100806951522827,0.3420671820640564,0.27410340309143066,-0.08789929002523422,0.35780876874923706,0.3913048207759857,-0.15454426407814026,0.8169630169868469,-0.5213276147842407,0.033927954733371735,0.2248624563217163,0.07273763418197632,0.10522948205471039,0.5664817690849304,-0.9733477234840393,-0.8073099851608276,0.9627540707588196,-0.29608097672462463,0.04656299576163292,-0.14495731890201569,-0.24103668332099915,-0.667332649230957,0.427254319190979,0.42842012643814087,0.43746259808540344,-0.15831618010997772,-1.250868558883667,1.2371327877044678,-0.7814136743545532,-0.3350588083267212,0.13751471042633057,1.083892583847046,0.5959316492080688,0.6632703542709351,-0.00813259743154049,-0.296342670917511,-0.5379072427749634,-0.1411566287279129,-0.166138157248497,-0.005392708349972963,-0.7197340130805969,0.3746632933616638,0.1575622856616974,-0.7635284662246704,-0.47852078080177307,0.35798943042755127,-2.157010555267334,0.38495028018951416,0.12561358511447906,0.1804659366607666,0.4231325387954712,0.8485891819000244,0.8924992680549622,0.2737663984298706,-0.6917572617530823,0.039835263043642044,-1.2956030368804932
series_28,0.09954597055912018,0.2389674037694931,0.32103097438812256,-0.08835121989250183,-0.22934547066688538,-0.28888943791389465,1.803227424621582,-0.2180662602186203,0.2634716033935547,0.3159976005554199,-0.07128935307264328,0.24445968866348267,0.26900988817214966,-0.34277424216270447,0.9902231693267822,-0.3718971908092499,0.117098368704319,0.3790983557701111,-0.0435105599462986,-0.07002438604831696,0.5654568672180176,-0.731266975402832,-0.8148856163024902,1.178528070449829,-0.3311458230018616,0.11778852343559265,-0.07182531803846359,-0.0007306013139896095,-0.782561182975769,0.2515711486339569,0.32291674613952637,0.6147516369819641,-0.2812097668647766,-1.4547830820083618,1.120648980140686,-0.7264602780342102,-0.24806328117847443,-0.039112191647291183,1.175135850906372,0.5697246789932251,0.7581120133399963,-0.29493337869644165,-0.22100062668323517,-0.5345237851142883,0.28610312938690186,-0.5555614233016968,-0.22308355569839478,-1.128506064414978,0.4224553108215332,0.30502137541770935,-0.9130171537399292,-0.49350497126579285,0.2983591556549072,-2.3707919120788574,0.205219104886055,0.15032941102981567,0.030381981283426285,0.4347420930862427,0.8967241644859314,0.8488534092903137,0.34394755959510803,-0.8306153416633606,-0.1269853115081787,-1.3142971992492676
series_29,-0.09791930019855499,0.17097574472427368,0.2566521465778351,-0.18091565370559692,-0.1327400505542755,-0.339936763048172,1.7660952806472778,-0.2275325208902359,0.23610852658748627,0.25352489948272705,0.009262253530323505,0.2860027551651001,0.40324169397354126,-0.24473066627979279,0.8672788739204407,-0.46317973732948303,0.026026641950011253,0.2368345856666565,-0.051320020109415054,-0.031014459207654,0.5724706649780273,-0.7299480438232422,-0.8688433170318604,1.053902268409729,-0.3257686197757721,0.06465376913547516,-0.06934087723493576,-0.17102152109146118,-0.7447450160980225,0.3862174451351166,0.3779304027557373,0.5534223318099976,-0.2122451812028885,-1.3448535203933716,1.2103533744812012,-0.7494562864303589,-0.3219791352748871,0.17296326160430908,1.0566178560256958,0.6350326538085938,0.7496128678321838,-0.16137035191059113,-0.2704290747642517,-0.5510002374649048,0.030687840655446053,-0.2911059558391571,-0.07200109213590622,-1.0050033330917358,0.38485878705978394,0.17315958440303802,-0.7674040794372559,-0.5310735702514648,0.32173219323158264,-2.276614189147949,0.234640434384346,0.10423576831817627,0.09588626772165298,0.42620769143104553,0.8730645179748535,0.88869708776474,0.2848159372806549,-0.7349006533622742,-0.0526440404355526,-1.3671112060546875
series_30,0.5086453557014465,0.17210212349891663,0.4315790832042694,0.10550229996442795,-0.14044693112373352,-0.11510089039802551,1.5270897150039673,-0.4388525187969208,0.2876684069633484,0.20647914707660675,0.1062677726149559,0.008673121221363544,0.10161495953798294,-0.40124863386154175,1.332522988319397,-0.27649402618408203,-0.21998116374015808,0.4072059094905853,-0.2258133888244629,-0.22072841227054596,0.6890960335731506,-0.09198000282049179,-0.8059091567993164,1.2907078266143799,-0.35227271914482117,0.022262271493673325,0.05532478541135788,0.1122884750366211,-0.5938758850097656,0.2793735861778259,0.2598656415939331,0.8365160822868347,-0.35949763655662537,-1.565499186515808,0.8194237947463989,-0.6371535062789917,-0.23235240578651428,0.02891433797776699,1.190561294555664,0.4516296088695526,1.0664198398590088,-0.5745102763175964,-0.2935759425163269,-0.6274440884590149,0.4543015956878662,-0.7921484708786011,-0.19329816102981567,-1.3624155521392822,0.34806132316589355,0.4580627381801605,-0.9689863920211792,-0.35544130206108093,0.06613226234912872,-2.441793441772461,-0.09643702954053879,0.3523125648498535,0.01155832875519991,0.2759675979614258,0.5617736577987671,0.6284900307655334,0.46074262261390686,-0.7945338487625122,-0.1610749363899231,-1.2906792163848877
series_31,0.5013177990913391,0.5200005173683167,-0.00898833479732275,-0.2677779495716095,-0.9021561145782471,-0.05376279354095459,0.8294816613197327,-0.6133696436882019,0.513296902179718,0.09492076933383942,-0.8075857162475586,0.04446294531226158,0.00800743792206049,-0.26316267251968384,1.6756829023361206,-0.2126549482345581,-0.7140051126480103,0.49613144993782043,0.0704190731048584,0.12101466953754425,0.9647493958473206,-0.604016900062561,-0.393349826335907,1.3356257677078247,0.05901920422911644,-0.07091487944126129,0.24490803480148315,-0.2950206398963928,0.01950118876993656,0.3875722289085388,0.35631394386291504,0.1491767317056656,-0.2998448610305786,-1.2068228721618652,0.5343270897865295,-0.48370227217674255,0.28780895471572876,-0.44888150691986084,1.3537766933441162,-0.03346119076013565,0.8295965790748596,-0.09253676980733871,0.1113998219370842,-0.577284574508667,0.43776047229766846,-1.1453723907470703,-0.4365737736225128,-0.7739522457122803,0.6430308222770691,0.6804237961769104,-0.9777893424034119,-0.011746305041015148,-0.09331121295690536,-1.8937087059020996,0.4932369291782379,0.5380319356918335,0.10124848037958145,0.1041736826300621,0.07233172655105591,0.04430095851421356,0.31954696774482727,-0.29573267698287964,-0.2142060250043869,-0.6455174684524536
series_32,0.39690572023391724,0.06697429716587067,0.1858043223619461,0.07985547184944153,-0.12013217061758041,-0.12448672950267792,1.3732149600982666,-0.32907336950302124,0.34407326579093933,0.300161212682724,0.0611884780228138,-0.058546263724565506,-0.30445757508277893,-0.46115586161613464,1.4599604606628418,-0.2665610611438751,-0.15639999508857727,0.2778187394142151,0.08738315105438232,-0.10188092291355133,0.775968611240387,-0.1762026995420456,-0.7213027477264404,1.4164035320281982,-0.41025736927986145,0.044588398188352585,0.11752963811159134,0.1800791621208191,-0.277543306350708,0.4129551351070404,0.28347840905189514,0.7440008521080017,-0.43778908252716064,-1.5259655714035034,0.5134022831916809,-0.6227725148200989,-0.0898745134472847,0.020483871921896935,1.2670414447784424,0.21924829483032227,1.0490682125091553,-0.6138564348220825,-0.4522230625152588,-0.42808136343955994,0.5252819061279297,-0.8562061190605164,-0.25284406542778015,-1.018099069595337,0.5058282613754272,0.47375091910362244,-1.031232476234436,-0.19029752910137177,0.3511708080768585,-2.1454644203186035,-0.05202905461192131,0.28373411297798157,-0.046961452811956406,0.3579442501068115,0.4129345715045929,0.6392523646354675,0.6501569747924805,-0.5439026951789856,-0.13255034387111664,-1.2529399394989014
series_33,0.5250684022903442,0.1849541962146759,0.47126370668411255,0.07179643958806992,-0.17389053106307983,-0.0640164315700531,1.5323505401611328,-0.46001720428466797,0.3024689257144928,0.22561295330524445,0.025959840044379234,0.04445919021964073,0.07884124666452408,-0.471882164478302,1.315008521080017,-0.26414334774017334,-0.22540435194969177,0.43961217999458313,-0.25215595960617065,-0.18515558540821075,0.6415306925773621,-0.10861291736364365,-0.8115862607955933,1.310766577720642,-0.3549979031085968,0.07847556471824646,0.053888045251369476,0.13092580437660217,-0.6091159582138062,0.24247930943965912,0.2342393696308136,0.8124271035194397,-0.41171175241470337,-1.524445652961731,0.8867979049682617,-0.6141642928123474,-0.24834531545639038,0.04457521811127663,1.179398536682129,0.4724893569946289,1.0280046463012695,-0.5560299754142761,-0.2986600995063782,-0.6416880488395691,0.44110003113746643,-0.8097165822982788,-0.21502426266670227,-1.3753784894943237,0.32790613174438477,0.4762331247329712,-1.000427484512329,-0.35850077867507935,0.04237216338515282,-2.4292964935302734,-0.0631018877029419,0.3583141267299652,-0.0053784204646945,0.2927822470664978,0.5663433074951172,0.6463582515716553,0.465239942073822,-0.7542666792869568,-0.18048234283924103,-1.2262457609176636
series_34,0.6647228598594666,-0.15543805062770844,-0.14515836536884308,-0.03890315815806389,-0.6911827921867371,0.09811347723007202,1.1344718933105469,-0.48270732164382935,0.38462555408477783,0.20160572230815887,-0.1933564692735672,-0.3460184335708618,0.04935944825410843,-0.4015096426010132,1.5824130773544312,-0.5134617686271667,-0.5396056175231934,0.5672125220298767,0.01678883656859398,-0.06097184494137764,0.9059256911277771,-0.10219579190015793,-0.6435351371765137,1.3255871534347534,0.007945280522108078,0.1976546049118042,0.17852622270584106,-0.007758897729218006,0.07214439660310745,0.38099515438079834,0.2511310875415802,0.6017889976501465,-0.47340261936187744,-1.0306923389434814,0.40819251537323,-0.4108891785144806,-0.023412948474287987,-0.007884198799729347,1.4100732803344727,-0.23736490309238434,0.8564167618751526,-0.25780412554740906,-0.21727938950061798,-0.48440709710121155,0.6871242523193359,-0.7293254733085632,-0.48844993114471436,-0.9994555115699768,0.5772153735160828,0.5115885138511658,-0.790639340877533,-0.4008699059486389,-0.341049462556839,-2.2660484313964844,0.2951655685901642,0.7294111251831055,0.2727643847465515,0.17730246484279633,0.07445722073316574,0.31601911783218384,0.5527775287628174,-0.9694772958755493,-0.1400754600763321,-0.7175517082214355
series_35,-0.226152703166008,0.19191020727157593,0.20005513727664948,-0.24035762250423431,-0.12967374920845032,-0.3935106098651886,1.7608203887939453,-0.20378051698207855,0.25655415654182434,0.26598137617111206,0.014683728106319904,0.3512304425239563,0.4789811372756958,-0.19530078768730164,0.8002288937568665,-0.4724765121936798,-0.012046510353684425,0.1842263787984848,-0.04041934385895729,0.017797572538256645,0.5677859783172607,-0.8075159192085266,-0.8668279647827148,0.9410416483879089,-0.2811136245727539,0.03308951482176781,-0.10233459621667862,-0.23701733350753784,-0.772046685218811,0.40766483545303345,0.39238229393959045,0.4981873631477356,-0.14768923819065094,-1.2737109661102295,1.2935686111450195,-0.7622146010398865,-0.3594019114971161,0.2381826788187027,1.038432002067566,0.6861051321029663,0.6562111973762512,-0.06669645756483078,-0.2498595267534256,-0.5527515411376953,-0.02681155316531658,-0.17594100534915924,-0.04751858860254288,-0.9412102103233337,0.4075775742530823,0.10974724590778351,-0.7224811911582947,-0.5544536113739014,0.28632909059524536,-2.2075037956237793,0.2967201769351959,0.0903312936425209,0.15154168009757996,0.3892921805381775,0.8885829448699951,0.8719189167022705,0.24461694061756134,-0.7097113728523254,-0.021609921008348465,-1.367901086807251
series_36,0.5926198959350586,-0.08732783794403076,-0.14179416000843048,0.3572675883769989,0.13437053561210632,0.0651313066482544,0.8642097115516663,0.42219582200050354,0.8375551104545593,0.5625934600830078,0.13558198511600494,-0.44132593274116516,-1.062009572982788,-0.6238767504692078,1.7999716997146606,-0.1605926752090454,-0.19499927759170532,0.8966650366783142,0.35515663027763367,0.40478771924972534,0.9756854176521301,0.2358027845621109,0.12305057793855667,0.7935734987258911,-0.25213566422462463,-0.6895965933799744,0.033816032111644745,0.7511043548583984,0.17660585045814514,-0.19069677591323853,0.21013781428337097,1.1242773532867432,-0.1281573623418808,-1.628885269165039,-0.12957145273685455,-0.48188814520835876,0.3794165551662445,-0.2151099145412445,1.8333730697631836,-0.3640343248844147,0.5235635042190552,-0.8533516526222229,-1.120216727256775,-0.19249671697616577,1.2576980590820312,-0.5669065713882446,-1.5173916816711426,-0.8658795952796936,1.196960687637329,0.5810319781303406,-0.5947725772857666,0.1550351232290268,-0.035437557846307755,-1.9202373027801514,-0.45662450790405273,-0.030319157987833023,-0.4483150243759155,0.033240869641304016,0.10143665969371796,0.2172854095697403,1.1399718523025513,-0.49872714281082153,-0.6382013559341431,-0.796546459197998
series_37,0.17545191943645477,0.14232560992240906,0.35032355785369873,-0.03812151774764061,-0.14869530498981476,-0.20040862262248993,1.7082328796386719,-0.2737508714199066,0.2720048725605011,0.23499126732349396,0.049097735434770584,0.16044500470161438,0.19854037463665009,-0.3722633421421051,1.0721253156661987,-0.3729347884654999,-0.00211530365049839,0.2920316755771637,-0.09478044509887695,-0.10006268322467804,0.641360342502594,-0.4677276909351349,-0.8322553634643555,1.2144266366958618,-0.3806537687778473,0.08721470832824707,0.017780905589461327,-0.042581167072057724,-0.6237565279006958,0.33992695808410645,0.35312220454216003,0.6546190977096558,-0.29866668581962585,-1.438910722732544,1.067072868347168,-0.7103652358055115,-0.22739870846271515,0.10009745508432388,1.103501796722412,0.5554437637329102,0.8967760801315308,-0.33603596687316895,-0.28455275297164917,-0.5568265318870544,0.20680737495422363,-0.5406595468521118,-0.17084446549415588,-1.1777182817459106,0.3732122778892517,0.2724628746509552,-0.8998340368270874,-0.4207783043384552,0.30141738057136536,-2.354611396789551,0.05971520021557808,0.2102324515581131,0.05550036206841469,0.43247082829475403,0.7878130674362183,0.8197190165519714,0.4201716482639313,-0.721046507358551,-0.1465761810541153,-1.3270546197891235
series_38,0.0030197976157069206,0.10444875061511993,0.22182342410087585,-0.14199765026569366,-0.18699824810028076,-0.2854333221912384,1.751115083694458,-0.26713255047798157,0.24988490343093872,0.27632617950439453,0.02016535960137844,0.20016640424728394,0.371591717004776,-0.30602550506591797,0.957422137260437,-0.4544452130794525,0.02332124672830105,0.3307858407497406,-0.030449453741312027,-0.07369847595691681,0.6009029746055603,-0.6589827537536621,-0.8712742328643799,1.1357784271240234,-0.3064916431903839,0.0905933678150177,-0.06903541833162308,-0.13055193424224854,-0.6528990268707275,0.3557168245315552,0.3250429332256317,0.617469847202301,-0.24920786917209625,-1.3525474071502686,1.0289921760559082,-0.7353185415267944,-0.28541338443756104,0.10099899023771286,1.112959861755371,0.5113738179206848,0.7932677268981934,-0.22316353023052216,-0.2717209458351135,-0.5159284472465515,0.16876812279224396,-0.38124728202819824,-0.12683263421058655,-1.016135573387146,0.3935830593109131,0.24807055294513702,-0.8063850402832031,-0.5635785460472107,0.26755860447883606,-2.3278541564941406,0.2702454626560211,0.16731232404708862,0.11828506737947464,0.420690655708313,0.8077932596206665,0.8397603631019592,0.33728206157684326,-0.8014827370643616,-0.0590047687292099,-1.309511423110962
series_39,0.7035784125328064,0.38129475712776184,-0.3506786823272705,-0.3399103283882141,-0.6437859535217285,0.2790892422199249,1.0272456407546997,-0.3441479504108429,0.8049202561378479,0.545127272605896,-1.4701400995254517,0.17416879534721375,-0.2142055481672287,-0.24273067712783813,1.5560907125473022,-0.4916819930076599,-0.6309064626693726,1.0602396726608276,0.4266657829284668,0.19280843436717987,1.1336050033569336,-0.45181289315223694,0.22028236091136932,1.3783155679702759,-0.15523652732372284,0.07459507882595062,0.21187353134155273,-0.3795900046825409,0.5148309469223022,-0.009272024966776371,0.030294986441731453,0.35951167345046997,-0.30683067440986633,-0.9613683223724365,0.5230443477630615,-0.15305516123771667,0.1350885033607483,-0.23536542057991028,1.742653727531433,-0.5013453364372253,0.30856311321258545,0.13974003493785858,-0.2576524615287781,-0.19495071470737457,0.7033985257148743,-0.8928267955780029,-1.0712239742279053,-0.677610456943512,0.6603788733482361,0.5059045553207397,-0.6868542432785034,-0.10534800589084625,-0.5040403008460999,-1.7485911846160889,0.8459938764572144,0.6199661493301392,0.5814083218574524,-0.06357265263795853,0.10289182513952255,0.206975519657135,0.6201064586639404,-0.3482809066772461,-0.3698784410953522,-0.339824378490448
series_40,0.4430186152458191,-0.0366370789706707,0.1550254374742508,0.14512769877910614,-0.17865470051765442,-0.0396144762635231,1.4139587879180908,-0.3263329565525055,0.49481117725372314,0.32772064208984375,0.13432176411151886,-0.06553994119167328,-0.26547831296920776,-0.47131097316741943,1.4862309694290161,-0.23489335179328918,-0.0904172882437706,0.2848796844482422,0.04030030593276024,-0.09450681507587433,0.7682194113731384,-0.22934304177761078,-0.594300389289856,1.3926843404769897,-0.40612199902534485,-0.04754627123475075,0.07796952873468399,0.14639019966125488,-0.20066119730472565,0.34238165616989136,0.36224496364593506,0.7291339039802551,-0.32926398515701294,-1.5384585857391357,0.5961974263191223,-0.6565766930580139,0.062432460486888885,-0.03682481870055199,1.204879641532898,0.18842153251171112,1.088353157043457,-0.616307258605957,-0.36946994066238403,-0.4190409779548645,0.4259178936481476,-0.8306689262390137,-0.2837845981121063,-1.058967113494873,0.4551898241043091,0.3952065408229828,-1.0585277080535889,-0.16331011056900024,0.411629319190979,-2.178414821624756,-0.093306764960289,0.3894600570201874,0.04169357195496559,0.3292548656463623,0.4568922221660614,0.5777141451835632,0.7191411852836609,-0.6001636385917664,-0.17854225635528564,-1.2721809148788452
series_41,0.4095947742462158,0.1885787546634674,0.44728532433509827,0.030872398987412453,-0.17155806720256805,-0.10479865968227386,1.59499990940094,-0.43187811970710754,0.26204168796539307,0.22352106869220734,0.048017848283052444,0.08525024354457855,0.1364511102437973,-0.46483656764030457,1.2581411600112915,-0.295134037733078,-0.16331103444099426,0.38608500361442566,-0.2217928171157837,-0.17917503416538239,0.6608081459999084,-0.1881147027015686,-0.8554863333702087,1.289250373840332,-0.35675477981567383,0.0886879563331604,0.057406000792980194,0.08325645327568054,-0.6227783560752869,0.2804056406021118,0.2556271553039551,0.771432638168335,-0.38462144136428833,-1.4954955577850342,0.9409157037734985,-0.6353929042816162,-0.26801255345344543,0.08721450716257095,1.1483864784240723,0.5259207487106323,0.991636335849762,-0.49465638399124146,-0.2770238518714905,-0.6089465022087097,0.4035581350326538,-0.7243666648864746,-0.20471054315567017,-1.3567949533462524,0.34367281198501587,0.408158540725708,-0.9664801359176636,-0.4124287962913513,0.11099359393119812,-2.4265644550323486,-0.020198887214064598,0.32085904479026794,0.02937209978699684,0.3483216464519501,0.6462359428405762,0.6902350783348083,0.45422497391700745,-0.7451160550117493,-0.17452175915241241,-1.2705066204071045
series_42,0.04041524603962898,0.2899058759212494,0.12923692166805267,-0.3649655282497406,-0.33431440591812134,-0.12583152949810028,1.8741557598114014,-0.3821444809436798,0.33601778745651245,0.3754584491252899,-0.4491848051548004,0.642228901386261,0.2580530345439911,-0.11994108557701111,1.1491142511367798,-0.6583060622215271,0.15348610281944275,0.03164979815483093,0.3291807770729065,-0.045358020812273026,0.9012982249259949,-1.0262881517410278,-0.9188895225524902,1.760041356086731,-0.42877689003944397,0.3094871938228607,0.14911633729934692,-0.44822168350219727,-0.2620267868041992,0.5406162142753601,0.38331136107444763,0.09042540192604065,-0.5197244882583618,-1.0642027854919434,1.2327895164489746,-0.6543081402778625,-0.13021239638328552,0.2160559594631195,1.0533368587493896,0.38634249567985535,0.8540926575660706,0.10790205746889114,-0.15284939110279083,-0.4418742060661316,0.05133536458015442,-0.5882331132888794,-0.061435483396053314,-0.9545374512672424,0.4395877420902252,0.19281242787837982,-0.9550573229789734,-0.6629430651664734,0.5220111608505249,-2.0685269832611084,0.4722709059715271,0.2111433744430542,0.27176547050476074,0.7583224177360535,0.9536200761795044,1.0112321376800537,0.40606915950775146,-0.28618568181991577,-0.24213308095932007,-1.2114992141723633
series_43,-0.6473358273506165,0.2553439438343048,-0.06367206573486328,-0.2809460461139679,-0.09536440670490265,-0.6075374484062195,1.6577577590942383,-0.05731971934437752,0.33702898025512695,0.31684714555740356,-0.05110981687903404,0.49814245104789734,0.45137840509414673,-0.060689251869916916,0.5423027276992798,-0.5654743313789368,0.07962647825479507,0.21040356159210205,0.15485799312591553,0.3151228725910187,0.4984956979751587,-1.2202259302139282,-0.8659570217132568,0.670081615447998,-0.20126329362392426,0.10003657639026642,-0.32202643156051636,-0.22304314374923706,-0.9920741319656372,0.40979623794555664,0.3759777247905731,0.31285688281059265,-0.10167820751667023,-1.2617499828338623,1.2910354137420654,-0.8106055855751038,-0.48602214455604553,0.2715679407119751,1.1218982934951782,0.6684403419494629,0.31875163316726685,0.18623468279838562,-0.38452738523483276,-0.525397539138794,-0.070372074842453,0.04759307578206062,-0.03674837201833725,-0.5607122778892517,0.5560458302497864,0.013742255046963692,-0.5231130719184875,-0.5225052833557129,0.2668209671974182,-1.9569125175476074,0.554630696773529,-0.03909434750676155,0.1624945104122162,0.31362205743789673,0.9349605441093445,0.9327598214149475,0.20378556847572327,-0.6269908547401428,0.1135476604104042,-1.2182037830352783
series_44,0.5831330418586731,0.35425272583961487,0.2546199560165405,-0.09779627621173859,-0.597323477268219,0.1259731501340866,1.3640183210372925,-0.6570045948028564,0.3463873863220215,0.2269912213087082,-0.4159664511680603,0.04485752061009407,0.09152533113956451,-0.33053886890411377,1.5638201236724854,-0.2957121431827545,-0.35546573996543884,0.5772349238395691,-0.12997227907180786,-0.12472285330295563,0.7833070755004883,-0.30063119530677795,-0.7417625188827515,1.587173581123352,-0.3196755647659302,0.21829000115394592,0.23394876718521118,-0.06487581133842468,-0.4105204641819,0.21093782782554626,0.2350858747959137,0.5683683753013611,-0.4950214922428131,-1.243047833442688,0.703863799571991,-0.4861564338207245,-0.09298429638147354,-0.22344668209552765,1.447277307510376,0.08071067184209824,0.7775644063949585,-0.25951188802719116,-0.07856864482164383,-0.5348247289657593,0.7151179313659668,-1.175881028175354,-0.47223448753356934,-1.257552981376648,0.43486398458480835,0.622310996055603,-1.042904019355774,-0.40620166063308716,-0.08016243577003479,-2.258695125579834,0.34360283613204956,0.49377959966659546,0.06953731924295425,0.3424777090549469,0.3698263168334961,0.4691951870918274,0.4807323217391968,-0.6446332335472107,-0.08258181065320969,-0.9220784306526184
series_45,0.5225080251693726,0.16739365458488464,0.4785761833190918,0.11990532279014587,-0.1930975615978241,-0.0487523227930069,1.5677552223205566,-0.42552992701530457,0.43846049904823303,0.24650219082832336,-0.007081756833940744,0.090783029794693,0.013424732722342014,-0.3723834455013275,1.3320491313934326,-0.2834218740463257,-0.16625851392745972,0.3574981987476349,-0.1577093005180359,-0.18192221224308014,0.6645190119743347,-0.21660485863685608,-0.7152868509292603,1.3869662284851074,-0.3960641920566559,0.03613344952464104,0.0752229318022728,-0.01933198980987072,-0.49042728543281555,0.2767205536365509,0.34432917833328247,0.7085064053535461,-0.35623881220817566,-1.5369172096252441,0.9609717726707458,-0.6158670783042908,-0.11781259626150131,-0.026608237996697426,1.157578468322754,0.408841609954834,1.057133674621582,-0.5308448076248169,-0.2793101668357849,-0.6394850015640259,0.30126625299453735,-0.8697787523269653,-0.19884547591209412,-1.318651556968689,0.28115683794021606,0.4199516475200653,-1.097671389579773,-0.2651992738246918,0.16243267059326172,-2.3830602169036865,-0.09489451348781586,0.4170089662075043,0.0808039978146553,0.32526037096977234,0.5901743769645691,0.6620244383811951,0.5011504888534546,-0.6759141683578491,-0.19955183565616608,-1.2829596996307373
series_46,0.4203365445137024,0.10387567430734634,0.22152601182460785,0.12453365325927734,-0.26462522149086,-0.18380796909332275,1.50199556350708,-0.3036673665046692,0.33372199535369873,0.2704962193965912,0.04525919631123543,-0.08798107504844666,0.06060578674077988,-0.2851962149143219,1.3374673128128052,-0.37746813893318176,-0.11232446879148483,0.44971099495887756,-0.05712849274277687,-0.15686799585819244,0.7545031905174255,-0.29433178901672363,-0.7694284319877625,1.277030110359192,-0.2783469557762146,0.06540331244468689,0.03243548423051834,0.11509576439857483,-0.5306670665740967,0.29991358518600464,0.2845713496208191,0.7832184433937073,-0.36900827288627625,-1.490030288696289,0.6430131793022156,-0.6300773024559021,-0.1613178253173828,-0.167876198887825,1.354763388633728,0.24566197395324707,0.9547390341758728,-0.45245569944381714,-0.30746525526046753,-0.5618245601654053,0.5428191423416138,-0.7780838012695312,-0.3311043977737427,-1.1204830408096313,0.5272900462150574,0.5260434746742249,-0.8987113237380981,-0.33329713344573975,0.05937161669135094,-2.415391683578491,0.017777608707547188,0.3381240665912628,-0.02759581431746483,0.31829333305358887,0.5510182976722717,0.6510533690452576,0.5043492317199707,-0.9017561674118042,-0.10514604300260544,-1.1796871423721313
series_47,0.4959661364555359,-0.03568551316857338,-0.05426150560379028,0.07869366556406021,-0.03979548066854477,0.47747281193733215,1.3306374549865723,-0.4118049442768097,0.6176897287368774,0.7751786112785339,-0.13914741575717926,-0.008683758787810802,-0.4624578356742859,-0.5150381326675415,1.809756875038147,-0.3852187991142273,-0.06870081275701523,0.2591870129108429,-0.10709702968597412,-0.07017289102077484,0.6712058782577515,-0.24748647212982178,-0.5606154203414917,1.6630313396453857,-0.6248718500137329,-0.1512712985277176,-0.4002559781074524,0.6246373057365417,-0.3278842270374298,-0.12127017974853516,0.12059155106544495,0.9685783982276917,-0.5708696246147156,-1.439047932624817,-0.04284472391009331,-0.1749836802482605,-0.22059619426727295,-0.02787613309919834,1.3397308588027954,-0.10245011001825333,1.038259744644165,-0.946861743927002,-0.35221511125564575,-0.7690778374671936,0.7348906397819519,-1.0496405363082886,-0.3450821340084076,-0.824475109577179,0.3631893992424011,0.6930476427078247,-0.8234367370605469,-0.40102291107177734,-0.06567388772964478,-1.558780550956726,0.23803040385246277,0.4516322612762451,-0.14923760294914246,0.16174522042274475,0.04981081560254097,0.405440092086792,0.7982348203659058,-0.26634395122528076,0.032248638570308685,-1.1574110984802246
series_48,0.5621364712715149,0.023213965818285942,0.05963538587093353,0.13298989832401276,-0.20214734971523285,-0.017740681767463684,1.0592827796936035,-0.4462190568447113,0.3326314091682434,0.25087201595306396,0.2225225418806076,-0.27032971382141113,-0.3804950416088104,-0.5846948623657227,1.7550758123397827,-0.1529238224029541,-0.48876848816871643,0.32942917943000793,0.004629191011190414,-0.07737834751605988,0.8954432606697083,0.18922848999500275,-0.5721514821052551,1.3149127960205078,-0.34357988834381104,-0.1586657613515854,0.24386024475097656,0.2722589671611786,-0.0506090447306633,0.40193697810173035,0.26926133036613464,0.8543853759765625,-0.3914622962474823,-1.586653470993042,0.2595612704753876,-0.622079074382782,-0.024505114182829857,0.0895838513970375,1.3345324993133545,0.10769330710172653,1.1921517848968506,-0.8005405068397522,-0.45248204469680786,-0.35066619515419006,0.8077715039253235,-0.8819392323493958,-0.3445262610912323,-1.0686566829681396,0.6086562871932983,0.4452252686023712,-0.9847896099090576,-0.16284717619419098,0.20053741335868835,-2.1508278846740723,-0.1379978060722351,0.3622678816318512,-0.04697247967123985,0.1401612013578415,0.1062634140253067,0.28476378321647644,0.7166656255722046,-0.5407151579856873,-0.18926064670085907,-1.221555471420288
series_49,0.5147421360015869,0.17262707650661469,0.45832324028015137,0.07355409860610962,-0.1553371250629425,-0.040089257061481476,1.5634832382202148,-0.4131183624267578,0.35881733894348145,0.2656432092189789,0.009310533292591572,0.06770848482847214,-0.01157285925000906,-0.48678523302078247,1.339423418045044,-0.25169363617897034,-0.16953742504119873,0.4133298695087433,-0.18536603450775146,-0.1450650840997696,0.6514228582382202,-0.1669536978006363,-0.7590957880020142,1.3448615074157715,-0.3850547969341278,0.07446704804897308,0.0580584779381752,0.13531965017318726,-0.5517958402633667,0.24709472060203552,0.2629758417606354,0.7744413018226624,-0.4053023159503937,-1.529709815979004,0.9155862331390381,-0.6242554783821106,-0.18218675255775452,0.030159180983901024,1.1858981847763062,0.4615451991558075,1.0025837421417236,-0.547028660774231,-0.3337199091911316,-0.6042025685310364,0.4169907867908478,-0.834693968296051,-0.2583126127719879,-1.3537358045578003,0.3494008779525757,0.46113091707229614,-1.049489974975586,-0.3031090497970581,0.1438688337802887,-2.3819832801818848,-0.08471275120973587,0.3550528287887573,-0.007879729382693768,0.3254106342792511,0.5908328294754028,0.6811327934265137,0.5260106921195984,-0.699552595615387,-0.22041688859462738,-1.2426064014434814
series_50,0.4950985014438629,-0.1471410095691681,-0.5372155904769897,-0.35150468349456787,-0.6878028512001038,0.10744179785251617,0.9420620203018188,-0.18589423596858978,0.5003957748413086,0.5509635806083679,-0.8850545883178711,0.1502886414527893,-0.04826109856367111,-0.2877246141433716,1.2313181161880493,-0.708733081817627,-0.5088337659835815,0.6448104977607727,0.42694851756095886,0.3075656294822693,1.1065970659255981,-0.6445798873901367,-0.37212270498275757,1.2130632400512695,0.1407454013824463,0.28073832392692566,0.13293425738811493,-0.32267865538597107,0.7297676205635071,0.2647729814052582,0.03212008252739906,0.30574044585227966,-0.5032129883766174,-0.5591946840286255,0.3292790949344635,-0.34204500913619995,-0.13759171962738037,0.03906402364373207,1.452992558479309,-0.46187880635261536,0.5409727096557617,0.07713892310857773,-0.10449845343828201,-0.08596300333738327,0.4830930233001709,-0.3589785397052765,-0.4534149467945099,-0.222573921084404,0.6577232480049133,0.3251325786113739,-0.7944231033325195,-0.30847617983818054,-0.48403114080429077,-1.8108868598937988,0.7426357269287109,0.6199899911880493,0.5329113602638245,0.1583394706249237,0.14979444444179535,0.1965211182832718,0.44753649830818176,-0.7104454040527344,-0.21303494274616241,-0.31141021847724915
series_51,-0.04969639703631401,0.16070321202278137,0.2843840718269348,-0.16379432380199432,-0.13991189002990723,-0.32147762179374695,1.7373478412628174,-0.26490843296051025,0.2115165740251541,0.22307848930358887,0.053730208426713943,0.2401062250137329,0.45260006189346313,-0.266271710395813,0.920452892780304,-0.44487181305885315,-0.03863479942083359,0.22947049140930176,-0.10891968011856079,-0.08359642326831818,0.606351912021637,-0.6152482628822327,-0.882373034954071,1.0419355630874634,-0.3112886846065521,0.04466536268591881,-0.04215385764837265,-0.16679659485816956,-0.7247926592826843,0.4020138382911682,0.3644934892654419,0.5979458093643188,-0.20072849094867706,-1.3403353691101074,1.1850929260253906,-0.7327048778533936,-0.33471614122390747,0.2042936235666275,1.0483896732330322,0.649807870388031,0.8034321665763855,-0.19321174919605255,-0.23285920917987823,-0.5685636401176453,0.08378012478351593,-0.30146047472953796,-0.07413827627897263,-1.080328106880188,0.3743792474269867,0.17927813529968262,-0.7590922117233276,-0.5584253072738647,0.2565177083015442,-2.3221373558044434,0.1979062408208847,0.14557160437107086,0.12769809365272522,0.4026728868484497,0.8434433341026306,0.8407782912254333,0.27879798412323,-0.7583766579627991,-0.0677315816283226,-1.374345302581787
series_52,0.44666606187820435,0.11188267171382904,0.23109620809555054,0.18360917270183563,-0.18938803672790527,-0.04139731079339981,1.3390066623687744,-0.25275254249572754,0.44543135166168213,0.31542178988456726,-0.04139397665858269,-0.10236704349517822,-0.17511269450187683,-0.31461307406425476,1.5834990739822388,-0.3018244802951813,-0.19348666071891785,0.44565287232398987,-0.007684711366891861,0.002679450437426567,0.8873587846755981,-0.2666403651237488,-0.5680751800537109,1.2236958742141724,-0.4089682996273041,-0.044155362993478775,0.19965104758739471,0.2313242256641388,-0.36881163716316223,0.2769692838191986,0.35465338826179504,0.6174634099006653,-0.35636526346206665,-1.475900411605835,0.6289449334144592,-0.5699191093444824,-0.037054963409900665,-0.30947065353393555,1.4635940790176392,0.25953400135040283,0.7889029383659363,-0.4052814245223999,-0.37660712003707886,-0.4680017828941345,0.6316538453102112,-0.9524103999137878,-0.5210548043251038,-1.1297441720962524,0.5897992253303528,0.5864405035972595,-0.9734463691711426,-0.07191343605518341,0.19693884253501892,-2.230198860168457,-0.09747155755758286,0.3713914453983307,-0.032380130141973495,0.36990585923194885,0.4576396048069,0.5862233638763428,0.7115418910980225,-0.7242524027824402,-0.17893987894058228,-1.091113805770874
series_53,0.25657474994659424,0.11663992702960968,0.3555487394332886,0.0130696389824152,-0.13078077137470245,-0.15120536088943481,1.688337802886963,-0.23172807693481445,0.3495662212371826,0.2634100615978241,0.046497661620378494,0.13412079215049744,0.09744567424058914,-0.3811686635017395,1.1588162183761597,-0.34649166464805603,-0.008173400536179543,0.2933604419231415,-0.05749977007508278,-0.07803763449192047,0.6671178340911865,-0.4389110803604126,-0.7427190542221069,1.2558201551437378,-0.4177089333534241,0.04004829749464989,0.03435678035020828,-0.01696261577308178,-0.5319159626960754,0.3185153305530548,0.38595959544181824,0.6609418392181396,-0.2861320674419403,-1.4741424322128296,1.035706877708435,-0.7085096836090088,-0.14534145593643188,0.04604475572705269,1.1304385662078857,0.5110628008842468,0.9255583882331848,-0.37751251459121704,-0.319916307926178,-0.5447646379470825,0.22463130950927734,-0.6103662252426147,-0.2195543646812439,-1.1880155801773071,0.37532341480255127,0.2957169711589813,-0.9592872262001038,-0.33144596219062805,0.3364412784576416,-2.3317887783050537,-0.01625247113406658,0.237698495388031,0.050982002168893814,0.41349536180496216,0.7482011318206787,0.8009838461875916,0.4812709093093872,-0.6882811188697815,-0.19386087357997894,-1.327345371246338
series_54,0.1710456758737564,0.17404189705848694,0.299383282661438,-0.06403063982725143,-0.1630248725414276,-0.19975945353507996,1.7225874662399292,-0.321120023727417,0.23594585061073303,0.22930428385734558,0.02866469882428646,0.1694883108139038,0.21759913861751556,-0.3066977262496948,1.102423071861267,-0.4002022445201874,-0.006808483973145485,0.2634676396846771,-0.05302685871720314,-0.13295330107212067,0.6721983551979065,-0.47471749782562256,-0.8746296167373657,1.3024495840072632,-0.3789341151714325,0.12341375648975372,0.013957924209535122,-0.0871744155883789,-0.618107259273529,0.3901826739311218,0.3299718201160431,0.6410115361213684,-0.34988921880722046,-1.42185640335083,1.0069549083709717,-0.7078614234924316,-0.21926692128181458,0.12251178175210953,1.1230542659759521,0.4781773090362549,0.9331740736961365,-0.31951653957366943,-0.2829812169075012,-0.5550422072410583,0.24090516567230225,-0.6005429029464722,-0.145860493183136,-1.1491053104400635,0.39381954073905945,0.281936377286911,-0.8857208490371704,-0.4846450984477997,0.30246788263320923,-2.339509963989258,0.11457130312919617,0.20261093974113464,0.04291820898652077,0.4552828371524811,0.7623202204704285,0.8362764120101929,0.41019898653030396,-0.7091763019561768,-0.10907091200351715,-1.3384425640106201
series_55,-0.3911360800266266,0.4286051392555237,0.2140551060438156,-0.12625941634178162,-0.5643643736839294,-0.7123369574546814,1.1749236583709717,-0.8116614818572998,0.2673124372959137,-0.13821615278720856,-0.0502350740134716,0.6110184788703918,1.2602002620697021,-0.013852806761860847,1.2114300727844238,-0.6378216743469238,-0.22998923063278198,-0.22912389039993286,-0.22119879722595215,-0.0005251934053376317,1.168030858039856,-0.9226204752922058,-0.8510982394218445,0.4772546887397766,0.028261031955480576,-0.269637793302536,0.11116937547922134,-0.5092359781265259,-0.9565098881721497,0.6168837547302246,0.4695265591144562,-0.04569019377231598,0.08175332844257355,-1.4510606527328491,0.9860977530479431,-0.7562435269355774,-0.0859977975487709,-0.5347391963005066,0.996193528175354,1.2818371057510376,1.1047159433364868,0.2090655118227005,0.766740620136261,-0.7730234265327454,-0.024313239380717278,-0.45563724637031555,-0.055969350039958954,-0.7933533787727356,0.6879789233207703,0.23850210011005402,-0.37194281816482544,-0.7676551938056946,0.3214583992958069,-2.3045263290405273,0.27582016587257385,0.02831418439745903,0.14448480308055878,0.31030237674713135,1.1425577402114868,0.18561112880706787,0.05986308306455612,-0.8191476464271545,-0.3854401409626007,-1.0542593002319336
series_56,0.4416486620903015,0.09224744886159897,0.34533339738845825,0.11473609507083893,-0.1618969440460205,-0.11904454231262207,1.6112240552902222,-0.303188294172287,0.4265618920326233,0.3056396245956421,0.04633112624287605,0.01836475543677807,0.06025869399309158,-0.2876194715499878,1.3623133897781372,-0.34781286120414734,-0.0588085874915123,0.38846641778945923,-0.07058238983154297,-0.15335319936275482,0.7174398303031921,-0.3239330053329468,-0.7491900324821472,1.3220778703689575,-0.3568657338619232,0.0571444146335125,0.0246602650731802,0.08737754821777344,-0.5230451226234436,0.32886096835136414,0.3197396695613861,0.7316278219223022,-0.3648233115673065,-1.4835753440856934,0.8397524952888489,-0.6507894992828369,-0.09851900488138199,-0.10460691899061203,1.27150297164917,0.3408052623271942,0.9509994387626648,-0.44223272800445557,-0.3566623330116272,-0.5612161755561829,0.3997620642185211,-0.7879265546798706,-0.31356704235076904,-1.2483839988708496,0.4630800783634186,0.4882718622684479,-0.9688066244125366,-0.29994961619377136,0.20195543766021729,-2.392789840698242,-0.06884491443634033,0.3686785399913788,-0.016428139060735703,0.3727436065673828,0.6328374743461609,0.7508293986320496,0.5633956789970398,-0.8214401006698608,-0.20336858928203583,-1.250003457069397
series_57,0.05936266854405403,0.10830940306186676,0.2578936517238617,-0.10056524723768234,-0.17491400241851807,-0.2936876714229584,1.6473194360733032,-0.30255189538002014,0.1614098697900772,0.1695815473794937,0.09060754626989365,0.12126804143190384,0.2964276075363159,-0.3768271803855896,1.050233006477356,-0.42827871441841125,-0.05582138150930405,0.28465932607650757,-0.0631071925163269,-0.09974528849124908,0.6876669526100159,-0.49073269963264465,-0.8964356184005737,1.134412407875061,-0.31286048889160156,0.06364515423774719,0.01577056013047695,-0.07307544350624084,-0.6097630262374878,0.44473135471343994,0.33824241161346436,0.6571832299232483,-0.2814203202724457,-1.431753158569336,0.9617401957511902,-0.7475941181182861,-0.28617867827415466,0.15158966183662415,1.0888020992279053,0.5661897659301758,0.9312071204185486,-0.290713906288147,-0.2599497437477112,-0.5136054158210754,0.19702282547950745,-0.4139692187309265,-0.10519134253263474,-1.0686140060424805,0.42299318313598633,0.24133317172527313,-0.7892681360244751,-0.5199917554855347,0.31151676177978516,-2.3825955390930176,0.13632875680923462,0.15218277275562286,0.06540051847696304,0.4250507056713104,0.7662891745567322,0.780436635017395,0.3548000156879425,-0.775989830493927,-0.0875774398446083,-1.339336633682251
series_58,0.32119545340538025,-0.1571931391954422,-0.23554538190364838,-0.26354074478149414,-0.8121682405471802,-0.2525480389595032,0.9235680103302002,-0.20830199122428894,0.3801642656326294,0.23022262752056122,-0.49465689063072205,-0.19121186435222626,0.25749218463897705,-0.39089101552963257,1.2087112665176392,-0.5720767974853516,-0.5822344422340393,0.5194281935691833,0.3214682936668396,0.28431662917137146,0.765489935874939,-0.7005910873413086,-0.49709153175354004,0.8870041370391846,0.3713224232196808,0.09894125163555145,-0.12013094872236252,-0.323803186416626,0.3911133110523224,0.502637505531311,0.15620963275432587,0.3663847744464874,-0.1548050493001938,-0.9048615097999573,0.2203001081943512,-0.5181479454040527,-0.010439401492476463,-0.2080254852771759,1.235316276550293,-0.1264026015996933,0.7129086852073669,-0.0021711348090320826,-0.16875191032886505,-0.16763469576835632,0.3467957675457001,-0.2759622037410736,-0.23277097940444946,-0.1745733916759491,0.5667443871498108,0.4274044632911682,-0.7806228995323181,-0.2450796216726303,-0.15892493724822998,-1.9848517179489136,0.6437417268753052,0.4572385847568512,0.1874922215938568,-0.002783008385449648,0.12818558514118195,0.16198252141475677,0.1289479285478592,-0.8339963555335999,-0.21477243304252625,-0.6045033931732178
series_59,-0.451289564371109,0.2396957278251648,0.024459661915898323,-0.2901867926120758,-0.11945759505033493,-0.46689626574516296,1.7661411762237549,-0.07315392047166824,0.36873891949653625,0.34248507022857666,-0.05976567789912224,0.5069612860679626,0.36090704798698425,-0.09487474709749222,0.6520593762397766,-0.512337327003479,0.057788051664829254,0.13474364578723907,0.12135988473892212,0.2511442005634308,0.5719865560531616,-1.1110938787460327,-0.7927576899528503,0.8173340559005737,-0.2568061351776123,0.023002710193395615,-0.19027048349380493,-0.29096895456314087,-0.8079757690429688,0.3875494599342346,0.44228264689445496,0.31893303990364075,-0.09798102080821991,-1.240698218345642,1.400085687637329,-0.8172473907470703,-0.32559341192245483,0.2303277552127838,1.057860255241394,0.6971392035484314,0.4174814522266388,0.12976062297821045,-0.30552375316619873,-0.4982362687587738,-0.16804051399230957,-0.06328485906124115,-0.05243741720914841,-0.6830135583877563,0.5192379355430603,0.006358577404171228,-0.6979819536209106,-0.4397013485431671,0.3769546151161194,-1.9878110885620117,0.38740870356559753,0.0005334954475983977,0.14967691898345947,0.3611741065979004,0.9505382776260376,0.902320384979248,0.2635054886341095,-0.6062484383583069,0.026340369135141373,-1.3034172058105469
series_60,0.7739512324333191,0.08597265183925629,0.3825608491897583,0.14396554231643677,-0.19852857291698456,-0.00032865972025319934,1.3457038402557373,-0.6070675849914551,0.48720821738243103,0.24659620225429535,0.057124797254800797,-0.060361240059137344,-0.05723313242197037,-0.344649076461792,1.6024097204208374,-0.25576329231262207,-0.3935905694961548,0.45085832476615906,-0.17778319120407104,-0.22230882942676544,0.7343944907188416,-0.0047172666527330875,-0.6982468366622925,1.3764318227767944,-0.3247666656970978,-0.009833249263465405,0.1201416626572609,0.12743759155273438,-0.3938533663749695,0.31409674882888794,0.3010236918926239,0.7315363883972168,-0.44820910692214966,-1.4826358556747437,0.7314751744270325,-0.5647941827774048,-0.0540737584233284,-0.09206856042146683,1.2234108448028564,0.2804248332977295,1.122602939605713,-0.6226835250854492,-0.3025241494178772,-0.6817242503166199,0.4305664598941803,-0.9683389067649841,-0.21277815103530884,-1.4054410457611084,0.40589410066604614,0.5951665043830872,-1.04518723487854,-0.239018514752388,0.032065119594335556,-2.3464529514312744,-0.19513557851314545,0.5185500979423523,-0.0021931184455752373,0.21754693984985352,0.3523995578289032,0.4940750300884247,0.5913686752319336,-0.8195686936378479,-0.230917826294899,-1.19209623336792
series_61,0.04563744738698006,0.10786519944667816,0.2695940434932709,-0.11033834517002106,-0.18683455884456635,-0.30338263511657715,1.6319870948791504,-0.24509744346141815,0.22849199175834656,0.20672981441020966,0.051175687462091446,0.16197632253170013,0.30397045612335205,-0.3598882853984833,0.9913651347160339,-0.41209545731544495,-0.08303213864564896,0.2860987186431885,-0.04963362589478493,-0.06486858427524567,0.6235634684562683,-0.5409238338470459,-0.8522237539291382,1.093903660774231,-0.3021238148212433,0.03247937187552452,0.008864334784448147,-0.14330199360847473,-0.5546560287475586,0.3757142424583435,0.3710360527038574,0.6137946248054504,-0.23679815232753754,-1.3575265407562256,1.0257641077041626,-0.7312473654747009,-0.2996584177017212,0.12476352602243423,1.0873675346374512,0.5458569526672363,0.8694614768028259,-0.28213080763816833,-0.2760818600654602,-0.5326954126358032,0.13153894245624542,-0.3600449860095978,-0.0967952087521553,-1.00941002368927,0.3504503071308136,0.23497043550014496,-0.8267598748207092,-0.46810489892959595,0.2379828542470932,-2.3311734199523926,0.17935289442539215,0.17509962618350983,0.11863679438829422,0.39246106147766113,0.732558012008667,0.7576524615287781,0.33273735642433167,-0.7458717226982117,-0.0701955035328865,-1.297924280166626
series_62,0.32196250557899475,0.11100386083126068,0.331146776676178,0.019204357638955116,-0.16321131587028503,-0.20237010717391968,1.5852830410003662,-0.35511016845703125,0.21271653473377228,0.16992397606372833,0.12900596857070923,0.013476436026394367,0.18909062445163727,-0.3980274796485901,1.195252776145935,-0.3399422764778137,-0.1274753212928772,0.36660125851631165,-0.13664549589157104,-0.18131287395954132,0.6691861152648926,-0.2500249743461609,-0.8418492674827576,1.2218225002288818,-0.3375774323940277,0.06504407525062561,0.028117438778281212,0.043756816536188126,-0.5850319862365723,0.3557879626750946,0.2962632179260254,0.7822374105453491,-0.31951823830604553,-1.4887944459915161,0.8578996062278748,-0.6994544863700867,-0.2454666644334793,0.08428099006414413,1.1524171829223633,0.46805500984191895,1.0132606029510498,-0.4600134491920471,-0.29519087076187134,-0.5722690224647522,0.3678680658340454,-0.6057935953140259,-0.1615341305732727,-1.2356756925582886,0.3858373761177063,0.35275450348854065,-0.866304874420166,-0.45274513959884644,0.18170660734176636,-2.4215123653411865,0.007940785959362984,0.2576950490474701,0.01622265949845314,0.3457007110118866,0.6416662931442261,0.7119826674461365,0.4072888195514679,-0.8295800089836121,-0.12686440348625183,-1.2992327213287354
series_63,0.36117488145828247,0.3705178201198578,0.2840093970298767,-0.011279014870524406,-0.5321102738380432,-0.22991956770420074,1.0975310802459717,-0.4984285533428192,0.3264405429363251,0.17544864118099213,-0.3202628493309021,-0.12280529737472534,0.19174011051654816,-0.1911308467388153,1.69133722782135,-0.24975159764289856,-0.3650420308113098,0.4926384389400482,-0.21842753887176514,0.02976633422076702,0.8203643560409546,-0.3677216172218323,-0.7805622816085815,1.0545862913131714,-0.18003647029399872,0.12369619309902191,0.14855541288852692,0.23072442412376404,-0.7328718900680542,0.32898327708244324,0.3387615978717804,0.6072239279747009,-0.45430198311805725,-1.3235892057418823,0.6151251196861267,-0.5049471855163574,-0.21288630366325378,-0.5953105092048645,1.6852672100067139,0.44716569781303406,0.7281225323677063,-0.22448940575122833,-0.08662635833024979,-0.7218946814537048,0.6770385503768921,-1.0284355878829956,-0.5808328986167908,-1.0632954835891724,0.7379024028778076,0.8628540635108948,-0.7594879269599915,-0.2086753398180008,-0.18652959167957306,-2.3610737323760986,0.23566925525665283,0.3723567724227905,-0.21810171008110046,0.27843260765075684,0.41106587648391724,0.4041275382041931,0.5002944469451904,-0.8451403975486755,-0.14332613348960876,-0.8828197121620178
series_64,0.873663604259491,0.6464027166366577,0.6558974981307983,0.1700676530599594,-0.39252185821533203,0.13867202401161194,0.8662943243980408,-0.2154848873615265,0.565818727016449,0.1644037365913391,-0.5618638396263123,0.04119793698191643,-0.7262723445892334,-0.7022830247879028,1.6212621927261353,0.1214849129319191,-0.7205888032913208,0.5450127720832825,-0.18939048051834106,0.32310059666633606,0.677315890789032,0.3823622465133667,-0.32575851678848267,1.1441150903701782,-0.1309339553117752,-0.29622477293014526,0.374135285615921,0.23771998286247253,-0.1199774369597435,0.19266849756240845,0.1521190106868744,0.6065152287483215,-0.5598322153091431,-1.5609431266784668,0.6848567128181458,-0.5816442966461182,0.004774802830070257,-0.16632255911827087,1.567068099975586,0.2711516320705414,0.6240121722221375,-0.6027600169181824,-0.5369952321052551,-0.5138266682624817,0.7520847916603088,-1.0495944023132324,-0.7118031978607178,-1.1854645013809204,0.4744432270526886,0.7061660885810852,-1.2134944200515747,0.33605194091796875,-0.33457282185554504,-2.1122562885284424,-0.13841158151626587,0.4337991178035736,-0.11571996659040451,0.07883086055517197,0.036970507353544235,0.14181482791900635,0.6584540605545044,-0.08613667637109756,-0.40932929515838623,-0.5879478454589844
series_65,0.575725257396698,0.15533243119716644,0.4616602063179016,0.08187045902013779,-0.15239909291267395,-0.005541488062590361,1.5629799365997314,-0.39455917477607727,0.4301443099975586,0.2835239768028259,-0.04688481613993645,0.07254347205162048,-0.0609147772192955,-0.4112090468406677,1.4077612161636353,-0.26362720131874084,-0.1648176610469818,0.38153204321861267,-0.1358831524848938,-0.14290152490139008,0.6686467528343201,-0.21130909025669098,-0.6829538941383362,1.4083939790725708,-0.4032275378704071,0.05692240223288536,0.06779622286558151,0.11162370443344116,-0.48754528164863586,0.2883605360984802,0.30711889266967773,0.7330252528190613,-0.4045493006706238,-1.5267382860183716,0.9399051666259766,-0.6191465258598328,-0.0975528135895729,-0.018556023016572,1.198563814163208,0.4107348918914795,1.0212666988372803,-0.5285661220550537,-0.3474530577659607,-0.606758177280426,0.35801175236701965,-0.9064033031463623,-0.27026045322418213,-1.3321739435195923,0.34550121426582336,0.48553961515426636,-1.0941879749298096,-0.23605118691921234,0.2090848684310913,-2.349419116973877,-0.1221347525715828,0.39662840962409973,-0.0069475723430514336,0.3382532596588135,0.5762264132499695,0.7038035988807678,0.5484256744384766,-0.6754531860351562,-0.24549050629138947,-1.2636945247650146
series_66,0.5681159496307373,-0.33305221796035767,-0.20706868171691895,-0.8920007944107056,0.13569951057434082,0.5043239593505859,1.2964165210723877,-0.30818209052085876,0.4350842237472534,-0.008468732237815857,-1.1347044706344604,1.299448013305664,0.33332550525665283,0.04100951552391052,1.0390206575393677,-0.9009035229682922,-0.0221495870500803,-0.12568119168281555,0.4833698868751526,-0.3032446801662445,1.1480462551116943,-0.5457284450531006,-0.005492529831826687,1.6737756729125977,-0.5013877749443054,0.0006259202491492033,0.12198308855295181,-0.3546997308731079,0.2924785912036896,0.69842529296875,-0.2808268964290619,-0.05281741917133331,-0.2721341550350189,-0.5240451097488403,0.7165715098381042,-0.788214921951294,-0.0035150707699358463,0.6472841501235962,0.6008668541908264,0.4879019260406494,0.9341097474098206,0.399710476398468,0.4518040716648102,-0.7294009923934937,-0.2832745313644409,-0.4332190454006195,0.050722576677799225,-0.3508659601211548,-0.06378738582134247,0.051561906933784485,-0.41313958168029785,-0.8554834127426147,0.29104912281036377,-1.1292259693145752,0.9192681312561035,0.7383794784545898,0.6832590699195862,0.6659756302833557,0.8098294138908386,0.6739519238471985,0.1033099815249443,0.130705326795578,-0.5179163217544556,-0.447336882352829
series_67,-0.2298850566148758,0.19652506709098816,0.21059997379779816,-0.21518360078334808,-0.13288480043411255,-0.4199675917625427,1.7526330947875977,-0.19056019186973572,0.24503278732299805,0.2555748224258423,0.04190092161297798,0.34263426065444946,0.4613431990146637,-0.21666072309017181,0.776333749294281,-0.4601046144962311,-4.4370011892169714e-05,0.20348384976387024,-0.046765927225351334,0.0035233329981565475,0.5697728991508484,-0.7838832139968872,-0.8847986459732056,0.9183876514434814,-0.2642523944377899,0.021362852305173874,-0.0990070030093193,-0.2292550802230835,-0.782616376876831,0.3963374197483063,0.3821814954280853,0.5163723230361938,-0.14214752614498138,-1.300524115562439,1.262285590171814,-0.763756275177002,-0.3677856922149658,0.22890520095825195,1.0425565242767334,0.6873466968536377,0.6485121250152588,-0.09308376163244247,-0.24609549343585968,-0.5419115424156189,-0.006342350039631128,-0.17135582864284515,-0.06205982714891434,-0.9501306414604187,0.41653913259506226,0.11128639429807663,-0.7175284028053284,-0.5469645857810974,0.27244365215301514,-2.2305641174316406,0.28056827187538147,0.0838480293750763,0.14870235323905945,0.38704216480255127,0.899146556854248,0.8533890843391418,0.25145283341407776,-0.7294573783874512,-0.01771298423409462,-1.3613300323486328
series_68,1.0192283391952515,0.5187257528305054,0.21118400990962982,-0.05972184240818024,-1.1398415565490723,-0.13639160990715027,0.5010000467300415,-1.1255117654800415,0.1710568368434906,0.027442798018455505,-0.23912300169467926,-0.390373557806015,0.5345790982246399,0.191468745470047,1.4753938913345337,-0.026581162586808205,-0.5965356826782227,0.053563907742500305,-0.21209001541137695,-0.20663781464099884,0.473558634519577,0.3496376872062683,-0.8229793310165405,1.2016767263412476,0.2972168028354645,0.29344817996025085,-0.2287560999393463,-0.37922143936157227,-0.23354823887348175,0.11590023338794708,-0.0683242678642273,0.9640832543373108,-0.09938652813434601,-1.0719728469848633,-0.5009481310844421,-0.11893567442893982,0.38774964213371277,-0.3455668091773987,1.1276904344558716,-0.0031108339317142963,1.2432793378829956,-0.5914511680603027,0.4174993634223938,-0.40709152817726135,1.1381869316101074,-1.2243901491165161,-0.28998422622680664,-0.8832641243934631,0.6930572986602783,0.6326939463615417,-0.6207480430603027,-0.4746914207935333,-0.5146462917327881,-1.6482442617416382,0.33002638816833496,0.19810469448566437,-0.5675167441368103,-0.5462340116500854,0.05983205512166023,-0.33453458547592163,-0.35613200068473816,-0.5013460516929626,-0.5936925411224365,-0.6029261350631714
series_69,0.7556622624397278,0.05650528892874718,0.2687932252883911,0.23097915947437286,-0.24204814434051514,-0.03201974928379059,1.2641873359680176,-0.3713953197002411,0.5761234760284424,0.2876319885253906,0.12126853317022324,-0.16424165666103363,-0.23279280960559845,-0.4626016914844513,1.6329325437545776,-0.19189821183681488,-0.39358410239219666,0.5214471220970154,-0.07826942205429077,-0.12575601041316986,0.7736968398094177,0.08193066716194153,-0.6185750961303711,1.2815552949905396,-0.2509606182575226,-0.07094353437423706,0.14975687861442566,0.19688257575035095,-0.1821562498807907,0.2635241150856018,0.3077351748943329,0.771995484828949,-0.40001675486564636,-1.4304643869400024,0.5215056538581848,-0.5975807905197144,-0.025511151179671288,-0.12694446742534637,1.3785971403121948,0.09747200459241867,0.976862907409668,-0.6218881607055664,-0.45428603887557983,-0.5418475270271301,0.6425718069076538,-0.8719738721847534,-0.43646562099456787,-1.3072450160980225,0.5409729480743408,0.6092470288276672,-1.0154364109039307,-0.13546140491962433,-0.07116028666496277,-2.308495044708252,-0.20229953527450562,0.4974125027656555,-0.023354794830083847,0.17099560797214508,0.23714576661586761,0.4046330451965332,0.7429173588752747,-0.7616642117500305,-0.28142377734184265,-0.997145414352417
series_70,0.2833230197429657,0.18730300664901733,0.16970646381378174,-0.15835778415203094,-0.42034846544265747,-0.07016020268201828,1.5887939929962158,-0.39921656250953674,0.30357974767684937,0.31939756870269775,-0.1774853765964508,0.18939109146595,0.09918230026960373,-0.3995261490345001,1.2280062437057495,-0.4141600728034973,-0.14302799105644226,0.3158572018146515,0.12896984815597534,-0.02020205743610859,0.7344176173210144,-0.487170547246933,-0.8319812417030334,1.5161442756652832,-0.2827751040458679,0.20737898349761963,0.13432055711746216,-0.2610178589820862,-0.17743943631649017,0.3398165702819824,0.29195576906204224,0.4836753308773041,-0.427770733833313,-1.2118055820465088,0.8389012217521667,-0.6147361993789673,-0.19443997740745544,0.09107851982116699,1.2136876583099365,0.2462243139743805,0.8672142624855042,-0.23427627980709076,-0.27775925397872925,-0.4114110767841339,0.4074391722679138,-0.6634665727615356,-0.2328895926475525,-1.0064375400543213,0.3731057643890381,0.31522294878959656,-1.049047827720642,-0.4896153509616852,0.1647525429725647,-2.2204363346099854,0.3759392201900482,0.3152240216732025,0.21962320804595947,0.4527192711830139,0.5864136219024658,0.6680123805999756,0.4481163024902344,-0.5403335690498352,-0.1653834879398346,-1.1215635538101196
series_71,0.6929121613502502,0.40114277601242065,-0.49635598063468933,0.16205504536628723,-0.7698726058006287,0.310217946767807,0.9432814717292786,0.1426289677619934,0.8393262624740601,0.9900917410850525,-0.6433750987052917,-0.33812370896339417,-1.0381580591201782,-0.7195476293563843,1.4800490140914917,-0.34449097514152527,-0.32770949602127075,1.0468240976333618,0.46472465991973877,0.1860019862651825,0.9899143576622009,-0.005058369133621454,0.3157883882522583,1.1426780223846436,-0.11462723463773727,-0.5127478837966919,0.4144922196865082,0.11252665519714355,0.5115217566490173,-0.44453394412994385,0.23795661330223083,0.5281939506530762,-0.244454026222229,-1.1390728950500488,-0.05330656096339226,-0.16909566521644592,0.29104459285736084,-0.4505446255207062,1.635453462600708,-0.8373839855194092,-0.08666299283504486,-0.5111302137374878,-0.2443757802248001,0.02986113540828228,1.3896108865737915,-0.6574488878250122,-1.36506986618042,-0.5464208126068115,1.0722510814666748,0.4614921510219574,-0.9584327340126038,0.19248394668102264,-0.6925603151321411,-1.6614513397216797,0.2813411056995392,0.48956432938575745,0.4143555462360382,-0.23665347695350647,-0.1079423576593399,-0.2532122731208801,0.9436724185943604,-0.36645087599754333,-0.2336159646511078,-0.3954598009586334
series_72,0.3059335947036743,-0.0916265919804573,0.05993698537349701,-0.019820062443614006,-0.2236613929271698,-0.061119794845581055,1.2522282600402832,-0.342743843793869,0.13487398624420166,0.14932413399219513,0.15887100994586945,-0.16499151289463043,-0.17398355901241302,-0.5890868902206421,1.374066948890686,-0.36582574248313904,-0.25907716155052185,0.335206001996994,0.07183557748794556,-0.031493742018938065,0.7960799932479858,-0.03856150060892105,-0.8439210057258606,1.329666256904602,-0.36364319920539856,0.15768784284591675,0.17528623342514038,0.14616772532463074,-0.14790292084217072,0.4551987051963806,0.21695992350578308,0.7611756324768066,-0.5022392272949219,-1.3273508548736572,0.39468127489089966,-0.6467593908309937,-0.22061100602149963,0.24581223726272583,1.2488926649093628,0.16156071424484253,1.049620509147644,-0.5179385542869568,-0.4756651520729065,-0.35016268491744995,0.6253944039344788,-0.6085002422332764,-0.24495267868041992,-0.9351035952568054,0.49891597032546997,0.3245924711227417,-0.8341295123100281,-0.4153483211994171,0.23047956824302673,-2.186706066131592,0.10219480097293854,0.2572682201862335,-0.031916018575429916,0.38385432958602905,0.319500207901001,0.5805929899215698,0.5789245367050171,-0.6110081672668457,-0.0929798111319542,-1.0726604461669922
series_73,0.29593247175216675,0.12624147534370422,0.36738646030426025,-0.015833018347620964,-0.16605398058891296,-0.16790521144866943,1.6352288722991943,-0.34709838032722473,0.2599409818649292,0.2293543964624405,0.05706857517361641,0.08768422901630402,0.18468384444713593,-0.43393540382385254,1.1594380140304565,-0.3402831256389618,-0.10158292204141617,0.35113993287086487,-0.13887494802474976,-0.14075346291065216,0.6308209300041199,-0.3277628421783447,-0.8237122893333435,1.2412365674972534,-0.3490588963031769,0.0735003799200058,0.01630519889295101,0.010039481334388256,-0.5789766311645508,0.3171977698802948,0.3011642098426819,0.7390080690383911,-0.3223130404949188,-1.4672092199325562,0.947338879108429,-0.68269944190979,-0.24153372645378113,0.08637379854917526,1.1217981576919556,0.5077921748161316,0.9689992666244507,-0.4345472455024719,-0.29191702604293823,-0.5693688988685608,0.29643499851226807,-0.6068730354309082,-0.1691870093345642,-1.2143025398254395,0.3437987267971039,0.3484538793563843,-0.9282966256141663,-0.4261789917945862,0.2017705738544464,-2.391544818878174,0.04393056407570839,0.26088055968284607,0.0469953753054142,0.36256498098373413,0.6804214119911194,0.7403788566589355,0.4118518531322479,-0.7590746283531189,-0.1498616635799408,-1.3026788234710693
series_74,0.5666359066963196,-0.2538643479347229,0.105741947889328,-0.06871618330478668,-0.5943806767463684,0.29911425709724426,1.3869373798370361,-0.5270136594772339,0.4858492314815521,0.41713589429855347,-0.28006136417388916,0.05015706643462181,0.22068315744400024,-0.4769853353500366,1.1790698766708374,-0.5885858535766602,-0.34411919116973877,0.337845116853714,-0.04210520163178444,-0.028904395177960396,0.7251548171043396,-0.337218314409256,-0.6852953433990479,1.3016446828842163,-0.04902471974492073,0.2768605351448059,0.11025392264127731,-0.22107088565826416,0.0634058490395546,0.246649831533432,0.11355024576187134,0.4010468125343323,-0.5305436253547668,-0.8537226915359497,0.8385956287384033,-0.3523697555065155,-0.18644371628761292,0.11692721396684647,1.0176668167114258,0.10331737250089645,0.7986424565315247,-0.18147312104701996,-0.07976783066987991,-0.4470042586326599,0.16127394139766693,-0.4774759113788605,-0.14606133103370667,-0.9159961342811584,0.11724948137998581,0.3494734466075897,-0.968491792678833,-0.4081823527812958,-0.24897846579551697,-2.0688693523406982,0.3742918074131012,0.8457571268081665,0.5417906641960144,0.2594332695007324,0.3770275115966797,0.49605435132980347,0.4678611159324646,-0.7747718095779419,-0.13585516810417175,-0.7190414667129517
series_75,-0.09145824611186981,0.16929584741592407,0.2535332441329956,-0.15071235597133636,-0.1141492947936058,-0.33284899592399597,1.7863314151763916,-0.20399050414562225,0.25335222482681274,0.2641943693161011,0.05932176485657692,0.2720988988876343,0.42378368973731995,-0.20353113114833832,0.8989824652671814,-0.46145811676979065,0.01680040918290615,0.18076954782009125,-0.05360556021332741,-0.0650792270898819,0.6270201802253723,-0.6894304752349854,-0.846825897693634,1.0383940935134888,-0.34544435143470764,0.030702847987413406,-0.05154088884592056,-0.18796107172966003,-0.7333728671073914,0.396230548620224,0.404108464717865,0.558440089225769,-0.18555159866809845,-1.340254306793213,1.2523890733718872,-0.7323261499404907,-0.30393847823143005,0.19935600459575653,1.052351713180542,0.659500241279602,0.7866083979606628,-0.1659594029188156,-0.23979897797107697,-0.5786659717559814,0.048006266355514526,-0.2858222723007202,-0.08210095018148422,-1.0631204843521118,0.40710145235061646,0.1419374644756317,-0.7591915726661682,-0.5372070074081421,0.2995521128177643,-2.27993106842041,0.17348290979862213,0.12631691992282867,0.13909202814102173,0.41160720586776733,0.8866753578186035,0.8870970010757446,0.3007980287075043,-0.7393458485603333,-0.0763171836733818,-1.406545639038086
series_76,0.4254201352596283,0.13731279969215393,0.3833380341529846,0.030268268659710884,-0.21307575702667236,-0.12904922664165497,1.5605109930038452,-0.3828265070915222,0.28510117530822754,0.24959339201450348,0.010869731195271015,0.04823105409741402,0.07783957570791245,-0.46344447135925293,1.2557382583618164,-0.3049311935901642,-0.12733221054077148,0.4186544120311737,-0.11231744289398193,-0.15191973745822906,0.6641058325767517,-0.27350667119026184,-0.7682448625564575,1.2926347255706787,-0.33565494418144226,0.08233384788036346,0.05734243243932724,0.0726839005947113,-0.5203573703765869,0.28767281770706177,0.2871754765510559,0.7293961644172668,-0.3635600805282593,-1.4963665008544922,0.892857015132904,-0.643925666809082,-0.19524231553077698,0.012962883338332176,1.159097671508789,0.4796857237815857,0.9993510842323303,-0.4977750778198242,-0.26119595766067505,-0.5765303373336792,0.3868297040462494,-0.7131922245025635,-0.2113373875617981,-1.259771704673767,0.3759729266166687,0.4179825484752655,-0.9841272830963135,-0.36879584193229675,0.1625763475894928,-2.4066824913024902,-0.01079016737639904,0.3249492943286896,0.04947275295853615,0.33749911189079285,0.6473900079727173,0.676803469657898,0.4448435604572296,-0.7886311411857605,-0.19902439415454865,-1.2649279832839966
series_77,0.0002212999970652163,0.13031208515167236,0.26787298917770386,-0.16185469925403595,-0.19085799157619476,-0.31352686882019043,1.6515346765518188,-0.2676437497138977,0.21061736345291138,0.1889842450618744,-0.003538156393915415,0.19386181235313416,0.38747894763946533,-0.29487305879592896,0.9810189604759216,-0.45191115140914917,-0.07780229300260544,0.2926575243473053,-0.06834542751312256,-0.05429806187748909,0.6180271506309509,-0.6143462657928467,-0.8685311675071716,1.0879414081573486,-0.29749029874801636,0.054590266197919846,-0.014598005451261997,-0.16254767775535583,-0.6265001893043518,0.41845470666885376,0.3746775984764099,0.581401526927948,-0.2445448786020279,-1.3355787992477417,1.1001002788543701,-0.7393755912780762,-0.3098655045032501,0.14503489434719086,1.0899101495742798,0.5673527717590332,0.8502823710441589,-0.21560616791248322,-0.26336926221847534,-0.5664533376693726,0.09209135174751282,-0.33837011456489563,-0.08191760629415512,-1.0091923475265503,0.37273862957954407,0.2320266216993332,-0.7753579616546631,-0.5211528539657593,0.24582824110984802,-2.3489317893981934,0.2247493416070938,0.1690189689397812,0.09648100286722183,0.4172425866127014,0.7619403600692749,0.8065409064292908,0.2866285443305969,-0.764371931552887,-0.06296855956315994,-1.3064961433410645
series_78,0.6188284754753113,0.09805312007665634,0.12134964764118195,-0.09750159084796906,-0.545688807964325,0.05700105428695679,1.1399744749069214,-0.45981162786483765,0.4805176854133606,0.24826602637767792,-0.5522927045822144,-0.0053705149330198765,-0.10559795051813126,-0.3347499966621399,1.5231050252914429,-0.43733474612236023,-0.472240149974823,0.5475977063179016,0.12286484241485596,0.03772483393549919,0.7927039265632629,-0.3589576780796051,-0.5532557964324951,1.5253604650497437,-0.16677974164485931,0.17785365879535675,0.1976531744003296,-0.11075298488140106,0.023334452882409096,0.40710917115211487,0.25048232078552246,0.47714123129844666,-0.5254991054534912,-1.1918988227844238,0.6255751252174377,-0.46054568886756897,-0.02004755102097988,-0.10463310033082962,1.4285520315170288,-0.11903763562440872,0.8672507405281067,-0.2625364065170288,-0.28902870416641235,-0.4709903597831726,0.4660657048225403,-0.9451591372489929,-0.38334301114082336,-0.9097018241882324,0.4157375693321228,0.6066145896911621,-1.0460149049758911,-0.20774030685424805,-0.08483469486236572,-2.1764421463012695,0.32647812366485596,0.590721607208252,0.2049347162246704,0.2797665297985077,0.18965426087379456,0.5083920359611511,0.4730689823627472,-0.5974790453910828,-0.16788163781166077,-0.7917696237564087
series_79,0.7161893248558044,0.13660618662834167,0.0912194550037384,0.07132162153720856,-0.2833608388900757,0.11513084173202515,1.0996718406677246,-0.3686787784099579,0.3561409115791321,0.3076115846633911,-0.17794330418109894,-0.20462387800216675,-0.5680406093597412,-0.5533649921417236,1.6353602409362793,-0.18792447447776794,-0.43739429116249084,0.5094552636146545,0.12943845987319946,-0.03349371626973152,0.773447573184967,0.08537263423204422,-0.3913939595222473,1.4562760591506958,-0.3166333734989166,-0.08502742648124695,0.2385789453983307,0.22189024090766907,0.052795179188251495,0.27096712589263916,0.21586200594902039,0.7835074067115784,-0.4597730040550232,-1.4902715682983398,0.3055415451526642,-0.5143710374832153,0.03420531004667282,0.05566166713833809,1.4050196409225464,-0.15226928889751434,0.9769889116287231,-0.7580457329750061,-0.5258735418319702,-0.3184608519077301,0.8300424814224243,-0.9780659079551697,-0.47280898690223694,-0.9836833477020264,0.5563353896141052,0.49942317605018616,-1.0526505708694458,-0.14480556547641754,0.10250908136367798,-2.0138120651245117,-0.011337900534272194,0.32225802540779114,-0.0639602467417717,0.15343990921974182,0.04391912743449211,0.3483390808105469,0.641571044921875,-0.42942020297050476,-0.2189352810382843,-0.990958571434021
series_80,0.7040165662765503,0.15513572096824646,0.33292150497436523,0.10042726993560791,-0.16034352779388428,-0.0181427001953125,1.193415880203247,-0.5144413709640503,0.3970946967601776,0.23384658992290497,0.050566691905260086,-0.105931356549263,-0.2669755518436432,-0.48420870304107666,1.6805976629257202,-0.1671169102191925,-0.4915999174118042,0.4285872280597687,-0.1411147117614746,-0.14362315833568573,0.759405791759491,0.14117027819156647,-0.7387678623199463,1.3777377605438232,-0.3606533706188202,0.002388355089351535,0.15956397354602814,0.2969900667667389,-0.35486721992492676,0.3400072753429413,0.22926947474479675,0.8271425366401672,-0.5323566198348999,-1.5026869773864746,0.5218369960784912,-0.5800164937973022,-0.15812891721725464,0.023094823583960533,1.335501790046692,0.2500712275505066,1.1305928230285645,-0.7127793431282043,-0.4581703543663025,-0.6141837239265442,0.668541669845581,-1.0032390356063843,-0.278473436832428,-1.2749947309494019,0.5157271027565002,0.6353103518486023,-1.0382717847824097,-0.19749681651592255,0.012055722065269947,-2.248828172683716,-0.17277225852012634,0.39563754200935364,-0.16414234042167664,0.19876648485660553,0.20782053470611572,0.4339384138584137,0.6313366889953613,-0.6090250015258789,-0.20049764215946198,-1.1202083826065063
series_81,-0.16095483303070068,0.01784377358853817,0.021723778918385506,-0.06223021075129509,-0.12093939632177353,-0.4873181879520416,1.4567750692367554,-0.05273270979523659,0.12006492912769318,0.06513291597366333,0.2004244476556778,0.0618155412375927,-0.07876499742269516,-0.5052868127822876,0.9136263728141785,-0.41915199160575867,0.07806053012609482,0.25812485814094543,0.15625542402267456,0.14316605031490326,0.6978866457939148,-0.6655207276344299,-0.7746074199676514,0.937611997127533,-0.3147082030773163,-0.10373885929584503,-0.005317652132362127,0.0520707406103611,-0.4780479669570923,0.45170858502388,0.4651041328907013,0.6394770741462708,-0.18619899451732635,-1.5951061248779297,0.6920974254608154,-0.8979250192642212,-0.19150492548942566,0.043479073792696,1.082512617111206,0.49387413263320923,0.8450016379356384,-0.320773184299469,-0.3920878767967224,-0.30461713671684265,0.09037734568119049,-0.23402999341487885,-0.10540392249822617,-0.6676710247993469,0.5373950600624084,0.13972662389278412,-0.7046022415161133,-0.2694702446460724,0.6709282398223877,-2.170628547668457,0.0931851714849472,-0.13032718002796173,-0.10195254534482956,0.4231509268283844,0.7011986970901489,0.6944288015365601,0.41380658745765686,-0.6715742945671082,0.00014656345592811704,-1.2996577024459839
series_82,0.41818249225616455,-0.06800474226474762,-0.13422748446464539,0.11616802215576172,-0.3530038595199585,-0.06626471877098083,1.3389610052108765,0.19489820301532745,0.6636598706245422,0.563724935054779,-0.2543417811393738,-0.019224049523472786,-0.46485424041748047,-0.36313962936401367,1.2835530042648315,-0.3837604224681854,0.07477841526269913,0.54054194688797,0.4088541567325592,0.2360084503889084,0.859903872013092,-0.6428931951522827,-0.2555997371673584,1.2623209953308105,-0.24494202435016632,-0.07320143282413483,0.07257921248674393,0.10889500379562378,0.18790848553180695,0.08255559206008911,0.4371090531349182,0.5417019724845886,-0.2517452836036682,-1.2787829637527466,0.4630696475505829,-0.5954330563545227,0.17030587792396545,-0.29630982875823975,1.4211633205413818,-0.16709782183170319,0.6828282475471497,-0.3639407157897949,-0.5092737078666687,-0.19218507409095764,0.5594840049743652,-0.5764591693878174,-0.6518957018852234,-0.6009194850921631,0.7051784992218018,0.3540610671043396,-0.9623461961746216,-0.034587252885103226,0.23542651534080505,-2.001354455947876,0.09219042956829071,0.19894856214523315,0.08632344752550125,0.33156198263168335,0.4928511083126068,0.5330987572669983,0.73824542760849,-0.5761757493019104,-0.3272264003753662,-0.8421795964241028
series_83,-0.16583620011806488,0.08383756130933762,0.2374274581670761,-0.15611867606639862,-0.26383456587791443,-0.28520986437797546,1.7271039485931396,-0.1682220697402954,0.40275847911834717,0.31363895535469055,-0.12025199085474014,0.2744861841201782,0.44044214487075806,-0.14207783341407776,0.8615980744361877,-0.532171905040741,0.05449647456407547,0.2629554271697998,-0.0022155677434056997,0.09746746718883514,0.5694916844367981,-0.9290614724159241,-0.7622308731079102,0.9933081269264221,-0.2943597137928009,0.10952611267566681,-0.12114120274782181,-0.3031338155269623,-0.6629499197006226,0.35177600383758545,0.4272177517414093,0.4466617703437805,-0.1549483686685562,-1.2267730236053467,1.3216216564178467,-0.7028895616531372,-0.25966373085975647,0.02428007684648037,1.1414811611175537,0.5674272179603577,0.6494606137275696,-0.043586961925029755,-0.23527725040912628,-0.5944129228591919,-0.04067978262901306,-0.26131173968315125,-0.12329962104558945,-0.8445197939872742,0.37795087695121765,0.14715351164340973,-0.7957106828689575,-0.46867454051971436,0.24357549846172333,-2.2603204250335693,0.3584893047809601,0.242862731218338,0.18501785397529602,0.4248548150062561,0.8700447082519531,0.8899304270744324,0.2728537619113922,-0.7661810517311096,-0.051787685602903366,-1.264655590057373
series_84,0.8027222752571106,-0.038796570152044296,0.20343856513500214,0.2353218048810959,-0.4758535623550415,0.23812872171401978,1.1680865287780762,-0.5030400156974792,0.7837627530097961,0.4618780314922333,-0.04623578116297722,-0.2673894166946411,-0.47212761640548706,-0.586125373840332,1.7098450660705566,-0.16746391355991364,-0.46222683787345886,0.4595588445663452,-0.051631394773721695,-0.03248732164502144,0.6607136726379395,0.017760680988430977,-0.390752375125885,1.2893447875976562,-0.27892735600471497,-0.08481481671333313,0.07421960681676865,0.21813443303108215,-0.1846609264612198,0.11057442426681519,0.34504827857017517,0.649475634098053,-0.5014947652816772,-1.4268999099731445,0.6208873987197876,-0.37351247668266296,0.14646893739700317,-0.1914004534482956,1.3337024450302124,0.06420271843671799,0.9228345155715942,-0.8197534084320068,-0.36653393507003784,-0.7550724148750305,0.6207805275917053,-1.0440623760223389,-0.4998570382595062,-1.2131229639053345,0.4809200167655945,0.604208767414093,-1.0902179479599,-0.04846518114209175,-0.13935694098472595,-2.084486961364746,-0.08950260281562805,0.7472541332244873,0.09538549929857254,0.06322946399450302,0.106559157371521,0.2550908923149109,0.7771021127700806,-0.7067897915840149,-0.22341807186603546,-1.0242769718170166
series_85,0.2464834302663803,0.1615970879793167,0.3989022970199585,0.032093461602926254,-0.31867867708206177,-0.1888445019721985,1.540062665939331,-0.34087708592414856,0.41478249430656433,0.19669784605503082,0.03255793824791908,0.13078786432743073,0.15651164948940277,-0.45149698853492737,1.1115888357162476,-0.28868669271469116,-0.2018069177865982,0.30477556586265564,-0.09701699018478394,-0.050996918231248856,0.6289238333702087,-0.3370078206062317,-0.7716859579086304,1.1617392301559448,-0.2657116651535034,-0.022596437484025955,0.06549250334501266,-0.259695827960968,-0.42810317873954773,0.29516109824180603,0.40322619676589966,0.6119706034660339,-0.23599688708782196,-1.433842658996582,1.0081231594085693,-0.6884576678276062,-0.1383333057165146,0.0008247102377936244,1.0967122316360474,0.4915737211704254,0.9396875500679016,-0.4103744626045227,-0.2171531468629837,-0.6076917052268982,0.16022886335849762,-0.592290461063385,-0.18812456727027893,-1.088610291481018,0.26923781633377075,0.270406037569046,-1.0385401248931885,-0.3049032688140869,0.11202657222747803,-2.3891279697418213,0.084012970328331,0.34613773226737976,0.18471473455429077,0.3157019019126892,0.640095591545105,0.5669382214546204,0.41018757224082947,-0.67735755443573,-0.14058536291122437,-1.236205816268921
series_86,0.48594069480895996,0.06983401626348495,0.36312007904052734,0.09476420283317566,-0.1451217532157898,-0.12126556038856506,1.5766972303390503,-0.4014260470867157,0.35649749636650085,0.269549161195755,0.09784805029630661,0.0035205904860049486,0.11445537954568863,-0.35078245401382446,1.3176730871200562,-0.3358415365219116,-0.13994917273521423,0.3890407383441925,-0.10889750719070435,-0.2177840620279312,0.6879062056541443,-0.21458983421325684,-0.7609699368476868,1.3085638284683228,-0.339972585439682,0.03164833411574364,0.02825135551393032,0.04953456297516823,-0.49123522639274597,0.3197951316833496,0.2935057580471039,0.7695275545120239,-0.34120380878448486,-1.5012140274047852,0.8104655146598816,-0.6352981328964233,-0.15096870064735413,-0.02626977302134037,1.1622329950332642,0.39542558789253235,1.0471529960632324,-0.516033947467804,-0.29931777715682983,-0.5897157788276672,0.34940168261528015,-0.73529052734375,-0.18867580592632294,-1.2795861959457397,0.3612082600593567,0.4554664194583893,-0.9666160345077515,-0.35805419087409973,0.15018945932388306,-2.3959407806396484,-0.07770860940217972,0.38029715418815613,0.06848946958780289,0.30941644310951233,0.5962365865707397,0.6887292265892029,0.4908348619937897,-0.8490615487098694,-0.17998485267162323,-1.2983174324035645
series_87,0.734747588634491,-0.22322043776512146,-0.41715186834335327,-0.038397688418626785,-0.323916494846344,0.15206782519817352,0.614171028137207,0.09638308733701706,0.6820234656333923,0.5970014333724976,-0.4878793954849243,-0.48571205139160156,-0.9043550491333008,-0.4903801679611206,1.676740050315857,-0.2669285833835602,-0.6171053051948547,0.8572119474411011,0.44839993119239807,0.2016277015209198,0.7949236035346985,0.015261226333677769,0.15928451716899872,0.9860499501228333,0.005620654672384262,-0.36943602561950684,0.0722673162817955,0.4562673568725586,0.4641153812408447,0.10030680894851685,0.020216794684529305,0.7962018251419067,-0.4036632180213928,-1.1129268407821655,-0.22122211754322052,-0.33492037653923035,0.29920655488967896,-0.20504717528820038,1.5327916145324707,-0.6674923896789551,0.6760535836219788,-0.6251130104064941,-0.7460112571716309,-0.18299761414527893,0.8535500764846802,-0.6991146802902222,-0.9956695437431335,-0.235221728682518,0.8958003520965576,0.6760345697402954,-0.7682609558105469,0.18091867864131927,-0.28055909276008606,-1.5983537435531616,0.11260844767093658,0.3833446800708771,-0.10444273799657822,-0.1283823400735855,-0.33736780285835266,0.046651460230350494,0.7988717555999756,-0.5257750153541565,-0.2382480800151825,-0.5206104516983032
series_88,0.5294421911239624,-0.22516578435897827,0.1652929037809372,-0.17200791835784912,-0.3584214448928833,0.0860760509967804,1.2595951557159424,-0.6306164860725403,0.4527421295642853,0.35144856572151184,-0.3594260811805725,0.04852953180670738,0.19340994954109192,-0.27042698860168457,1.4626158475875854,-0.5205755233764648,-0.3925444483757019,0.443250834941864,0.10812073945999146,-0.04303981736302376,0.6692469716072083,-0.4571962356567383,-0.6402937173843384,1.3696037530899048,-0.1980464905500412,0.1840476542711258,0.013626358471810818,-0.021914495155215263,-0.15808792412281036,0.49433550238609314,0.07569164037704468,0.449561208486557,-0.590864360332489,-1.1241931915283203,0.7462573051452637,-0.4757443964481354,-0.0988277867436409,-0.07262321561574936,1.1778408288955688,0.23455770313739777,1.0688294172286987,-0.29645606875419617,-0.21360786259174347,-0.5790387988090515,0.17451545596122742,-0.7363146543502808,-0.10127922147512436,-0.9366086721420288,0.29925715923309326,0.5796815156936646,-0.9525045156478882,-0.45940178632736206,0.05728846415877342,-2.1379036903381348,0.34696856141090393,0.6737876534461975,0.2855152487754822,0.3011327087879181,0.3282421827316284,0.6592015027999878,0.41680166125297546,-0.8681942224502563,-0.21827441453933716,-0.9648514986038208
series_89,0.11489878594875336,0.10555199533700943,0.3192220628261566,-0.11169792711734772,-0.1831008344888687,-0.23096081614494324,1.690577745437622,-0.3163486421108246,0.23329652845859528,0.22176793217658997,0.041317764669656754,0.15985187888145447,0.36911800503730774,-0.35404470562934875,1.0212570428848267,-0.4202387034893036,-0.07747858017683029,0.30232200026512146,-0.12296164035797119,-0.10698337852954865,0.6117262244224548,-0.49447131156921387,-0.8591940402984619,1.1360362768173218,-0.31253567337989807,0.07044947147369385,-0.012910270132124424,-0.11580955982208252,-0.6202523708343506,0.36020854115486145,0.33360913395881653,0.655189573764801,-0.2518020570278168,-1.3613996505737305,1.075930118560791,-0.7049654722213745,-0.2962490916252136,0.14370936155319214,1.0697810649871826,0.5735632181167603,0.8807427287101746,-0.28056424856185913,-0.2437935620546341,-0.5661516189575195,0.16019396483898163,-0.4116685688495636,-0.10742702335119247,-1.1253105401992798,0.3326266407966614,0.2514568269252777,-0.8381718397140503,-0.5216677188873291,0.20958545804023743,-2.3702149391174316,0.1639837920665741,0.22307805716991425,0.12793844938278198,0.3907080888748169,0.7645574808120728,0.7875128388404846,0.3232481777667999,-0.7816287875175476,-0.10449469834566116,-1.3195154666900635
series_90,0.1256992667913437,0.6417452096939087,-0.0774301141500473,-0.30601808428764343,-0.4725092649459839,-0.11979375779628754,1.4442096948623657,-0.06923458725214005,0.5224624276161194,0.6375851035118103,-0.7457745671272278,0.5505616068840027,-0.676540732383728,-0.5400909185409546,1.1518733501434326,-0.31518834829330444,0.0708291307091713,0.2711375951766968,0.6284809112548828,0.37640655040740967,0.8929443359375,-0.988444447517395,-0.37513571977615356,1.7509244680404663,-0.3243517577648163,-0.05060697719454765,0.2681736350059509,-0.33850494027137756,0.1541084349155426,0.11503112316131592,0.44227245450019836,0.15094494819641113,-0.4405885338783264,-1.3202803134918213,0.7184662222862244,-0.5837981104850769,0.18739306926727295,-0.00891096331179142,1.3501932621002197,-0.06428471952676773,0.4537762403488159,-0.34953773021698,-0.4005911946296692,-0.1609964817762375,0.5390152335166931,-0.7985982894897461,-0.5932954549789429,-0.5096595883369446,0.5827552080154419,0.290414035320282,-1.2581974267959595,-0.03604983165860176,0.4419848322868347,-1.723599910736084,0.5483776330947876,-0.017832208424806595,0.2397553026676178,0.5021596550941467,0.5660932660102844,0.516700804233551,0.6246156096458435,0.2115921527147293,-0.25826674699783325,-1.0265655517578125
series_91,-0.56572425365448,0.29280856251716614,-0.07672375440597534,-0.27702298760414124,-0.0780736580491066,-0.49230635166168213,1.7947325706481934,0.014941105619072914,0.4437105655670166,0.4108913540840149,-0.09473106265068054,0.5997585654258728,0.2692638039588928,-0.005746112670749426,0.5325906872749329,-0.5404087901115417,0.11815539747476578,0.09936881065368652,0.20163440704345703,0.3853394091129303,0.5747809410095215,-1.2519627809524536,-0.7310895919799805,0.7312369346618652,-0.25917714834213257,0.015064668841660023,-0.273206889629364,-0.29632726311683655,-0.8926857113838196,0.3316422700881958,0.4423385560512543,0.2419436126947403,-0.07355807721614838,-1.2737891674041748,1.4785335063934326,-0.8124939799308777,-0.2917936444282532,0.2447219341993332,1.0736359357833862,0.7034447193145752,0.25965580344200134,0.21527905762195587,-0.3461955785751343,-0.4844920337200165,-0.22135725617408752,-0.024128718301653862,-0.07450885325670242,-0.5707114338874817,0.5930408835411072,-0.06571407616138458,-0.6753888130187988,-0.3615477383136749,0.3878104090690613,-1.8413000106811523,0.3968832194805145,-0.04924461618065834,0.1506446748971939,0.3032644987106323,1.0020133256912231,0.9391029477119446,0.27451732754707336,-0.553873598575592,0.043263185769319534,-1.2742605209350586
series_92,0.33167991042137146,0.15663006901741028,0.3113224506378174,-0.01980133168399334,-0.2661580741405487,-0.11605657637119293,1.5487546920776367,-0.22705338895320892,0.30621570348739624,0.25898128747940063,-0.030438372865319252,0.07185229659080505,-0.013291916809976101,-0.5306430459022522,1.219321370124817,-0.29318878054618835,-0.1512385904788971,0.3946951627731323,-0.04157627001404762,-0.035026390105485916,0.6592068076133728,-0.3040638566017151,-0.7896441221237183,1.281574010848999,-0.33027249574661255,0.09021209180355072,0.10762359946966171,0.02725091762840748,-0.3887641131877899,0.2735339105129242,0.3133438527584076,0.6568436026573181,-0.3939071297645569,-1.3623063564300537,0.8702145218849182,-0.6751412153244019,-0.21221497654914856,0.06463370472192764,1.2211551666259766,0.37463855743408203,0.8502965569496155,-0.414526104927063,-0.38781267404556274,-0.5007245540618896,0.44136276841163635,-0.631334662437439,-0.31602832674980164,-1.1403084993362427,0.4092569649219513,0.369710236787796,-0.973697304725647,-0.32809898257255554,0.12699833512306213,-2.312465190887451,0.09839507192373276,0.2686396837234497,0.020765844732522964,0.38612523674964905,0.5713036060333252,0.6663938760757446,0.5054842233657837,-0.6258131265640259,-0.18350955843925476,-1.1138312816619873
series_93,-0.22778622806072235,0.11690277606248856,0.1046094000339508,-0.26798537373542786,-0.23766955733299255,-0.42178404331207275,1.6515040397644043,-0.19489872455596924,0.26065757870674133,0.26338663697242737,-0.027177507057785988,0.29016005992889404,0.41477975249290466,-0.2636077404022217,0.8088060021400452,-0.4777069687843323,-0.06835659593343735,0.2801550626754761,0.05300682410597801,0.07973597943782806,0.5564499497413635,-0.8499453067779541,-0.8775113224983215,0.9386628866195679,-0.19022469222545624,0.04715461656451225,-0.09624979645013809,-0.2787046432495117,-0.6032591462135315,0.4135735034942627,0.3750728666782379,0.4752214550971985,-0.17151297628879547,-1.2008845806121826,1.1032029390335083,-0.7931760549545288,-0.3402464985847473,0.15566971898078918,1.0898199081420898,0.531576931476593,0.6286681294441223,-0.0737195834517479,-0.2965014576911926,-0.4736524522304535,0.01092761941254139,-0.1391492635011673,-0.05168139189481735,-0.7407255172729492,0.4320727288722992,0.15402339398860931,-0.737063467502594,-0.5396206378936768,0.2442435324192047,-2.1990017890930176,0.42001357674598694,0.08978685736656189,0.129393070936203,0.3791402578353882,0.7692297697067261,0.7780695557594299,0.24559777975082397,-0.7377488017082214,0.02411660924553871,-1.241832971572876
series_94,0.15032349526882172,0.15738710761070251,0.3421022891998291,-0.06789600849151611,-0.1469481736421585,-0.22913183271884918,1.7533025741577148,-0.30906111001968384,0.23331454396247864,0.2420048713684082,0.03703697398304939,0.17621999979019165,0.3205193877220154,-0.29279622435569763,1.03936767578125,-0.4227595329284668,0.0053268130868673325,0.2945377230644226,-0.11308795213699341,-0.15107370913028717,0.628777801990509,-0.5101865530014038,-0.8640655875205994,1.2109371423721313,-0.36125534772872925,0.09671789407730103,-0.01433722022920847,-0.06820335984230042,-0.7017709016799927,0.34912899136543274,0.33492374420166016,0.6637766361236572,-0.2890157103538513,-1.4217814207077026,1.0973902940750122,-0.69083172082901,-0.2709219455718994,0.11744300276041031,1.0969529151916504,0.5590106844902039,0.9007759690284729,-0.3111233115196228,-0.2544618248939514,-0.5845270752906799,0.19945082068443298,-0.5039421319961548,-0.13086262345314026,-1.195091724395752,0.36324000358581543,0.2713938057422638,-0.8462660312652588,-0.5184979438781738,0.2589525282382965,-2.384678602218628,0.10450063645839691,0.20511850714683533,0.07737866789102554,0.42726269364356995,0.8163838386535645,0.8550918698310852,0.3559449017047882,-0.7899284958839417,-0.11359845101833344,-1.364248514175415
series_95,0.15649016201496124,0.2577644884586334,-0.007342381868511438,0.1352376490831375,-0.5704507827758789,-0.33653879165649414,0.9405757784843445,-0.04487559571862221,0.5293022394180298,0.3557528853416443,-0.304803729057312,-0.19082601368427277,-0.19645942747592926,-0.3826481103897095,1.697584867477417,-0.2899913787841797,-0.24903179705142975,0.38611581921577454,0.19701504707336426,0.31016066670417786,0.8943448066711426,-0.5930334329605103,-0.4731754958629608,0.9386731386184692,-0.16488300263881683,-0.03011486306786537,0.19256149232387543,0.28702330589294434,-0.26990047097206116,0.2930383086204529,0.5245310068130493,0.22272227704524994,-0.3793092668056488,-1.2904026508331299,0.4690602123737335,-0.4745618402957916,-0.019270246848464012,-0.6820821762084961,1.624640703201294,0.2651948928833008,0.5447496175765991,-0.21192970871925354,-0.3269932270050049,-0.5350058674812317,0.7912653088569641,-0.8699020147323608,-0.8041521906852722,-0.7001447677612305,0.830478847026825,0.7097060084342957,-0.8002793788909912,0.11254946887493134,0.01223329920321703,-2.042776107788086,0.1873410940170288,0.3814238905906677,-0.015397931449115276,0.37521976232528687,0.38882988691329956,0.34221386909484863,0.6967973709106445,-0.6252866387367249,-0.21848660707473755,-0.7683965563774109
series_96,0.2865672707557678,0.030881313607096672,0.1490371972322464,-0.1868235021829605,-0.5572357177734375,-0.20325696468353271,1.1120436191558838,-0.7553300261497498,0.2081826776266098,0.06408990919589996,0.0026956102810800076,-0.10803750157356262,0.5534564256668091,-0.31105509400367737,1.6380351781845093,-0.4162225127220154,-0.5875245928764343,0.3967949450016022,-0.018358949571847916,-0.07578606903553009,0.8134351372718811,-0.28197112679481506,-0.8963786363601685,1.1144310235977173,-0.07890185713768005,-0.05760880187153816,0.12221161276102066,-0.16278409957885742,-0.29220011830329895,0.5355228781700134,0.2975054085254669,0.6238595843315125,-0.3546111285686493,-1.3318971395492554,0.4557134211063385,-0.6237797737121582,-0.12223643809556961,-0.14273858070373535,1.2075207233428955,0.40282613039016724,1.2051879167556763,-0.4009981155395508,-0.16924770176410675,-0.5411922931671143,0.48752912878990173,-0.5883191823959351,-0.1881597936153412,-1.0242608785629272,0.5111596584320068,0.4917002022266388,-0.6675015687942505,-0.6797038316726685,0.01592559739947319,-2.398806095123291,0.35419175028800964,0.32668033242225647,0.0456911064684391,0.17813098430633545,0.3041325807571411,0.2746580243110657,0.2538338601589203,-0.8490530848503113,-0.23526816070079803,-1.1086044311523438
series_97,0.6068686842918396,0.08238232880830765,0.3620155155658722,0.10934539884328842,-0.18625468015670776,-0.04456305503845215,1.446473240852356,-0.42474207282066345,0.40141355991363525,0.25617390871047974,0.0523102767765522,-0.04938167706131935,-0.08423727005720139,-0.45586979389190674,1.4475229978561401,-0.2657833397388458,-0.25609728693962097,0.4156204164028168,-0.11325877904891968,-0.1472361534833908,0.6889036297798157,-0.10370690375566483,-0.694841206073761,1.3533834218978882,-0.3362792432308197,0.02863996848464012,0.06751055270433426,0.14155937731266022,-0.3994888663291931,0.30553948879241943,0.2834427058696747,0.7865126132965088,-0.40845078229904175,-1.5232597589492798,0.749998927116394,-0.6199172735214233,-0.109486885368824,-0.027005860581994057,1.2228996753692627,0.3263540267944336,1.0761730670928955,-0.5896379947662354,-0.36893731355667114,-0.5875887274742126,0.4265064001083374,-0.8587584495544434,-0.2561505138874054,-1.271518349647522,0.38816043734550476,0.5107827186584473,-1.0410312414169312,-0.24780096113681793,0.13404250144958496,-2.3558387756347656,-0.12212050706148148,0.4056794345378876,-0.018391426652669907,0.2663545608520508,0.44958704710006714,0.6025807857513428,0.562333345413208,-0.761010468006134,-0.21160542964935303,-1.218562364578247
series_98,0.2223084568977356,-0.024724388495087624,-0.9753334522247314,-0.5085914731025696,-0.7063814997673035,-0.04873096942901611,0.9266952872276306,-0.7472134828567505,-0.08999493718147278,0.12381519377231598,-0.045151662081480026,-0.29151514172554016,-0.3152993321418762,-0.7638943195343018,1.5305006504058838,-0.3788576126098633,-0.5148105621337891,0.10066623985767365,0.6134616732597351,0.06903134286403656,1.1025986671447754,-0.2365145981311798,-0.6678922772407532,1.5614157915115356,0.22946636378765106,0.18583257496356964,0.11103761941194534,-0.10804426670074463,0.504497766494751,0.7315031290054321,0.12695303559303284,0.5819565653800964,-0.46176302433013916,-1.052191972732544,-0.33348679542541504,-0.5853476524353027,0.14172053337097168,0.5334863066673279,1.1460330486297607,-0.5068812966346741,1.0731443166732788,-0.34453701972961426,-0.16242237389087677,0.00044310689554549754,0.8125247955322266,-0.6464066505432129,-0.33755847811698914,-0.343512624502182,0.9064272046089172,0.16390134394168854,-0.6506562829017639,-0.7181837558746338,0.37067705392837524,-1.5697298049926758,0.7474493384361267,0.13085150718688965,0.19055941700935364,0.1936940848827362,-0.15403251349925995,0.10097844898700714,0.6116859316825867,-0.44130656123161316,-0.011630927212536335,-0.8901689052581787
series_99,0.15632648766040802,0.10883454978466034,0.3233111798763275,-0.03774258866906166,-0.1419469714164734,-0.2506626546382904,1.6601247787475586,-0.3148966133594513,0.210297629237175,0.18230308592319489,0.15069933235645294,0.09425360709428787,0.32653751969337463,-0.340211421251297,1.0922785997390747,-0.39610806107521057,-0.09883498400449753,0.2685214877128601,-0.13803410530090332,-0.16512466967105865,0.6700282692909241,-0.37069815397262573,-0.8603856563568115,1.1294190883636475,-0.33626487851142883,0.013907444663345814,0.01813005469739437,-0.07001370191574097,-0.6176124811172485,0.3820987045764923,0.3513409495353699,0.7114173173904419,-0.24100659787654877,-1.4348106384277344,1.0054113864898682,-0.7076511383056641,-0.2812082767486572,0.14105625450611115,1.0768043994903564,0.572544515132904,0.9666940569877625,-0.35793858766555786,-0.25487393140792847,-0.5705252289772034,0.21718990802764893,-0.4495154619216919,-0.10962318629026413,-1.1906441450119019,0.3613349497318268,0.25004348158836365,-0.8147754669189453,-0.4997108280658722,0.2230583131313324,-2.395695209503174,0.04557901993393898,0.21787254512310028,0.09696847945451736,0.36891061067581177,0.7320557236671448,0.7496381402015686,0.3616352379322052,-0.8023615479469299,-0.10640173405408859,-1.3691831827163696
series_100,1.3557347059249878,0.6343782544136047,-0.30464115738868713,-0.391954630613327,-0.4336807429790497,0.40863776206970215,0.9366459846496582,-0.5695360898971558,0.5964321494102478,0.8144582509994507,-0.850145697593689,0.12092941999435425,-1.3946870565414429,-0.5897157192230225,1.6029185056686401,-0.1023188903927803,-0.977360725402832,0.3943466544151306,0.5903674960136414,0.08890129625797272,0.7981993556022644,0.3834686875343323,0.01007250789552927,1.5433170795440674,0.2135448306798935,-0.32059624791145325,0.716021716594696,-0.22675615549087524,0.9460881948471069,0.017403481528162956,0.13911396265029907,0.4765462577342987,-0.5256599187850952,-0.6924685835838318,0.3403974771499634,-0.11268168687820435,0.2520495653152466,0.22892653942108154,1.5553381443023682,-0.6803876161575317,-0.11567482352256775,-0.7911362648010254,-0.5846021175384521,-0.13296380639076233,0.9774247407913208,-0.925246000289917,-0.9483528733253479,-0.7338797450065613,0.7669699788093567,0.7192121744155884,-1.4880729913711548,0.2675881087779999,-0.6726099848747253,-1.2905396223068237,0.25837844610214233,0.3698619306087494,0.16141006350517273,0.04005179554224014,-0.4687230587005615,-0.09714317321777344,0.8589459657669067,0.009895739145576954,-0.35307028889656067,-0.5115799307823181
series_101,0.8379818797111511,0.20756353437900543,0.35203519463539124,0.19478116929531097,-0.17522788047790527,0.006853893864899874,1.2891275882720947,-0.6334143280982971,0.5730950832366943,0.26774799823760986,0.13704116642475128,-0.05619135871529579,-0.11238857358694077,-0.3525450527667999,1.7712782621383667,-0.14478032290935516,-0.533370852470398,0.428323894739151,-0.26220035552978516,-0.22870571911334991,0.8205070495605469,0.1416100561618805,-0.6762640476226807,1.3469992876052856,-0.347341388463974,-0.15477220714092255,0.15572434663772583,0.16545908153057098,-0.3948798179626465,0.2491978406906128,0.31553587317466736,0.8243529200553894,-0.4075743556022644,-1.564453125,0.6134029030799866,-0.5918826460838318,-0.034949325025081635,-0.11902040988206863,1.3291761875152588,0.22953422367572784,1.1410443782806396,-0.6894684433937073,-0.32211679220199585,-0.6579066514968872,0.5979666113853455,-1.1027438640594482,-0.3127359449863434,-1.4672889709472656,0.504989504814148,0.6522330641746521,-1.0861914157867432,-0.18065336346626282,-0.04253632202744484,-2.3178327083587646,-0.2680070102214813,0.45845827460289,-0.08883007615804672,0.10576809197664261,0.23962785303592682,0.33098649978637695,0.6887587308883667,-0.7024874091148376,-0.23495882749557495,-1.1891170740127563
series_102,0.5925329923629761,0.035236287862062454,-0.21354949474334717,0.19488699734210968,-0.5345697402954102,-0.17934216558933258,0.835394561290741,0.18949933350086212,0.680334746837616,0.4665318429470062,-0.4374794363975525,-0.29406648874282837,-0.3181608319282532,-0.22201703488826752,1.5964456796646118,-0.38059237599372864,-0.3996032774448395,0.7572520971298218,0.24101364612579346,0.24614600837230682,1.0076358318328857,-0.3224552571773529,-0.1082126721739769,1.0274354219436646,0.034401100128889084,-0.38317039608955383,0.235258549451828,0.05224617198109627,0.5733882188796997,0.12017929553985596,0.44116008281707764,0.5104840993881226,-0.048678893595933914,-1.1107509136199951,0.15209487080574036,-0.47109225392341614,0.1947450041770935,-0.545580267906189,1.5928184986114502,-0.49420788884162903,0.5786741375923157,-0.28998398780822754,-0.44832319021224976,-0.12771986424922943,0.7066801190376282,-0.4277983009815216,-0.7933400273323059,-0.5007831454277039,0.7856972813606262,0.6005075573921204,-0.799370288848877,0.1887759417295456,-0.28338855504989624,-2.005952835083008,0.1271888017654419,0.3913966715335846,0.12113399058580399,0.04109295457601547,-0.040398966521024704,0.15550446510314941,0.6699622869491577,-0.6355612874031067,-0.3047882318496704,-0.4214102625846863
series_103,0.8780601024627686,-0.6567906737327576,-0.7284325361251831,-0.21997107565402985,-0.6081799864768982,0.18575769662857056,0.4337208569049835,-0.3405778110027313,0.6494110822677612,0.35637444257736206,-0.7361404895782471,-0.5651412606239319,0.0009270395967178047,-0.15486843883991241,1.4235206842422485,-0.6626708507537842,-1.0674599409103394,1.19676673412323,0.3861059844493866,-0.06518037617206573,0.9542519450187683,-0.19086727499961853,0.15940923988819122,0.5520023703575134,0.41542762517929077,0.07139109075069427,-0.50953209400177,-0.10854965448379517,0.7882292866706848,0.4191383123397827,-0.5783636569976807,0.5486365556716919,-0.1578310877084732,-0.503584086894989,-0.48684683442115784,-0.226760596036911,0.0028586327098309994,-0.010854819789528847,1.033176302909851,-0.9093327522277832,0.5248622298240662,-0.012540256604552269,0.008406749926507473,-0.12908269464969635,0.580075740814209,-0.15123166143894196,-0.03815903514623642,-0.24306221306324005,0.6717466115951538,0.47374123334884644,-0.415338933467865,-0.09037114679813385,-0.8819724321365356,-1.1082429885864258,0.6877171993255615,1.2882543802261353,0.6992672085762024,-0.865634024143219,-0.7933858633041382,-0.3061427175998688,0.24108657240867615,-1.202223539352417,-0.03777226060628891,0.09311958402395248
series_104,0.10196079313755035,0.06855515390634537,0.16435109078884125,-0.06668704003095627,-0.21158218383789062,-0.2757057845592499,1.699880838394165,-0.1206868514418602,0.3308236598968506,0.31645333766937256,-0.04220769926905632,0.13256525993347168,0.10201475769281387,-0.3568047285079956,1.036645531654358,-0.4135260581970215,0.1233690157532692,0.39941439032554626,0.10369735956192017,0.038905899971723557,0.6152685880661011,-0.7288533449172974,-0.7397260665893555,1.1632438898086548,-0.3091623783111572,0.10077416896820068,-0.0747879222035408,0.020518185570836067,-0.5432974696159363,0.3182520866394043,0.36113008856773376,0.6118918657302856,-0.29401516914367676,-1.418595314025879,0.9249222874641418,-0.7642969489097595,-0.15191549062728882,-0.06632070988416672,1.2245104312896729,0.40298521518707275,0.7464232444763184,-0.2759082317352295,-0.380293071269989,-0.4406037926673889,0.2524336278438568,-0.4765625298023224,-0.26598063111305237,-0.9303545951843262,0.5011978149414062,0.3199063837528229,-0.8644358515739441,-0.3890647888183594,0.38827094435691833,-2.2888851165771484,0.20190685987472534,0.140010267496109,-0.011278058402240276,0.44609835743904114,0.7859688997268677,0.8409144878387451,0.44645389914512634,-0.8102836012840271,-0.13407394289970398,-1.2248283624649048
series_105,0.3815649151802063,0.15817272663116455,0.43827593326568604,0.0252551082521677,-0.15699882805347443,-0.13428574800491333,1.6004579067230225,-0.4026097357273102,0.25269466638565063,0.2089000642299652,0.06542033702135086,0.06891556084156036,0.20270584523677826,-0.44202280044555664,1.2017191648483276,-0.3101857602596283,-0.1617467701435089,0.39629513025283813,-0.2338009476661682,-0.1744670420885086,0.6274374723434448,-0.21025872230529785,-0.8388684988021851,1.234431266784668,-0.3470667898654938,0.062209438532590866,0.026849692687392235,0.05922410264611244,-0.6370059847831726,0.2770918905735016,0.2622113525867462,0.7906463742256165,-0.3414633870124817,-1.4997715950012207,0.9413860440254211,-0.6562650203704834,-0.27148833870887756,0.0804181918501854,1.1366010904312134,0.5275056958198547,0.9896239638328552,-0.4857131242752075,-0.2796786427497864,-0.6123547554016113,0.3613024652004242,-0.665208101272583,-0.17865079641342163,-1.3175599575042725,0.31916171312332153,0.39336585998535156,-0.9326043725013733,-0.4218169152736664,0.1024041473865509,-2.4411439895629883,-0.003745121881365776,0.3010134994983673,0.032585714012384415,0.32586348056793213,0.6499571800231934,0.699073851108551,0.40667587518692017,-0.784419596195221,-0.1574275940656662,-1.2807549238204956
series_106,0.5656806826591492,-0.33383890986442566,-0.3335801959037781,-0.4183354079723358,-0.6895102858543396,0.12554967403411865,1.1743178367614746,-0.6556436419487,0.42321494221687317,0.3320454955101013,-0.500852644443512,0.01520469505339861,0.35801243782043457,-0.33640816807746887,1.6197885274887085,-0.6578205823898315,-0.6120522618293762,0.2417527586221695,0.29153168201446533,-0.0593196339905262,0.9858015179634094,-0.5453476905822754,-0.4990074038505554,1.2290914058685303,0.12235870957374573,-0.015665266662836075,-0.014331423677504063,-0.08150696754455566,0.2060568779706955,0.7396785020828247,0.05303854122757912,0.19826821982860565,-0.5174087882041931,-0.8935185074806213,0.5003640055656433,-0.5207180976867676,0.17549270391464233,0.13363923132419586,0.9444713592529297,0.13443441689014435,1.1112284660339355,-0.06333712488412857,0.1363682597875595,-0.462992787361145,0.2738991677761078,-0.4719795882701874,-0.05490141361951828,-0.711607813835144,0.6320125460624695,0.4313776195049286,-0.6839027404785156,-0.7098472118377686,0.021794434636831284,-1.8870959281921387,0.49101722240448,0.7121446132659912,0.42038071155548096,0.12604472041130066,0.260724276304245,0.2978552579879761,0.28530392050743103,-0.8206002116203308,-0.35009363293647766,-0.7821131944656372
series_107,-0.48514416813850403,0.29213520884513855,0.06729824841022491,-0.28592821955680847,-0.07441272586584091,-0.514844536781311,1.7687804698944092,-0.08850625902414322,0.3469638526439667,0.34351736307144165,-0.029586026445031166,0.5266842246055603,0.43673351407051086,-0.05403436720371246,0.5887323021888733,-0.49321192502975464,0.0454101637005806,0.13119998574256897,0.06624698638916016,0.19289664924144745,0.5087319612503052,-1.0667548179626465,-0.8215492963790894,0.7537767291069031,-0.22809286415576935,0.000717994524165988,-0.2361968606710434,-0.28003209829330444,-0.9282792210578918,0.38668134808540344,0.3890800178050995,0.3708634376525879,-0.06850488483905792,-1.270821452140808,1.4265493154525757,-0.7858330607414246,-0.3775970935821533,0.28068047761917114,1.0472897291183472,0.7365419864654541,0.38796156644821167,0.0982389822602272,-0.2983258366584778,-0.5225509405136108,-0.15356723964214325,-0.040637772530317307,-0.04481469839811325,-0.7476197481155396,0.502742350101471,0.017044903710484505,-0.6583579778671265,-0.4794507920742035,0.3023748993873596,-1.9951417446136475,0.3750879466533661,0.00868898257613182,0.15605038404464722,0.30539950728416443,0.9621008634567261,0.918251097202301,0.21156464517116547,-0.6375756859779358,0.04145032539963722,-1.3392386436462402
series_108,0.5469585061073303,0.8630955815315247,0.631800651550293,-0.01279243640601635,-0.5342941284179688,-0.11381514370441437,0.5180062651634216,-0.01734212599694729,0.3542465269565582,0.2507830858230591,-0.9158230423927307,0.06691162288188934,-0.6304119825363159,-0.6391211748123169,1.5721794366836548,0.047705862671136856,-0.7127631902694702,0.3760068714618683,-0.12821698188781738,0.5284069180488586,0.7155918478965759,-0.055461131036281586,-0.4360599219799042,0.9663251042366028,-0.15650451183319092,-0.2433656007051468,0.42751720547676086,0.14436239004135132,-0.09512259811162949,0.16269826889038086,0.19046664237976074,0.1320221871137619,-0.5526720881462097,-1.3839731216430664,0.604202389717102,-0.38279983401298523,-0.038338132202625275,-0.36450302600860596,1.5315014123916626,0.4810192286968231,0.4988415241241455,-0.3924459218978882,-0.4825402498245239,-0.5179796814918518,0.811044454574585,-1.039819359779358,-0.8155517578125,-0.7488429546356201,0.4893847405910492,0.9125596880912781,-1.1425690650939941,0.6414455771446228,-0.35771119594573975,-1.855008840560913,0.07678394019603729,0.20492178201675415,-0.21185645461082458,0.14088013768196106,0.12372107058763504,0.15393367409706116,0.4988178312778473,0.3929019868373871,-0.36263307929039,-0.4000064432621002
series_109,0.19198860228061676,0.10688897222280502,0.21798363327980042,-0.03365481272339821,-0.23208869993686676,-0.18959513306617737,1.5515081882476807,-0.2201317846775055,0.3004046678543091,0.21649816632270813,-0.11273748427629471,0.10637710243463516,0.06552309542894363,-0.28391367197036743,1.2053661346435547,-0.4376623034477234,-0.03181483596563339,0.31355223059654236,0.10516589879989624,0.006981594488024712,0.7430664896965027,-0.5802944898605347,-0.7225124835968018,1.2985702753067017,-0.36775389313697815,0.10383088886737823,0.08454614132642746,-0.07707470655441284,-0.39331039786338806,0.43526363372802734,0.4144299328327179,0.5141956210136414,-0.359629362821579,-1.3826825618743896,0.9475268721580505,-0.6909520626068115,-0.1389009654521942,-0.010908925905823708,1.2171459197998047,0.36997199058532715,0.9094943404197693,-0.25849470496177673,-0.3375595211982727,-0.5237700343132019,0.23063544929027557,-0.5805028676986694,-0.21405860781669617,-0.9896332025527954,0.447807252407074,0.31005197763442993,-0.8879797458648682,-0.3489726483821869,0.34111732244491577,-2.2772459983825684,0.1355673372745514,0.23913007974624634,0.07612843066453934,0.49666765332221985,0.6738269329071045,0.8120421171188354,0.45313069224357605,-0.6758890151977539,-0.15008719265460968,-1.2020761966705322
series_110,0.3088464140892029,-0.03030102141201496,0.07002677023410797,-0.2087426781654358,-0.5152058005332947,-0.03288566321134567,1.3849307298660278,-0.4599139988422394,0.33296796679496765,0.2739345133304596,-0.2754521369934082,0.0977129191160202,0.2421172708272934,-0.3687836825847626,1.3166418075561523,-0.5124704837799072,-0.283398300409317,0.371503621339798,0.17296916246414185,0.027931375429034233,0.7727150321006775,-0.6037804484367371,-0.7428182363510132,1.4149373769760132,-0.16539518535137177,0.19162355363368988,0.11306307464838028,-0.25226306915283203,-0.013240477070212364,0.4384143054485321,0.31664565205574036,0.4212462604045868,-0.39141422510147095,-1.0907138586044312,0.8245787024497986,-0.5752268433570862,-0.11774326115846634,0.03150709345936775,1.1394447088241577,0.20674754679203033,1.0045926570892334,-0.1850387305021286,-0.15969641506671906,-0.4443722367286682,0.21937793493270874,-0.5181851983070374,-0.13889461755752563,-0.8817134499549866,0.3427743911743164,0.31481942534446716,-0.9646832942962646,-0.5099202394485474,0.12439656257629395,-2.221590518951416,0.40206852555274963,0.4732188284397125,0.32155802845954895,0.38383880257606506,0.4716923236846924,0.6013172268867493,0.3515152037143707,-0.7155975103378296,-0.19603580236434937,-1.0189722776412964
series_111,0.28776413202285767,0.29681411385536194,0.12566794455051422,-0.16361427307128906,-0.5527605414390564,-0.24713481962680817,0.908857524394989,-0.4147651195526123,0.2783156633377075,0.09371118247509003,-0.5901395678520203,0.033159758895635605,0.039598800241947174,-0.39403048157691956,1.6379718780517578,-0.4788723886013031,-0.5620794296264648,0.48976823687553406,0.11951857805252075,0.1639249175786972,0.9307786226272583,-0.36995208263397217,-0.9138068556785583,1.2183657884597778,-0.21940387785434723,0.14687611162662506,0.2819577157497406,-0.007263687439262867,-0.1947888880968094,0.5347820520401001,0.26468995213508606,0.2737501859664917,-0.6855925917625427,-1.083064317703247,0.34536829590797424,-0.47998616099357605,-0.16730377078056335,-0.35804447531700134,1.5108230113983154,0.15038231015205383,0.6557079553604126,-0.09137632697820663,-0.2173028141260147,-0.5848674178123474,0.6254432797431946,-0.8597913980484009,-0.41612353920936584,-0.7740834355354309,0.682086706161499,0.8347000479698181,-0.7920377254486084,-0.28417912125587463,-0.2386881709098816,-2.0851173400878906,0.37672096490859985,0.41581350564956665,-0.031045805662870407,0.43925219774246216,0.16021253168582916,0.4695639908313751,0.39531171321868896,-0.5919349193572998,-0.07519929111003876,-0.5236941576004028
series_112,0.4417840242385864,0.048288773745298386,0.2374325841665268,0.019047455862164497,-0.4039127826690674,0.00040766625897958875,1.2659860849380493,-0.46612653136253357,0.279701828956604,0.1372135728597641,0.04334123805165291,-0.13073530793190002,0.1267876774072647,-0.4698966443538666,1.5633522272109985,-0.31768161058425903,-0.4307745397090912,0.4217801094055176,-0.07900148630142212,-0.05008133128285408,0.8252372145652771,-0.05282299965620041,-0.7700565457344055,1.3355823755264282,-0.3222431242465973,0.10544748604297638,0.23073258996009827,-0.01502921897917986,-0.1918962448835373,0.3809465765953064,0.30093443393707275,0.679606556892395,-0.4100300967693329,-1.3311175107955933,0.6337191462516785,-0.6062089204788208,-0.2078474462032318,-0.010749081149697304,1.3344817161560059,0.3004666864871979,1.0517054796218872,-0.4086505174636841,-0.30217450857162476,-0.5267744660377502,0.6357958912849426,-0.7753614783287048,-0.3457638621330261,-1.2011231184005737,0.3778195381164551,0.42084914445877075,-0.9333138465881348,-0.4026937484741211,-0.024648163467645645,-2.3850295543670654,0.16504567861557007,0.49852100014686584,0.16402551531791687,0.31064486503601074,0.32715773582458496,0.4786006510257721,0.503501296043396,-0.7095287442207336,-0.1931389570236206,-1.077117681503296
series_113,-0.040065329521894455,0.11140788346529007,0.24307610094547272,-0.1782185435295105,-0.15875855088233948,-0.29146093130111694,1.7389568090438843,-0.2585145831108093,0.2379353940486908,0.2475176453590393,0.02789800427854061,0.23383212089538574,0.4296949803829193,-0.2544068992137909,0.9385945796966553,-0.4830193817615509,-0.040707044303417206,0.22405284643173218,-0.05540770664811134,-0.06936182081699371,0.625467836856842,-0.6508303284645081,-0.8647116422653198,1.0812907218933105,-0.31745585799217224,0.05916484072804451,-0.03318165987730026,-0.1930544078350067,-0.6471607089042664,0.40538927912712097,0.37906768918037415,0.5693908333778381,-0.21400050818920135,-1.2933098077774048,1.173471212387085,-0.7196580171585083,-0.32613229751586914,0.195993572473526,1.0493170022964478,0.6066696643829346,0.8165832757949829,-0.1644219607114792,-0.2412704974412918,-0.5672418475151062,0.05715511739253998,-0.28622734546661377,-0.06136522442102432,-1.0262452363967896,0.36781010031700134,0.17623206973075867,-0.7771521806716919,-0.5605242848396301,0.2555461525917053,-2.2958133220672607,0.22882743179798126,0.16677729785442352,0.16811427474021912,0.4158133566379547,0.8206527829170227,0.8476812243461609,0.29370221495628357,-0.7485639452934265,-0.06318961083889008,-1.3529207706451416
series_114,0.9336913824081421,-0.9374954104423523,-0.2826162576675415,-0.2799217700958252,-0.3952507972717285,0.2032032310962677,0.45756304264068604,-0.5208481550216675,0.2856934070587158,0.3259444236755371,-0.5360738039016724,-0.6636349558830261,0.8059977293014526,-0.05866238474845886,1.0443841218948364,-0.8754209876060486,-1.0156176090240479,0.5996949076652527,0.2473830282688141,-0.29143404960632324,0.5000872015953064,-0.17910045385360718,-0.25036436319351196,0.7708157896995544,0.4022209346294403,0.42993754148483276,-0.5069513320922852,-0.13022983074188232,0.5013285875320435,0.534080982208252,-0.5645909905433655,0.8246516585350037,-0.17750145494937897,-0.3100213408470154,-0.7110699415206909,0.1525941640138626,-0.08176440745592117,0.4114169776439667,0.8691403865814209,-0.9057226181030273,0.9771265387535095,-0.36667513847351074,-0.16882570087909698,-0.05812960863113403,0.7027246952056885,-0.11098875105381012,0.3678548336029053,-0.045659828931093216,0.12451671808958054,0.6641969084739685,-0.3927079141139984,-0.6629706621170044,-0.7290979027748108,-1.247191309928894,0.5846958756446838,0.6681269407272339,0.3891242742538452,-0.7146899700164795,-0.6704788208007812,0.22252237796783447,-0.2552410364151001,-1.0641063451766968,-0.06466342508792877,-0.06515056639909744
series_115,-0.661614179611206,0.35791656374931335,-0.07411877810955048,-0.30053380131721497,-0.04108448326587677,-0.5575024485588074,1.7591450214385986,-0.022345682606101036,0.4347323775291443,0.4062919616699219,-0.07449590414762497,0.6579357981681824,0.3467872142791748,0.053865931928157806,0.4629485309123993,-0.518144428730011,0.06426406651735306,0.08182162046432495,0.176799476146698,0.3554903566837311,0.5049561262130737,-1.23934805393219,-0.7655356526374817,0.63901287317276,-0.19588716328144073,-0.02456173673272133,-0.33533668518066406,-0.30636802315711975,-1.0037517547607422,0.37013667821884155,0.3717404305934906,0.25507086515426636,-0.03663482144474983,-1.281267762184143,1.492799997329712,-0.7948191165924072,-0.3580002188682556,0.3092789947986603,1.0611499547958374,0.7499250173568726,0.19989359378814697,0.23759932816028595,-0.3480651378631592,-0.48869067430496216,-0.2469404935836792,0.017402486875653267,-0.04964449256658554,-0.5639976859092712,0.5867226719856262,-0.05753418803215027,-0.6223669648170471,-0.40077507495880127,0.30825749039649963,-1.801995038986206,0.42075085639953613,-0.03646460548043251,0.16801470518112183,0.2338026911020279,0.9904049634933472,0.9326968789100647,0.2214282602071762,-0.5548455119132996,0.08446197211742401,-1.2831523418426514
series_116,0.7452219724655151,0.37703990936279297,0.31762105226516724,0.02760547585785389,-0.5058935880661011,0.16126391291618347,1.1621103286743164,-0.5690385103225708,0.4654468894004822,0.29929986596107483,-0.40349501371383667,-0.03003324754536152,-0.2634485363960266,-0.5140731334686279,1.6884795427322388,-0.15235334634780884,-0.5195925235748291,0.5226260423660278,-0.053761426359415054,-0.007186250761151314,0.8111433386802673,-0.13503003120422363,-0.3690794110298157,1.5105701684951782,-0.260032057762146,-0.03846769407391548,0.23103052377700806,0.032333020120859146,-0.18073953688144684,0.21810877323150635,0.2897630035877228,0.5881884098052979,-0.43430429697036743,-1.5457432270050049,0.7125447392463684,-0.47967565059661865,0.044353000819683075,-0.17122922837734222,1.3862563371658325,0.18909357488155365,0.966940701007843,-0.5777786374092102,-0.15040726959705353,-0.5832690596580505,0.6625373363494873,-1.2349364757537842,-0.4619602560997009,-1.2162739038467407,0.4149775505065918,0.6082735657691956,-1.212801218032837,-0.07889185845851898,-0.04256993904709816,-2.1992177963256836,0.09162373095750809,0.5918876528739929,0.15659287571907043,0.12585493922233582,0.2319789081811905,0.2959688901901245,0.4960175156593323,-0.488771915435791,-0.2667466402053833,-1.1176515817642212
series_117,-0.1368560940027237,0.1687634289264679,0.25308844447135925,-0.1794155091047287,-0.11211705952882767,-0.36268261075019836,1.7684195041656494,-0.19446778297424316,0.24758663773536682,0.26556700468063354,0.05610432103276253,0.28955647349357605,0.449510395526886,-0.22683358192443848,0.8382554650306702,-0.460215300321579,-0.003745967522263527,0.202071413397789,-0.0715060830116272,-0.04171319678425789,0.5793881416320801,-0.7033692002296448,-0.8703560829162598,0.9765189290046692,-0.3101018965244293,0.029427420347929,-0.07624568790197372,-0.1912875473499298,-0.7548952102661133,0.3778691589832306,0.384306401014328,0.5611339211463928,-0.16509704291820526,-1.3064732551574707,1.249682068824768,-0.7322783470153809,-0.35796552896499634,0.2177119106054306,1.0444037914276123,0.6735745668411255,0.71333247423172,-0.14589224755764008,-0.25523489713668823,-0.5710456967353821,0.032980889081954956,-0.21825258433818817,-0.07069864124059677,-1.0272737741470337,0.387310266494751,0.14230962097644806,-0.741796612739563,-0.5405248403549194,0.2528785765171051,-2.2563223838806152,0.2233276516199112,0.11731741577386856,0.14939510822296143,0.39046716690063477,0.8743197917938232,0.8710135817527771,0.27132320404052734,-0.7383777499198914,-0.04854464903473854,-1.3763043880462646
series_118,0.23098669946193695,-0.3668562173843384,0.012497873045504093,-0.23032961785793304,-0.3293226361274719,0.009180545806884766,1.2754193544387817,-0.5168302059173584,0.28705117106437683,0.2101338654756546,-0.21007995307445526,-0.07073448598384857,0.5585289001464844,-0.16246965527534485,1.0632225275039673,-0.7115595936775208,-0.3193892240524292,0.553612470626831,0.044746991246938705,-0.011723475530743599,0.5796698927879333,-0.5122330188751221,-0.7050103545188904,1.2523314952850342,-0.24773673713207245,0.24700625240802765,-0.13906732201576233,-0.17498597502708435,-0.2648469805717468,0.34200966358184814,0.007412346545606852,0.7933866381645203,-0.26573964953422546,-1.1529629230499268,0.4736432433128357,-0.5274332165718079,-0.2728806436061859,0.13133898377418518,1.2070825099945068,0.028141967952251434,1.1278049945831299,-0.16058339178562164,-0.2603517174720764,-0.39758819341659546,0.3396666347980499,-0.4306684732437134,0.009391284547746181,-0.5509582161903381,0.19552730023860931,0.31746822595596313,-0.787653923034668,-0.6990550756454468,-0.01677430048584938,-2.248185873031616,0.6084402799606323,0.3860655128955841,0.30061256885528564,0.1878950595855713,0.395599901676178,0.6772090792655945,0.09970717877149582,-0.8398477435112,-0.021922249346971512,-1.0068963766098022
series_119,0.503190815448761,0.3558153510093689,0.3178708851337433,0.00956304557621479,-0.416347861289978,0.09689798951148987,1.0834743976593018,-0.5613656044006348,0.44395214319229126,0.2581421732902527,-0.3554147481918335,-0.0585273839533329,0.1223081722855568,-0.11036220192909241,1.8479893207550049,-0.27165818214416504,-0.4993581771850586,0.5815513134002686,-0.39771443605422974,0.008613212034106255,0.8917994499206543,-0.17084312438964844,-0.7465483546257019,1.24014151096344,-0.4641040861606598,0.045813243836164474,0.1931762993335724,0.31849613785743713,-0.7227033376693726,0.08404049277305603,0.2820688486099243,0.7192697525024414,-0.43495509028434753,-1.2501437664031982,0.601969301700592,-0.41665613651275635,-0.2509099543094635,-0.5031879544258118,1.761045217514038,0.28972241282463074,0.6926457285881042,-0.29108238220214844,-0.08781785517930984,-0.780253529548645,0.8844640851020813,-1.2349077463150024,-0.5871718525886536,-1.1938923597335815,0.6338980793952942,0.864520251750946,-0.8604176044464111,-0.2056981474161148,-0.36992084980010986,-2.257021903991699,0.18478979170322418,0.5026640892028809,-0.21197247505187988,0.2302984893321991,0.2612982392311096,0.34593141078948975,0.5437991619110107,-0.7008115649223328,-0.038704026490449905,-0.8128328919410706
series_120,0.3859669268131256,0.017015961930155754,0.1739114373922348,-0.15379658341407776,-0.45765140652656555,-0.02440430223941803,1.4846127033233643,-0.5365062355995178,0.345734179019928,0.2298378050327301,-0.11597537249326706,0.05836550518870354,0.2764242887496948,-0.5026400089263916,1.307060956954956,-0.37791720032691956,-0.33709922432899475,0.46974802017211914,-0.03531188145279884,-0.024731473997235298,0.6985049843788147,-0.4027799963951111,-0.7621098160743713,1.2798935174942017,-0.1352204531431198,0.07179777324199677,0.07064206153154373,-0.193467915058136,-0.2170334905385971,0.35451507568359375,0.28358981013298035,0.5641780495643616,-0.32636529207229614,-1.2347285747528076,0.8462929129600525,-0.6564737558364868,-0.08485055714845657,0.04054776206612587,1.1248267889022827,0.2902034521102905,0.9017682671546936,-0.28445765376091003,-0.18123944103717804,-0.46648526191711426,0.2762821912765503,-0.58806312084198,-0.20962898433208466,-1.0624257326126099,0.29156261682510376,0.3619629144668579,-0.9969363212585449,-0.48085978627204895,0.08224666118621826,-2.3663365840911865,0.33103570342063904,0.47873595356941223,0.2507593333721161,0.3032435178756714,0.47715437412261963,0.5102024674415588,0.4113466441631317,-0.828155517578125,-0.13909029960632324,-1.0924749374389648
series_121,0.19779758155345917,0.13075578212738037,0.3598860502243042,-0.08103892207145691,-0.19077570736408234,-0.2132338583469391,1.6344385147094727,-0.3722288906574249,0.18094947934150696,0.17550116777420044,0.0401393361389637,0.11788138002157211,0.336706280708313,-0.36413127183914185,1.100358009338379,-0.42004862427711487,-0.12756042182445526,0.3133341670036316,-0.15251141786575317,-0.15636827051639557,0.6593248248100281,-0.3731849193572998,-0.9077968001365662,1.2054283618927002,-0.31825336813926697,0.10112304985523224,0.028800463303923607,-0.07271373271942139,-0.6179448366165161,0.3949686884880066,0.2985400855541229,0.6872667670249939,-0.319335401058197,-1.3940167427062988,1.0053296089172363,-0.6744171977043152,-0.32000431418418884,0.1652679145336151,1.0896400213241577,0.5549576282501221,0.9657082557678223,-0.3314083218574524,-0.23706455528736115,-0.5917156934738159,0.24175046384334564,-0.4939464032649994,-0.10011575371026993,-1.1909047365188599,0.33978384733200073,0.2964652478694916,-0.8385077714920044,-0.5311615467071533,0.16186609864234924,-2.420656442642212,0.11525886505842209,0.25486862659454346,0.10121507197618484,0.3982592821121216,0.7222778797149658,0.7656514048576355,0.32719704508781433,-0.7841721177101135,-0.1113787367939949,-1.3075718879699707
series_122,0.3419889509677887,-0.09493337571620941,0.016458900645375252,-0.26808783411979675,-0.624637246131897,0.0981963723897934,1.383901596069336,-0.45152392983436584,0.3586027920246124,0.20251606404781342,-0.602019190788269,0.16633230447769165,0.2250014692544937,-0.38785091042518616,1.195338249206543,-0.6135175228118896,-0.2333400547504425,0.4282795488834381,0.12539076805114746,-0.035015303641557693,0.8138635158538818,-0.6511533856391907,-0.6182799935340881,1.4149572849273682,-0.12439193576574326,0.3070622980594635,0.11787690967321396,-0.21358996629714966,-0.11908974498510361,0.5597623586654663,0.09894078969955444,0.26191446185112,-0.533301055431366,-1.02458918094635,0.8282580971717834,-0.5461621284484863,-0.07579613476991653,-0.023234592750668526,1.1126844882965088,0.1886279135942459,0.8812445998191833,0.07963772863149643,0.0432695671916008,-0.4976479709148407,0.0788561999797821,-0.6081631183624268,-0.19047555327415466,-0.7524664402008057,0.3381292223930359,0.3449305295944214,-0.8131178021430969,-0.5222228765487671,0.09082861244678497,-2.129703998565674,0.5479961633682251,0.6534832715988159,0.37374797463417053,0.4639591872692108,0.538352906703949,0.6629472374916077,0.36429640650749207,-0.7137913107872009,-0.12599033117294312,-0.7995700836181641
series_123,-0.43562060594558716,0.25902584195137024,0.08452042937278748,-0.2962615489959717,-0.1109553724527359,-0.4862174987792969,1.749627709388733,-0.12801334261894226,0.32817861437797546,0.3212892413139343,-0.03866610303521156,0.49221616983413696,0.4485624432563782,-0.09609059244394302,0.6423473954200745,-0.49059250950813293,0.018850600346922874,0.1477440893650055,0.05194586142897606,0.17437390983104706,0.5240918397903442,-1.0320693254470825,-0.830927312374115,0.7922471761703491,-0.22208739817142487,0.015776854008436203,-0.19883596897125244,-0.28654173016548157,-0.8642061352729797,0.39977625012397766,0.3954826593399048,0.37604525685310364,-0.08471591770648956,-1.2426238059997559,1.394188404083252,-0.7906781435012817,-0.3720020055770874,0.26378318667411804,1.0445246696472168,0.7198868989944458,0.437580943107605,0.08128929883241653,-0.2823755145072937,-0.5183315873146057,-0.13728033006191254,-0.05942986533045769,-0.038529060781002045,-0.7553306221961975,0.4807310104370117,0.03454606980085373,-0.6782259345054626,-0.4963058829307556,0.3055884838104248,-2.036839485168457,0.3877101242542267,0.029709693044424057,0.1599109172821045,0.33414706587791443,0.9377089738845825,0.8902075886726379,0.2155020534992218,-0.6483346819877625,0.03207344934344292,-1.326956033706665
series_124,0.7060537934303284,0.5975582003593445,0.31595829129219055,-0.0996202826499939,-0.6320875287055969,-0.007691993843764067,0.9724694490432739,-0.6968408823013306,0.5470264554023743,0.3018025755882263,-0.5581624507904053,0.09934505075216293,0.051081396639347076,-0.25252097845077515,1.741653323173523,-0.22707121074199677,-0.7375112771987915,0.42091384530067444,-0.2718124985694885,0.008052600547671318,0.844097912311554,-0.2330547571182251,-0.8141850233078003,1.5861448049545288,-0.25122201442718506,-0.04671648517251015,0.20495742559432983,-0.12539777159690857,-0.2435125857591629,0.1510443389415741,0.350518137216568,0.4369267523288727,-0.4352051019668579,-1.2131035327911377,0.5451357960700989,-0.38673773407936096,-0.053214944899082184,-0.3776089549064636,1.3841722011566162,0.12213455885648727,0.870810329914093,-0.3643651604652405,0.06166153401136398,-0.7965282201766968,0.6407543420791626,-1.2741681337356567,-0.27295878529548645,-1.1288976669311523,0.40506577491760254,0.9116840958595276,-1.2149958610534668,0.03207973763346672,-0.42360055446624756,-2.073122024536133,0.27019384503364563,0.605404257774353,0.041940171271562576,0.08834844082593918,0.0720091238617897,0.1402890682220459,0.3320002257823944,-0.318867027759552,-0.08193714171648026,-0.8390195369720459
series_125,-0.2812488079071045,0.21491771936416626,0.16561903059482574,-0.22114033997058868,-0.1073216125369072,-0.4263114631175995,1.7972841262817383,-0.11382333189249039,0.2969951033592224,0.3124867081642151,0.006772672291845083,0.3938860297203064,0.38680651783943176,-0.18459098041057587,0.706328809261322,-0.4797625243663788,0.06899598985910416,0.18389250338077545,0.01777338609099388,0.08273600041866302,0.5438284277915955,-0.8996914029121399,-0.8513771295547485,0.9143205285072327,-0.2901272475719452,0.050418514758348465,-0.14128170907497406,-0.22397303581237793,-0.8166091442108154,0.3588671386241913,0.39975520968437195,0.47050952911376953,-0.14664719998836517,-1.2949042320251465,1.3193206787109375,-0.7684378623962402,-0.35110968351364136,0.22050106525421143,1.053373098373413,0.6751679182052612,0.5573461055755615,-0.04246916621923447,-0.28964728116989136,-0.5371026396751404,-0.049497902393341064,-0.155121311545372,-0.07759582251310349,-0.8824061155319214,0.44488370418548584,0.08515802025794983,-0.7328250408172607,-0.4901149570941925,0.3151206076145172,-2.140610694885254,0.29641327261924744,0.04439808800816536,0.12873637676239014,0.3864403963088989,0.9342519044876099,0.9148815870285034,0.2680409848690033,-0.6861165761947632,-0.012410436756908894,-1.347765326499939
series_126,0.4093262255191803,0.09817101061344147,0.37396544218063354,0.061202991753816605,-0.15598264336585999,-0.11893448233604431,1.6396480798721313,-0.3860839605331421,0.31318438053131104,0.22937023639678955,0.10940801352262497,0.04192414507269859,0.19219458103179932,-0.3217347264289856,1.2657991647720337,-0.3655032515525818,-0.11938392370939255,0.31838923692703247,-0.1426963210105896,-0.2202787548303604,0.7048315405845642,-0.24553914368152618,-0.8022768497467041,1.2968436479568481,-0.3605715036392212,0.060993876308202744,0.05061496049165726,0.0020393456798046827,-0.5481002926826477,0.3484984338283539,0.32149043679237366,0.741664707660675,-0.32172995805740356,-1.4591914415359497,0.944278359413147,-0.6454919576644897,-0.1883399337530136,0.060875970870256424,1.1356165409088135,0.448086678981781,1.025659203529358,-0.4368346929550171,-0.2704402804374695,-0.5962977409362793,0.3225785195827484,-0.6732058525085449,-0.17811466753482819,-1.3235169649124146,0.3564890921115875,0.3607082664966583,-0.928734302520752,-0.42125365138053894,0.17357203364372253,-2.407860279083252,-0.05894522741436958,0.3533014953136444,0.09186358004808426,0.3543119430541992,0.6620228290557861,0.7380609512329102,0.4631064236164093,-0.8165788054466248,-0.1724877655506134,-1.3212597370147705
series_127,0.5339787602424622,-0.34557655453681946,-0.1839391589164734,-0.31223636865615845,-0.5382161736488342,0.2315431535243988,0.829231321811676,-0.5286872386932373,0.6081687808036804,0.39113807678222656,-0.9928131103515625,-0.08633434772491455,0.09156209975481033,-0.07875390350818634,1.4406381845474243,-0.6535371541976929,-0.7224376797676086,0.8202906847000122,0.25551557540893555,0.06299836933612823,0.8809944987297058,-0.5789765119552612,-0.20712561905384064,1.2077304124832153,-0.05055861547589302,0.16564108431339264,0.025593286380171776,-0.16238339245319366,0.21591877937316895,0.41683322191238403,-0.14882993698120117,0.333535760641098,-0.5127636194229126,-0.8590275049209595,0.3897992968559265,-0.19806043803691864,0.0135838333517313,-0.15069179236888885,1.416686773300171,-0.30448371171951294,0.7950822710990906,0.00025460292818024755,-0.1060037687420845,-0.43003156781196594,0.2869164049625397,-0.795499324798584,-0.2955195903778076,-0.4276999533176422,0.4348776340484619,0.6176748871803284,-0.7682929039001465,-0.19791556894779205,-0.3609914183616638,-1.8044544458389282,0.7527642250061035,0.8884589672088623,0.5889062285423279,0.028866775333881378,-0.06940257549285889,0.3602224290370941,0.38443323969841003,-0.753186047077179,-0.09805428236722946,-0.4926970303058624
series_128,0.5054770112037659,0.1733437329530716,0.1563362032175064,0.22627747058868408,-0.21626663208007812,-0.10456249117851257,1.2796835899353027,0.011770019307732582,0.566149115562439,0.438456267118454,-0.2627955377101898,-0.06015541031956673,-0.455594927072525,-0.2930682301521301,1.4945164918899536,-0.2701534330844879,-0.09163228422403336,0.5222691297531128,0.23034417629241943,0.12494175136089325,0.7729217410087585,-0.409278005361557,-0.2715885043144226,1.2584127187728882,-0.36024239659309387,-0.1749470978975296,0.17659613490104675,0.18361110985279083,-0.06913178414106369,0.15306824445724487,0.3914274275302887,0.5349304676055908,-0.28350451588630676,-1.4886481761932373,0.5421794056892395,-0.5665373802185059,0.08163397759199142,-0.4372463524341583,1.5205602645874023,-0.014788858592510223,0.6676241755485535,-0.46137410402297974,-0.5442081093788147,-0.30934131145477295,0.6464493274688721,-0.8761125802993774,-0.6280708909034729,-0.8624915480613708,0.587241530418396,0.5732966065406799,-1.0448145866394043,0.10819761455059052,0.22445613145828247,-2.038043975830078,-0.026002390310168266,0.2453276813030243,-0.03982647880911827,0.3120171129703522,0.3686669170856476,0.5686107277870178,0.7034677267074585,-0.5167796611785889,-0.26832714676856995,-0.9378511905670166
series_129,0.36401140689849854,0.15954820811748505,0.4409835636615753,0.026705006137490273,-0.14776426553726196,-0.14764803647994995,1.6120352745056152,-0.3815077543258667,0.25379490852355957,0.21536986529827118,0.06102979555726051,0.07542630285024643,0.19935977458953857,-0.43551307916641235,1.1829651594161987,-0.3147123157978058,-0.13643717765808105,0.3920719027519226,-0.22795075178146362,-0.17341531813144684,0.6230967044830322,-0.23461668193340302,-0.8398032188415527,1.2267225980758667,-0.3511377274990082,0.06664194166660309,0.020731976255774498,0.06649664044380188,-0.6542641520500183,0.2796320915222168,0.26640045642852783,0.788011908531189,-0.33974727988243103,-1.5051274299621582,0.9506986737251282,-0.6578171849250793,-0.2723533809185028,0.07764524966478348,1.1373534202575684,0.5348888635635376,0.979531466960907,-0.48140907287597656,-0.28408533334732056,-0.6094192266464233,0.3501799404621124,-0.6558321118354797,-0.18040725588798523,-1.306080937385559,0.32744085788726807,0.39363494515419006,-0.925300121307373,-0.41532984375953674,0.11976587772369385,-2.4396231174468994,-0.009097589179873466,0.2880485951900482,0.022402439266443253,0.33441242575645447,0.671232283115387,0.7183430194854736,0.4068956971168518,-0.7838141322135925,-0.15618103742599487,-1.2869670391082764
series_130,0.3480345606803894,-0.09675377607345581,-0.09984652698040009,-0.12816962599754333,-0.5540383458137512,0.0638936460018158,1.323190450668335,-0.2828312814235687,0.3175230622291565,0.36922958493232727,-0.2601853311061859,-0.1152675524353981,-0.0917658880352974,-0.6332035660743713,1.3714377880096436,-0.39816156029701233,-0.32950952649116516,0.5353522300720215,0.22157371044158936,0.036712151020765305,0.7742018103599548,-0.37455928325653076,-0.7139114737510681,1.3536392450332642,-0.20941825211048126,0.14067724347114563,0.08932586759328842,0.06136942282319069,-0.060702793300151825,0.3269399106502533,0.11863309144973755,0.5444714426994324,-0.5274198055267334,-1.1368231773376465,0.41924232244491577,-0.5513478517532349,-0.09863284975290298,0.014709262177348137,1.2650350332260132,0.01582261174917221,0.8130200505256653,-0.31469565629959106,-0.31097930669784546,-0.38265302777290344,0.7008064985275269,-0.6526321768760681,-0.4361967146396637,-0.7961180806159973,0.5033676028251648,0.400804728269577,-0.9053961634635925,-0.487554669380188,-0.016004029661417007,-2.0914859771728516,0.4619710445404053,0.4284301698207855,0.22999513149261475,0.34522172808647156,0.30916091799736023,0.4810810685157776,0.5269480347633362,-0.7011873126029968,-0.05492032691836357,-0.8293853998184204
series_131,-0.2846372425556183,0.20437511801719666,0.15762433409690857,-0.2581687271595001,-0.12963522970676422,-0.41384437680244446,1.768503189086914,-0.16506917774677277,0.2880227863788605,0.29105809330940247,-0.011917385272681713,0.3957318961620331,0.445803701877594,-0.17264190316200256,0.7534704208374023,-0.4828589856624603,0.015301262959837914,0.17467842996120453,0.006340976804494858,0.07832644879817963,0.5573566555976868,-0.8986240029335022,-0.8488891124725342,0.9154075980186462,-0.2770214080810547,0.038751598447561264,-0.12550140917301178,-0.2520863115787506,-0.7822839021682739,0.39890193939208984,0.40737420320510864,0.4479536712169647,-0.13774074614048004,-1.2580769062042236,1.3274509906768799,-0.7768508195877075,-0.3523287773132324,0.23254798352718353,1.0431535243988037,0.6865310668945312,0.5870391726493835,-0.015055229887366295,-0.2672424912452698,-0.5393767952919006,-0.06723125278949738,-0.14465855062007904,-0.049767591059207916,-0.8726874589920044,0.4333280324935913,0.08499401062726974,-0.7201760411262512,-0.5253894925117493,0.31423965096473694,-2.148214340209961,0.32741865515708923,0.06500643491744995,0.1483706533908844,0.38847464323043823,0.9088376760482788,0.8888930678367615,0.24820441007614136,-0.6823626756668091,-0.009207871742546558,-1.349446415901184
series_132,0.8166922926902771,0.40122899413108826,0.23892559111118317,0.09013177454471588,-0.2930651307106018,0.1676941066980362,1.0586621761322021,-0.49024590849876404,0.5441986322402954,0.37179329991340637,-0.25985515117645264,-0.049379412084817886,-0.47867435216903687,-0.46382883191108704,1.8398109674453735,-0.12722526490688324,-0.6353031396865845,0.5575554966926575,-0.12375795841217041,-0.043155331164598465,0.8396602869033813,0.18985342979431152,-0.5637114644050598,1.5146186351776123,-0.36021938920021057,-0.19176091253757477,0.2021995484828949,0.20182430744171143,-0.10109331458806992,0.06722459197044373,0.199225515127182,0.8138609528541565,-0.4890393018722534,-1.4409559965133667,0.26668575406074524,-0.4305233359336853,-0.09363282471895218,-0.08432012051343918,1.5623129606246948,-0.12653832137584686,0.8751951456069946,-0.7337809205055237,-0.4437306523323059,-0.5466219186782837,0.9793100357055664,-1.2370145320892334,-0.5344293713569641,-1.1676687002182007,0.5183634757995605,0.779878556728363,-1.1814073324203491,-0.06172924116253853,-0.31426385045051575,-2.0313048362731934,0.016323940828442574,0.4698178768157959,-0.07513841241598129,0.06647847592830658,-0.07939906418323517,0.15719366073608398,0.6819722652435303,-0.30428600311279297,-0.1330070197582245,-0.8945820331573486
series_133,-0.033368926495313644,0.142475888133049,0.28153377771377563,-0.14164963364601135,-0.12824895977973938,-0.3073762357234955,1.753899335861206,-0.2020772099494934,0.25296497344970703,0.25655755400657654,0.03881828859448433,0.24342672526836395,0.363796204328537,-0.29882434010505676,0.9080585837364197,-0.4398931860923767,0.006501501426100731,0.25507280230522156,-0.07299923896789551,-0.04245604947209358,0.5971049666404724,-0.6462558507919312,-0.8572043180465698,1.0572707653045654,-0.3340938985347748,0.05465037748217583,-0.04645752161741257,-0.1352621614933014,-0.693835973739624,0.3585579991340637,0.37610048055648804,0.5884893536567688,-0.2118930071592331,-1.3438284397125244,1.1766220331192017,-0.7347334027290344,-0.32076746225357056,0.16354967653751373,1.0705496072769165,0.6329489946365356,0.7594583630561829,-0.19385959208011627,-0.27150899171829224,-0.5579255819320679,0.08199025690555573,-0.3110407292842865,-0.11137121170759201,-1.0566304922103882,0.3785736560821533,0.1962083876132965,-0.7964156270027161,-0.49389389157295227,0.27451398968696594,-2.2967782020568848,0.18775618076324463,0.14343443512916565,0.11902917176485062,0.41805338859558105,0.8483605980873108,0.8613397479057312,0.3231338858604431,-0.7415459752082825,-0.08165538311004639,-1.3442593812942505
series_134,0.5742945075035095,0.08573572337627411,0.3377211391925812,0.03854534402489662,-0.22098621726036072,-0.04803989827632904,1.4243543148040771,-0.4211569130420685,0.37304311990737915,0.338024765253067,-0.10816792398691177,-0.010580125264823437,-0.03782404214143753,-0.41489076614379883,1.4395705461502075,-0.3151684105396271,-0.22424079477787018,0.4975210726261139,-0.06071704998612404,-0.13311050832271576,0.6749626994132996,-0.247612863779068,-0.7042233943939209,1.3649572134017944,-0.3028322160243988,0.08827835321426392,0.05423297733068466,0.1881362944841385,-0.43449851870536804,0.2976532578468323,0.2101803421974182,0.7270704507827759,-0.4850221574306488,-1.4457676410675049,0.7240057587623596,-0.5721002221107483,-0.1494157910346985,-0.09559880942106247,1.2689297199249268,0.3090716600418091,1.009446144104004,-0.5367342829704285,-0.34744447469711304,-0.5743567943572998,0.459238737821579,-0.8607829809188843,-0.28865090012550354,-1.1904189586639404,0.4301454424858093,0.6043134331703186,-1.0074760913848877,-0.29668793082237244,0.07984650135040283,-2.335761070251465,-0.007609700784087181,0.40962424874305725,-0.01967495307326317,0.29954269528388977,0.4745413661003113,0.6483624577522278,0.5268795490264893,-0.801988959312439,-0.20927700400352478,-1.1417218446731567
series_135,-0.1885252743959427,0.42324087023735046,-0.18369705975055695,-0.013587003573775291,-0.46618908643722534,-0.7841709852218628,0.5830604434013367,-0.6606021523475647,0.4205027222633362,-0.22820521891117096,0.22579969465732574,0.2556349039077759,0.9011681079864502,0.025518430396914482,1.3050845861434937,-0.5313531160354614,-0.7878785729408264,-0.08037741482257843,-0.21864938735961914,0.24930863082408905,1.4688631296157837,-0.2565854787826538,-0.7189123630523682,-0.05294967442750931,0.20127429068088531,-0.8022614121437073,-0.17364272475242615,-0.5207223296165466,-0.8185117244720459,0.47300097346305847,0.3030135929584503,0.42339026927948,0.2246529906988144,-1.7945986986160278,0.25954359769821167,-0.625322699546814,0.3053503930568695,-0.4054908752441406,1.255736231803894,0.9035987854003906,1.0771031379699707,-0.04647456854581833,0.8077018857002258,-0.7796236872673035,0.2876642048358917,-0.541652500629425,-0.39368706941604614,-0.5974503755569458,1.253570556640625,0.3657066524028778,-0.17056334018707275,-0.5162097215652466,-0.32988685369491577,-2.160329818725586,-0.07476533949375153,-0.1652565449476242,-0.0429142527282238,-0.4868474006652832,0.6662222743034363,-0.38245487213134766,0.08006074279546738,-0.8971652388572693,-0.40442827343940735,-0.874848484992981
series_136,0.10886625945568085,0.1885967254638672,0.22544918954372406,-0.07783233374357224,-0.29066967964172363,-0.14172980189323425,1.7301896810531616,-0.3377590477466583,0.34324806928634644,0.2950623035430908,-0.17644670605659485,0.21904097497463226,0.2138948142528534,-0.2709229588508606,1.1744980812072754,-0.45209023356437683,0.09849251061677933,0.28986454010009766,0.05351805314421654,-0.0029481220990419388,0.743876039981842,-0.7792412042617798,-0.7005040645599365,1.4026492834091187,-0.4220568835735321,0.1564837545156479,0.025338521227240562,-0.14979317784309387,-0.5644882917404175,0.35346901416778564,0.3897562325000763,0.4927577078342438,-0.3076516091823578,-1.476393461227417,1.0582691431045532,-0.686384379863739,-0.09438691288232803,-0.10702653974294662,1.2269818782806396,0.4489762783050537,0.8778480887413025,-0.1861790269613266,-0.1668366938829422,-0.5177388787269592,0.22844508290290833,-0.7607061862945557,-0.24867749214172363,-1.0306870937347412,0.36572253704071045,0.3073112964630127,-0.9924179315567017,-0.41272252798080444,0.457273930311203,-2.319453239440918,0.27692046761512756,0.2705523669719696,0.17709335684776306,0.514455258846283,0.8445106744766235,0.8612270951271057,0.43427321314811707,-0.6813583970069885,-0.11260561645030975,-1.3519150018692017
series_137,0.27610400319099426,0.13398562371730804,0.38173824548721313,-0.024127749726176262,-0.16927629709243774,-0.17942234873771667,1.6156628131866455,-0.38156017661094666,0.22210606932640076,0.18958155810832977,0.06602080911397934,0.08426772058010101,0.2659543752670288,-0.4030490815639496,1.1542588472366333,-0.3609146177768707,-0.1367892622947693,0.35985761880874634,-0.1798701286315918,-0.16012616455554962,0.6525395512580872,-0.3040161728858948,-0.8605974912643433,1.2090688943862915,-0.3313726484775543,0.06480173766613007,0.026722243055701256,-0.00885030347853899,-0.620628297328949,0.34747523069381714,0.2870728075504303,0.7384077906608582,-0.31665802001953125,-1.4656856060028076,0.9525271058082581,-0.6820725202560425,-0.2706459164619446,0.11250815540552139,1.113170862197876,0.5335867404937744,0.9800716042518616,-0.4070560932159424,-0.26357322931289673,-0.5853637456893921,0.2962596118450165,-0.5793135166168213,-0.14913272857666016,-1.2392562627792358,0.3441101908683777,0.34021469950675964,-0.8781027793884277,-0.46932652592658997,0.16365264356136322,-2.4318041801452637,0.052771974354982376,0.2665221393108368,0.06285256892442703,0.36167794466018677,0.6896810531616211,0.729031503200531,0.37910816073417664,-0.786470353603363,-0.1353323608636856,-1.3029282093048096
series_138,0.3427025377750397,0.14969521760940552,-0.43299686908721924,-0.15003618597984314,-0.5859485864639282,-0.15399640798568726,1.1591744422912598,-0.0074578579515218735,0.4402979910373688,0.46243223547935486,-0.3993380069732666,0.04320266470313072,-0.5872789025306702,-0.5173830986022949,1.0870078802108765,-0.38906988501548767,-0.2596648633480072,0.3692542612552643,0.4953376352787018,0.27999553084373474,0.8592534065246582,-0.5300504565238953,-0.41160961985588074,1.265520453453064,0.06261888146400452,0.01049035508185625,0.29547011852264404,-0.16476313769817352,0.38720786571502686,0.2592061758041382,0.4626412093639374,0.36692363023757935,-0.4892527163028717,-1.0293402671813965,0.36009836196899414,-0.6169573068618774,0.018789106979966164,-0.019395479932427406,1.4067668914794922,-0.3571913242340088,0.5564631819725037,-0.30590853095054626,-0.520198404788971,-0.16122116148471832,0.45588213205337524,-0.46211519837379456,-0.5420756936073303,-0.26003298163414,0.790410578250885,0.2902385890483856,-0.8635687232017517,-0.08373801410198212,-0.0018313407199457288,-1.8656491041183472,0.3896423280239105,0.04028577730059624,0.10046332329511642,0.3452523350715637,0.22091643512248993,0.29302507638931274,0.7134604454040527,-0.35299697518348694,-0.130486398935318,-0.6641473770141602
series_139,-0.48492881655693054,0.23492148518562317,0.010164336301386356,-0.3562546670436859,-0.14920806884765625,-0.46439728140830994,1.7357087135314941,-0.15623240172863007,0.3786199986934662,0.3530561327934265,-0.1347728669643402,0.5501931309700012,0.42135074734687805,-0.03642893210053444,0.6599380373954773,-0.5480427145957947,0.014749085530638695,0.13907355070114136,0.1357913613319397,0.25531265139579773,0.5329728126525879,-1.170149803161621,-0.8110653758049011,0.8239076733589172,-0.20199303328990936,0.06305639445781708,-0.22382521629333496,-0.33113935589790344,-0.8021628260612488,0.4248257875442505,0.41023576259613037,0.27190694212913513,-0.1058841198682785,-1.1515569686889648,1.4169251918792725,-0.7973477840423584,-0.3717491030693054,0.24691781401634216,1.0491923093795776,0.6760333776473999,0.3971092998981476,0.186720609664917,-0.31318390369415283,-0.5087313055992126,-0.2190684974193573,-0.03784624859690666,0.009411669336259365,-0.5966262221336365,0.4917443096637726,0.019954193383455276,-0.6892293095588684,-0.4983496069908142,0.3361775279045105,-1.956209421157837,0.4841243326663971,0.039857152849435806,0.16796180605888367,0.3667972683906555,0.9213286638259888,0.896023154258728,0.22164544463157654,-0.602077305316925,0.06342163681983948,-1.2646220922470093
series_140,0.6182848215103149,0.0808766633272171,0.18570226430892944,-0.15567846596240997,-0.4714367985725403,0.036182910203933716,1.0928622484207153,-0.7360353469848633,0.3601056635379791,-0.002086743712425232,-0.15866582095623016,-0.02106422372162342,0.13624383509159088,-0.3105127513408661,1.6252329349517822,-0.3325766623020172,-0.5823354721069336,0.6055787801742554,-0.12833547592163086,-0.0841885358095169,0.7243959307670593,-0.10577116161584854,-0.8064074516296387,1.374006748199463,-0.2822912633419037,0.040054988116025925,0.1639941930770874,-0.04655594751238823,-0.25339749455451965,0.3583686351776123,0.29273879528045654,0.5780249238014221,-0.467154324054718,-1.1757920980453491,0.5704115033149719,-0.6070202589035034,-0.047556109726428986,-0.04703451320528984,1.254727840423584,0.11561685055494308,1.0316097736358643,-0.33137422800064087,-0.17390449345111847,-0.6572458148002625,0.5087917447090149,-0.8729633092880249,-0.21576255559921265,-1.196686863899231,0.4622974395751953,0.5322958827018738,-0.8680676221847534,-0.48524147272109985,-0.10790067911148071,-2.254460334777832,0.2250063717365265,0.4683385193347931,-0.033462997525930405,0.2534060478210449,0.15846820175647736,0.2986946702003479,0.3982684910297394,-0.7170220017433167,-0.17488990724086761,-0.8594313263893127
series_141,0.05339725688099861,-0.11455592513084412,-0.06935922801494598,0.04296844080090523,-0.12190023064613342,-0.4938635230064392,1.1792311668395996,0.1065533384680748,0.05003129318356514,0.10931362211704254,0.20600099861621857,-0.15275542438030243,-0.13443507254123688,-0.48885947465896606,1.088117241859436,-0.4777931272983551,-0.14722926914691925,0.3222913444042206,0.24047976732254028,0.06556467711925507,0.7994441390037537,-0.32050907611846924,-0.8146021366119385,0.8664765357971191,-0.224309504032135,-0.012289482168853283,0.17149142920970917,0.18809817731380463,-0.14132098853588104,0.41082364320755005,0.3669251799583435,0.6590321063995361,-0.3223225772380829,-1.2375099658966064,0.32765471935272217,-0.7125263810157776,-0.40479153394699097,0.035294149070978165,1.286819577217102,0.2241397649049759,0.8213605284690857,-0.3583422303199768,-0.5694140195846558,-0.2901257574558258,0.43808481097221375,-0.1223783940076828,-0.23882143199443817,-0.5665896534919739,0.6016720533370972,0.3139963448047638,-0.5602849721908569,-0.2754614055156708,0.1458839774131775,-2.1086206436157227,0.06013182923197746,-0.03975094482302666,-0.09067895263433456,0.4006965458393097,0.39188092947006226,0.613400399684906,0.4997328817844391,-0.7446473836898804,-0.018055535852909088,-0.8879031538963318
series_142,0.09377942979335785,0.0837642028927803,0.19870832562446594,-0.1408476084470749,-0.23045596480369568,-0.2129131257534027,1.6898064613342285,-0.283458948135376,0.23971925675868988,0.24294598400592804,-0.06184011325240135,0.17227226495742798,0.3000085651874542,-0.29827064275741577,1.087249994277954,-0.4955863356590271,-0.024777734652161598,0.32353535294532776,0.02093338593840599,-0.049318570643663406,0.7246159911155701,-0.6408208608627319,-0.8333456516265869,1.2476776838302612,-0.2972111403942108,0.11831118166446686,0.0020673186518251896,-0.13160088658332825,-0.5131592750549316,0.42729079723358154,0.34946683049201965,0.5753213167190552,-0.31502026319503784,-1.3410227298736572,1.0080797672271729,-0.713580846786499,-0.24034947156906128,0.10259938985109329,1.1488806009292603,0.462074875831604,0.8915634751319885,-0.18392424285411835,-0.24684269726276398,-0.5235886573791504,0.1577949970960617,-0.46328166127204895,-0.14737173914909363,-1.0009691715240479,0.4154861867427826,0.27542540431022644,-0.8414576649665833,-0.519346296787262,0.27679121494293213,-2.3664515018463135,0.2359609156847,0.23599283397197723,0.15191179513931274,0.4712267816066742,0.7704660892486572,0.8270041346549988,0.3785835802555084,-0.7893696427345276,-0.09693402796983719,-1.2810494899749756
series_143,0.7543785572052002,0.21755728125572205,-0.31948480010032654,-0.06165870651602745,-0.5306589007377625,-0.1789254993200302,0.5095030665397644,-0.05874550715088844,0.30882659554481506,0.1356758326292038,-0.2596225142478943,-0.4648115336894989,-0.9032482504844666,-0.8136316537857056,1.7024239301681519,0.061158932745456696,-0.7587897181510925,0.7358877658843994,0.34781330823898315,0.15280531346797943,0.8633235096931458,0.251487135887146,-0.0909612700343132,0.8339122533798218,0.2471337616443634,-0.4020499587059021,0.29551124572753906,0.38360899686813354,0.37079718708992004,0.37143388390541077,0.19664153456687927,0.7450273633003235,-0.3984964191913605,-1.321262240409851,-0.24190986156463623,-0.6179685592651367,0.33630186319351196,-0.03159312531352043,1.4695119857788086,-0.43345487117767334,0.7225608825683594,-0.7218420505523682,-0.6374897956848145,-0.1275700330734253,1.0747076272964478,-0.6882147789001465,-0.9438397288322449,-0.5369541049003601,1.099945068359375,0.6298407316207886,-0.6890068054199219,0.009039443917572498,-0.1595814824104309,-1.8039790391921997,-0.039409950375556946,0.04002564772963524,-0.38996806740760803,-0.0900544673204422,-0.30725377798080444,-0.1604190170764923,0.6831986904144287,-0.4172293245792389,-0.32822924852371216,-0.5313748121261597
series_144,0.4523548483848572,0.09762932360172272,0.34414398670196533,0.0835985615849495,-0.1619199514389038,-0.12202198803424835,1.5148570537567139,-0.36642566323280334,0.33831942081451416,0.2472580522298813,0.08372621983289719,-0.007834616117179394,0.007706054486334324,-0.4000553488731384,1.3738147020339966,-0.303092896938324,-0.1663191020488739,0.3518828749656677,-0.09571051597595215,-0.16478873789310455,0.7177435755729675,-0.1921713948249817,-0.7851729393005371,1.3293416500091553,-0.35750409960746765,0.06096946820616722,0.0701398029923439,0.10415884852409363,-0.4596932828426361,0.3590448498725891,0.2977314889431,0.7581648826599121,-0.3922015130519867,-1.4911539554595947,0.7759018540382385,-0.6497126817703247,-0.16994258761405945,0.0009451712248846889,1.21769380569458,0.38086920976638794,1.0414454936981201,-0.5166160464286804,-0.348322331905365,-0.5612144470214844,0.41714993119239807,-0.7748912572860718,-0.2263721227645874,-1.23263418674469,0.4134078025817871,0.4642082750797272,-0.987257719039917,-0.30540019273757935,0.1827344298362732,-2.3649840354919434,-0.0667799860239029,0.3581751585006714,0.0007884547812864184,0.341469407081604,0.5433657169342041,0.6766244769096375,0.537388265132904,-0.7477918267250061,-0.1749354898929596,-1.2573246955871582
series_145,-0.13719265162944794,0.13312113285064697,0.2156766802072525,-0.1871473491191864,-0.15746338665485382,-0.36141058802604675,1.7338200807571411,-0.20716023445129395,0.23177437484264374,0.24192558228969574,0.03953038528561592,0.2585384249687195,0.4261247515678406,-0.25303661823272705,0.8705976605415344,-0.4816763699054718,-0.008279049769043922,0.23311454057693481,-0.03218216076493263,-0.015412883833050728,0.6079195141792297,-0.7332463264465332,-0.8724870681762695,1.0021992921829224,-0.2936675548553467,0.04063640907406807,-0.06359029561281204,-0.195036381483078,-0.6960107088088989,0.40850818157196045,0.38802486658096313,0.5497944951057434,-0.18475492298603058,-1.3169974088668823,1.1788827180862427,-0.7585822343826294,-0.33699512481689453,0.1818283349275589,1.0613374710083008,0.6328883171081543,0.7504457831382751,-0.13510875403881073,-0.25989073514938354,-0.5387018918991089,0.036347895860672,-0.22555501759052277,-0.06793879717588425,-0.9593093991279602,0.4118730425834656,0.15024171769618988,-0.7386614084243774,-0.5437002182006836,0.2918739318847656,-2.2829506397247314,0.2536259889602661,0.107683926820755,0.12906652688980103,0.4103476107120514,0.8533886671066284,0.8496384024620056,0.2780591547489166,-0.7512726187705994,-0.04442731291055679,-1.3502781391143799
series_146,0.31545501947402954,0.09095374494791031,0.21006038784980774,-0.03251707926392555,-0.21234460175037384,-0.10359743982553482,1.5983425378799438,-0.2883332073688507,0.2998164892196655,0.25383999943733215,-0.04459274932742119,0.07610110938549042,0.013541230000555515,-0.3866541385650635,1.2504981756210327,-0.37787094712257385,-0.049103669822216034,0.34823504090309143,0.07494783401489258,-0.06250227987766266,0.7603368163108826,-0.4151464104652405,-0.7310183048248291,1.3914555311203003,-0.3687252104282379,0.11767587065696716,0.08069030195474625,-0.020684627816081047,-0.3694031238555908,0.3982897400856018,0.33314552903175354,0.6373990178108215,-0.3804515600204468,-1.433617353439331,0.8208068013191223,-0.6987671852111816,-0.10034088045358658,0.06132299080491066,1.2009658813476562,0.3363790512084961,0.951343297958374,-0.3336068093776703,-0.32468026876449585,-0.4678872525691986,0.35473427176475525,-0.6945408582687378,-0.25687459111213684,-1.080575942993164,0.461322158575058,0.3422158658504486,-0.9498905539512634,-0.3785238564014435,0.3338450789451599,-2.296271800994873,0.08776295185089111,0.251206636428833,0.07437518984079361,0.4415060877799988,0.6691697835922241,0.75861656665802,0.5059974193572998,-0.6761828064918518,-0.18162602186203003,-1.2467836141586304
series_147,-0.5480868220329285,0.31313440203666687,0.0028749119956046343,-0.2825359106063843,-0.06033854931592941,-0.5251102447509766,1.7842493057250977,-0.03798316791653633,0.38743293285369873,0.3756670355796814,-0.04537922516465187,0.5726861357688904,0.381055623292923,-0.01683594472706318,0.543510377407074,-0.5100894570350647,0.0731884315609932,0.10644564032554626,0.12299871444702148,0.26966825127601624,0.5289119482040405,-1.1499807834625244,-0.7891879081726074,0.7205482125282288,-0.23700781166553497,-0.005010190885514021,-0.2640880346298218,-0.289533793926239,-0.9479020237922668,0.3705254793167114,0.4038918912410736,0.3156973123550415,-0.06200515106320381,-1.2816303968429565,1.4662652015686035,-0.7945003509521484,-0.3522571623325348,0.2852875888347626,1.0571614503860474,0.7404061555862427,0.31939491629600525,0.15614132583141327,-0.31759220361709595,-0.5124632716178894,-0.18773500621318817,-0.021628541871905327,-0.05843576043844223,-0.6820958852767944,0.5490355491638184,-0.02284548245370388,-0.6498510837554932,-0.4346748888492584,0.32631367444992065,-1.9218930006027222,0.37997469305992126,-0.021422933787107468,0.15899552404880524,0.2887643873691559,0.9875055551528931,0.937637984752655,0.2310817986726761,-0.6004107594490051,0.04751758649945259,-1.3234925270080566
series_148,0.5754771828651428,0.10734221339225769,0.3624466359615326,0.04326808825135231,-0.24906517565250397,0.011864759027957916,1.4610472917556763,-0.39451268315315247,0.36957311630249023,0.30846354365348816,-0.0774809792637825,-0.002200904069468379,-0.11559983342885971,-0.5319583415985107,1.4067310094833374,-0.25267308950424194,-0.2162189781665802,0.4677986800670624,-0.08221101760864258,-0.1051664799451828,0.6501577496528625,-0.1982681006193161,-0.6660593152046204,1.3679230213165283,-0.3379965126514435,0.09214307367801666,0.0821666345000267,0.1647988110780716,-0.3812057673931122,0.23618584871292114,0.24985253810882568,0.7217451930046082,-0.43964001536369324,-1.4375685453414917,0.830175518989563,-0.5777975916862488,-0.13326990604400635,-0.01610703207552433,1.2245652675628662,0.3382111191749573,0.9738046526908875,-0.5650535225868225,-0.3324822187423706,-0.5575827956199646,0.4777837097644806,-0.8500064611434937,-0.309391587972641,-1.2540034055709839,0.3748835623264313,0.4972689747810364,-1.0771496295928955,-0.2716129422187805,0.10907262563705444,-2.3048417568206787,-0.021137623116374016,0.41772934794425964,0.015512232668697834,0.29923975467681885,0.4747617840766907,0.6162062287330627,0.5435327291488647,-0.7224218249320984,-0.23081202805042267,-1.1424062252044678
series_149,-0.17734818160533905,0.1521521806716919,0.18880906701087952,-0.19358624517917633,-0.1498897671699524,-0.33387354016304016,1.8078759908676147,-0.11504567414522171,0.3501087725162506,0.32952597737312317,-0.040020015090703964,0.3713850975036621,0.29579877853393555,-0.23217740654945374,0.7983034253120422,-0.4944997727870941,0.09913033992052078,0.18024997413158417,0.06017899140715599,0.08555816113948822,0.5998053550720215,-0.8994258046150208,-0.8215985298156738,1.0514241456985474,-0.3453172445297241,0.09608782827854156,-0.08207615464925766,-0.23264160752296448,-0.6724685430526733,0.35045143961906433,0.4375838339328766,0.44183114171028137,-0.1942133754491806,-1.2690035104751587,1.2910698652267456,-0.7551190853118896,-0.28720927238464355,0.15026737749576569,1.0565574169158936,0.6261731386184692,0.6404045224189758,-0.0459720715880394,-0.2748919129371643,-0.5376507639884949,-0.06501635909080505,-0.2484946995973587,-0.09516894072294235,-0.8731092214584351,0.41820722818374634,0.11144820600748062,-0.8295824527740479,-0.43943387269973755,0.37165817618370056,-2.1544032096862793,0.2681133449077606,0.08825390785932541,0.1498914659023285,0.4600614309310913,0.9297033548355103,0.9213870167732239,0.3412579298019409,-0.6421640515327454,-0.059713512659072876,-1.3120276927947998
series_150,0.14857299625873566,0.05522359535098076,0.2162744253873825,-0.04331238940358162,-0.16613692045211792,-0.2551333010196686,1.569646954536438,-0.28719037771224976,0.20330719649791718,0.1707606315612793,0.1123850867152214,0.03978383168578148,0.16355003416538239,-0.3815367519855499,1.171918272972107,-0.40729042887687683,-0.08552248030900955,0.2590889632701874,-0.004081789404153824,-0.1066550761461258,0.7178547978401184,-0.39640581607818604,-0.8576861619949341,1.222901701927185,-0.3609517812728882,0.06736263632774353,0.039537377655506134,-0.021227119490504265,-0.487894207239151,0.46955668926239014,0.3458590805530548,0.6841947436332703,-0.32823142409324646,-1.4413256645202637,0.8173738718032837,-0.7328475713729858,-0.23384366929531097,0.11216277629137039,1.1376348733901978,0.4533342123031616,1.012290596961975,-0.35816720128059387,-0.32225412130355835,-0.5036653280258179,0.2694869041442871,-0.5134357810020447,-0.12088806182146072,-1.0315085649490356,0.4238327443599701,0.29823002219200134,-0.832831084728241,-0.4516013264656067,0.33194592595100403,-2.3310956954956055,0.09261946380138397,0.19284948706626892,0.040256742388010025,0.41757431626319885,0.651191234588623,0.762274980545044,0.42610692977905273,-0.7341729402542114,-0.07978907972574234,-1.3109352588653564
series_151,0.4472947418689728,0.07010380178689957,0.24380402266979218,0.09587763249874115,-0.3702278137207031,0.03757655620574951,0.9667781591415405,-0.41857242584228516,0.5172935128211975,0.25969088077545166,-0.22727413475513458,-0.1710834950208664,0.026056567206978798,-0.19832086563110352,1.719748616218567,-0.3172129690647125,-0.4791605472564697,0.6756744384765625,-0.2613878846168518,0.05319921299815178,0.7943079471588135,-0.17483142018318176,-0.682136058807373,1.1428941488265991,-0.44130027294158936,0.0029326200019568205,0.12126895040273666,0.3755636513233185,-0.5704727172851562,0.11834511160850525,0.2644939720630646,0.7270834445953369,-0.4316057860851288,-1.2533435821533203,0.43023568391799927,-0.4739721715450287,-0.24154381453990936,-0.4976598024368286,1.7008624076843262,0.19953115284442902,0.749448299407959,-0.39275097846984863,-0.2107200175523758,-0.7644729018211365,0.8107661008834839,-1.0322144031524658,-0.4787222743034363,-0.9991596341133118,0.5654341578483582,0.8282719254493713,-0.8285660743713379,-0.1449979990720749,-0.3512047231197357,-2.258676528930664,0.17393532395362854,0.5774732828140259,-0.12164854258298874,0.2139873504638672,0.1881597638130188,0.33885079622268677,0.5471346378326416,-0.8231213688850403,0.002495627151802182,-0.7713311910629272
series_152,0.6771654486656189,0.10414990782737732,0.2744022607803345,0.1571926772594452,-0.1573018878698349,-0.040764257311820984,1.2577261924743652,-0.5086853504180908,0.48059678077697754,0.28941601514816284,0.1324804276227951,-0.12367989122867584,-0.2288573533296585,-0.45558837056159973,1.6799815893173218,-0.18463408946990967,-0.4368343651294708,0.4005388915538788,-0.10194087028503418,-0.1656833440065384,0.7923552393913269,0.10476239770650864,-0.7239066362380981,1.3688944578170776,-0.34608379006385803,-0.04280944541096687,0.14370322227478027,0.21986261010169983,-0.3094967007637024,0.35190829634666443,0.2515675127506256,0.8211365342140198,-0.4762703478336334,-1.5239448547363281,0.4759158194065094,-0.5957951545715332,-0.07935637980699539,-0.032604243606328964,1.3365023136138916,0.18983569741249084,1.1117650270462036,-0.6998776197433472,-0.4385528564453125,-0.5654960870742798,0.6436290740966797,-0.9830220937728882,-0.3061976134777069,-1.2687982320785522,0.5309002995491028,0.6162687540054321,-1.0481582880020142,-0.19258339703083038,0.05674761161208153,-2.2572097778320312,-0.17652232944965363,0.4280456602573395,-0.08484362810850143,0.19291257858276367,0.2397337406873703,0.4389876425266266,0.6982262134552002,-0.6646304726600647,-0.19289907813072205,-1.1724871397018433
series_153,0.20157910883426666,0.11185649037361145,0.3430311679840088,-0.0608910508453846,-0.16677306592464447,-0.21045807003974915,1.650492787361145,-0.35529768466949463,0.1957738846540451,0.19190867245197296,0.07956486195325851,0.09785285592079163,0.3274437487125397,-0.3619900941848755,1.0989630222320557,-0.40744319558143616,-0.11354046314954758,0.3089168071746826,-0.15001875162124634,-0.16317541897296906,0.656492292881012,-0.36284127831459045,-0.8760416507720947,1.1831260919570923,-0.3245741128921509,0.07464474439620972,0.01951306127011776,-0.05798595771193504,-0.6170843839645386,0.3785936236381531,0.3072303533554077,0.7125471234321594,-0.2910773456096649,-1.4135818481445312,0.9954322576522827,-0.6820473670959473,-0.301682710647583,0.15355218946933746,1.088276982307434,0.5512500405311584,0.9632108211517334,-0.35128456354141235,-0.24794752895832062,-0.5802997946739197,0.2442181408405304,-0.4872095286846161,-0.111214779317379,-1.1955444812774658,0.3428700566291809,0.28799837827682495,-0.8377819657325745,-0.5172104835510254,0.17852547764778137,-2.4101600646972656,0.09085986018180847,0.24770140647888184,0.10490594059228897,0.37903833389282227,0.7220520377159119,0.7636688351631165,0.3459915816783905,-0.7987197041511536,-0.11271239072084427,-1.3302862644195557
series_154,0.14596252143383026,0.12613174319267273,-0.024400366470217705,-0.22477510571479797,-0.4255680739879608,-0.24367977678775787,1.559312343597412,-0.46742627024650574,0.22101762890815735,0.15512318909168243,-0.11714527755975723,0.16100287437438965,0.21788646280765533,-0.3675777018070221,1.1898356676101685,-0.4268606901168823,-0.08793660253286362,0.30829349160194397,0.14331746101379395,-0.05536128953099251,0.8323842883110046,-0.6716755032539368,-0.7645183801651001,1.3192732334136963,-0.13414010405540466,0.11818021535873413,0.07764523476362228,-0.18693807721138,-0.3388896584510803,0.5382465720176697,0.38153862953186035,0.46857941150665283,-0.3056856691837311,-1.3350026607513428,0.8641296029090881,-0.7822555303573608,-0.05815506726503372,0.05007243528962135,1.1170616149902344,0.34365779161453247,0.9560192227363586,-0.15184004604816437,-0.09360940009355545,-0.4350489675998688,0.1629946529865265,-0.5609734058380127,-0.15309855341911316,-0.8932211995124817,0.5157445073127747,0.25956034660339355,-0.8638578653335571,-0.5506306886672974,0.41361939907073975,-2.310384750366211,0.3275441825389862,0.2502017915248871,0.18506541848182678,0.47424769401550293,0.7158516645431519,0.6397202014923096,0.408884197473526,-0.7938249707221985,-0.09199197590351105,-1.2300790548324585
series_155,-0.5851378440856934,0.3309389054775238,-0.009261815808713436,-0.3087805211544037,-0.06531337648630142,-0.5382353067398071,1.7483346462249756,-0.058533523231744766,0.3890153765678406,0.37081480026245117,-0.07363109290599823,0.6008051633834839,0.3964783549308777,-0.0008400545339100063,0.5261684060096741,-0.5079761147499084,0.03995070606470108,0.11238521337509155,0.12566101551055908,0.29911306500434875,0.505371630191803,-1.1731129884719849,-0.7950931787490845,0.6885663866996765,-0.20132096111774445,-0.0052156331948935986,-0.28624266386032104,-0.2983369529247284,-0.9609768986701965,0.38554686307907104,0.38006290793418884,0.2919180691242218,-0.05448048189282417,-1.258418083190918,1.4661928415298462,-0.7951822280883789,-0.3761882185935974,0.2990448772907257,1.0578821897506714,0.745320200920105,0.27524101734161377,0.1923927217721939,-0.32660722732543945,-0.5038730502128601,-0.20813733339309692,-8.557515684515238e-05,-0.04433753341436386,-0.6342934370040894,0.5457958579063416,-0.019311441108584404,-0.6371141076087952,-0.4338371455669403,0.3004828691482544,-1.8890647888183594,0.4209271967411041,-0.014264348894357681,0.16267763078212738,0.2729831337928772,0.9700182676315308,0.9224989414215088,0.2095770537853241,-0.5858985185623169,0.06690917164087296,-1.294128179550171
series_156,0.4715505540370941,0.21272481977939606,0.4380524158477783,0.07118285447359085,-0.18449625372886658,-0.09372369199991226,1.6074092388153076,-0.37649914622306824,0.33693408966064453,0.2608852684497833,0.028906753286719322,0.07658454775810242,0.0245345626026392,-0.4246406853199005,1.3405717611312866,-0.2584938704967499,-0.121406190097332,0.36123940348625183,-0.15709418058395386,-0.1761700063943863,0.6901427507400513,-0.23569825291633606,-0.7669593691825867,1.3443273305892944,-0.3866622745990753,0.0766562819480896,0.07744035869836807,0.10837525129318237,-0.5712190270423889,0.2726368308067322,0.3202473521232605,0.736189603805542,-0.3676517903804779,-1.5106009244918823,0.968441903591156,-0.6360506415367126,-0.1766585409641266,3.263901453465223e-05,1.1946626901626587,0.48924848437309265,0.9856439828872681,-0.5123507380485535,-0.2755686640739441,-0.6084142327308655,0.4329476058483124,-0.8230732679367065,-0.2620429992675781,-1.381184697151184,0.39025312662124634,0.42883920669555664,-1.0362211465835571,-0.31995922327041626,0.17849428951740265,-2.3891677856445312,-0.0889708548784256,0.348216712474823,0.009595637209713459,0.3532577157020569,0.6468666791915894,0.6931341290473938,0.5086594223976135,-0.7281631231307983,-0.22243338823318481,-1.292799711227417
series_157,-0.11067728698253632,0.1662866175174713,0.2391396313905716,-0.1590309888124466,-0.12463691085577011,-0.3391859829425812,1.7904596328735352,-0.1460370421409607,0.28854063153266907,0.29421427845954895,0.019819101318717003,0.30303433537483215,0.3267611265182495,-0.26976680755615234,0.8259715437889099,-0.448212593793869,0.0687694326043129,0.22040152549743652,-0.017048124223947525,0.01654474250972271,0.5733129382133484,-0.765333354473114,-0.8331854343414307,1.0342060327529907,-0.33978474140167236,0.06711899489164352,-0.07817774266004562,-0.16944259405136108,-0.7195332050323486,0.33642295002937317,0.40218791365623474,0.5407056212425232,-0.1910230964422226,-1.3345602750778198,1.2365684509277344,-0.7509480118751526,-0.3004070818424225,0.1597130000591278,1.0653271675109863,0.6335991621017456,0.6871982216835022,-0.15113450586795807,-0.2806139588356018,-0.5416651368141174,0.026714028790593147,-0.27908676862716675,-0.11080359667539597,-0.9816121459007263,0.4011426270008087,0.1482219398021698,-0.8059619665145874,-0.4636519253253937,0.3296717703342438,-2.2254104614257812,0.21457238495349884,0.0937918871641159,0.10978702455759048,0.4198550879955292,0.8956887722015381,0.8953219652175903,0.3204074203968048,-0.7046213150024414,-0.06934225559234619,-1.3487191200256348
series_158,0.519496500492096,0.12420937418937683,0.4107573926448822,0.11833099275827408,-0.1648215353488922,-0.10349702835083008,1.5352779626846313,-0.4132084548473358,0.3323129713535309,0.23283368349075317,0.10390851646661758,-0.013002405874431133,0.08862171322107315,-0.4090176224708557,1.319196343421936,-0.2901313602924347,-0.19083832204341888,0.42457014322280884,-0.20370572805404663,-0.20754744112491608,0.6684451699256897,-0.1193661168217659,-0.801437497138977,1.279587984085083,-0.32691892981529236,0.05000075325369835,0.041901327669620514,0.11978211998939514,-0.5651991367340088,0.2718372046947479,0.25994762778282166,0.8229060769081116,-0.37589743733406067,-1.5178711414337158,0.8125506043434143,-0.6286150813102722,-0.20499372482299805,0.005695706233382225,1.2027161121368408,0.3979531228542328,1.026013970375061,-0.5589828491210938,-0.32033485174179077,-0.6111608743667603,0.44084280729293823,-0.7655764818191528,-0.22537221014499664,-1.3446372747421265,0.3661092519760132,0.4741319715976715,-0.9588525295257568,-0.3450561463832855,0.058008696883916855,-2.4317803382873535,-0.09347796440124512,0.37596115469932556,0.0040516601875424385,0.2821377217769623,0.5555984973907471,0.6461507678031921,0.4963326156139374,-0.8270072340965271,-0.1736559420824051,-1.2313114404678345
series_159,0.1899290829896927,0.4878581464290619,0.17232684791088104,-0.05538695678114891,-0.615425169467926,-0.4431512653827667,1.127768874168396,-0.5398298501968384,0.20917600393295288,0.11749367415904999,-0.44793814420700073,0.10829706490039825,0.37690430879592896,-0.20287859439849854,1.5830141305923462,-0.46062779426574707,-0.24018487334251404,0.3123106360435486,0.025604721158742905,0.0673433393239975,0.9119271039962769,-0.6943223476409912,-0.8574497699737549,1.1279866695404053,-0.07419095188379288,0.2554304599761963,0.2302379459142685,-0.001949188532307744,-0.6104583740234375,0.5177275538444519,0.44376128911972046,0.18268045783042908,-0.540281355381012,-1.2783465385437012,0.6887946724891663,-0.49088454246520996,-0.2185373604297638,-0.5369939208030701,1.4433972835540771,0.5075849294662476,0.8347002863883972,0.03327789157629013,-0.06906706839799881,-0.6215830445289612,0.46765533089637756,-0.8702852129936218,-0.4701458215713501,-0.8848801255226135,0.6941455602645874,0.7036149501800537,-0.6340283751487732,-0.3755909502506256,0.017968442291021347,-2.324514865875244,0.31125345826148987,0.21497398614883423,-0.07060516625642776,0.5087148547172546,0.6351845264434814,0.5458211302757263,0.43472784757614136,-0.7247371077537537,-0.2090616226196289,-0.836206316947937
series_160,0.15020637214183807,0.03358637914061546,0.12135155498981476,-0.03485510125756264,-0.20999322831630707,-0.18564599752426147,1.5784193277359009,-0.10626427084207535,0.2824968099594116,0.28827133774757385,-0.05458257719874382,0.060253892093896866,-0.06406610459089279,-0.4570726752281189,1.1013904809951782,-0.4023037850856781,0.06759301573038101,0.41676393151283264,0.13348203897476196,0.0927913635969162,0.6957266330718994,-0.5991857051849365,-0.7009897828102112,1.238135814666748,-0.362348735332489,0.11593069136142731,0.01444972213357687,0.07733044028282166,-0.40901806950569153,0.3070259988307953,0.3283141255378723,0.6383588910102844,-0.35589322447776794,-1.4519493579864502,0.7555327415466309,-0.7352036833763123,-0.15456053614616394,-0.030326643958687782,1.2700486183166504,0.32573243975639343,0.7935323119163513,-0.3089739680290222,-0.4137827754020691,-0.3842582106590271,0.36659929156303406,-0.5598382949829102,-0.31489282846450806,-0.8678527474403381,0.478738933801651,0.33152225613594055,-0.9010565280914307,-0.3030685782432556,0.3938305079936981,-2.2451162338256836,0.19991353154182434,0.14275401830673218,0.01255208719521761,0.4530516266822815,0.6909706592559814,0.7875041365623474,0.5125845074653625,-0.7005595564842224,-0.1103358194231987,-1.1666897535324097
series_161,0.3649253845214844,0.1382812261581421,0.4062756299972534,0.01491219736635685,-0.17244824767112732,-0.12336477637290955,1.605574369430542,-0.3759089410305023,0.28422582149505615,0.21967656910419464,0.04495732858777046,0.07553107291460037,0.15156282484531403,-0.4499865174293518,1.2175296545028687,-0.31554046273231506,-0.13370783627033234,0.38742899894714355,-0.17107617855072021,-0.14256657660007477,0.6436209082603455,-0.266206830739975,-0.8121583461761475,1.2645286321640015,-0.35942864418029785,0.0716855376958847,0.03710133582353592,0.040672603994607925,-0.5785415172576904,0.3030487298965454,0.2882976830005646,0.7478614449501038,-0.3467511236667633,-1.4892828464508057,0.9387783408164978,-0.6730063557624817,-0.21935398876667023,0.06965712457895279,1.1413663625717163,0.4976406395435333,0.9820205569267273,-0.4574914574623108,-0.29790669679641724,-0.5827036499977112,0.33803680539131165,-0.6744471788406372,-0.20192807912826538,-1.2755064964294434,0.34464579820632935,0.37936756014823914,-0.9489705562591553,-0.39946600794792175,0.17555347084999084,-2.413839101791382,0.00376836396753788,0.2955574095249176,0.029799167066812515,0.3541492819786072,0.6569375991821289,0.7166424989700317,0.44096240401268005,-0.7523441910743713,-0.17435915768146515,-1.2734313011169434
series_162,0.3746480643749237,-0.37181150913238525,-0.656404972076416,-0.45473137497901917,-0.8012098073959351,-0.052124232053756714,0.7640925645828247,-0.3761635720729828,0.5834289193153381,0.5115874409675598,-0.8461954593658447,-0.1322816014289856,0.1397041529417038,-0.1937074363231659,1.193678855895996,-0.6563683748245239,-0.7433197498321533,0.5392172932624817,0.41886210441589355,0.29921406507492065,0.8718959093093872,-0.8087212443351746,-0.3690986633300781,0.7788636088371277,0.4745256006717682,0.1738404482603073,-0.2127189338207245,-0.42661771178245544,0.7691327929496765,0.5120678544044495,-0.13685329258441925,0.10994736850261688,-0.20517094433307648,-0.4334279000759125,0.018767913803458214,-0.31321778893470764,0.08618830889463425,-0.11464276164770126,1.1139554977416992,-0.507007896900177,0.4671573042869568,0.10635184496641159,-0.11630082875490189,0.018543025478720665,0.33435723185539246,-0.12459416687488556,-0.0972173735499382,0.21917550265789032,0.7633101344108582,0.26461219787597656,-0.6943984627723694,-0.20651452243328094,-0.3018481135368347,-1.4171860218048096,0.9767388701438904,0.6638445854187012,0.3842545449733734,-0.10398402065038681,-0.14927825331687927,-0.08838951587677002,0.25548771023750305,-0.7256690263748169,-0.189210906624794,-0.3065933883190155
series_163,-0.39036643505096436,0.24545440077781677,0.10772649943828583,-0.2544165551662445,-0.08617725968360901,-0.4728628098964691,1.7893903255462646,-0.0990140363574028,0.32097578048706055,0.32715192437171936,0.003054035361856222,0.4518047273159027,0.43339917063713074,-0.10102198272943497,0.6548424363136292,-0.4903651475906372,0.059231288731098175,0.14862942695617676,0.03763478621840477,0.1312534660100937,0.5321664214134216,-0.9872922897338867,-0.8273313045501709,0.8243992924690247,-0.2661646902561188,0.013512593694031239,-0.19126877188682556,-0.2578972280025482,-0.8731588125228882,0.37724733352661133,0.4058845639228821,0.42665284872055054,-0.09494952857494354,-1.282529592514038,1.3849358558654785,-0.78138267993927,-0.35639989376068115,0.2528163492679596,1.0509310960769653,0.7071139812469482,0.4847683906555176,0.025118181481957436,-0.2902408242225647,-0.5309926271438599,-0.10190950334072113,-0.08626990020275116,-0.055243633687496185,-0.8230236172676086,0.4799719452857971,0.042110688984394073,-0.6816757321357727,-0.49657097458839417,0.31760740280151367,-2.0726065635681152,0.3309376537799835,0.024100806564092636,0.14016127586364746,0.33832284808158875,0.9466747045516968,0.919278085231781,0.23410923779010773,-0.6725996136665344,0.013806077651679516,-1.361738920211792
series_164,0.46514472365379333,0.11585754156112671,0.3053223788738251,0.05494266003370285,-0.43665042519569397,0.15205569565296173,1.182080864906311,-0.4118364155292511,0.9518881440162659,0.4732263684272766,-0.2940260171890259,-0.0648268610239029,-0.43802380561828613,-0.3192192018032074,1.824567198753357,-0.281228631734848,-0.19488532841205597,0.5403417348861694,0.1517500877380371,0.21711203455924988,0.7985458374023438,-0.4045235216617584,-0.2710208594799042,1.2523685693740845,-0.4232698976993561,-0.29226985573768616,0.0975736454129219,0.08720347285270691,-0.19488029181957245,0.014209984801709652,0.45498573780059814,0.33243033289909363,-0.24521870911121368,-1.4294480085372925,0.6907033920288086,-0.3351999521255493,0.3578566014766693,-0.6400546431541443,1.550177812576294,0.24728427827358246,0.5392777919769287,-0.4392545223236084,-0.2685855031013489,-0.6014458537101746,0.6266127228736877,-1.1643728017807007,-0.8039082884788513,-1.0569088459014893,0.6230664253234863,0.6909258961677551,-1.1981828212738037,0.13787142932415009,0.27256521582603455,-2.0227580070495605,0.113191157579422,0.6316666603088379,0.05829319730401039,0.27955707907676697,0.44876813888549805,0.21704913675785065,0.7938830852508545,-0.5337327718734741,-0.4039316773414612,-1.0884150266647339
series_165,-0.18714360892772675,0.12573844194412231,0.05821852385997772,-0.14298267662525177,-0.12582170963287354,-0.29663988947868347,1.8648865222930908,0.02204057015478611,0.43168023228645325,0.38731008768081665,-0.046355944126844406,0.38119596242904663,0.11519221216440201,-0.21741673350334167,0.8173046708106995,-0.5083784461021423,0.24213749170303345,0.18358245491981506,0.19181370735168457,0.19728736579418182,0.7035010457038879,-1.0303235054016113,-0.6946959495544434,1.0989521741867065,-0.42621558904647827,0.0619865246117115,-0.07852166146039963,-0.17389747500419617,-0.6083883047103882,0.27938657999038696,0.5219634771347046,0.39187678694725037,-0.18023402988910675,-1.3496966361999512,1.265076994895935,-0.7904642224311829,-0.13531899452209473,0.07265356928110123,1.1037776470184326,0.5591073036193848,0.6032146215438843,-0.023935100063681602,-0.3163908123970032,-0.47888240218162537,-0.024591756984591484,-0.2836855351924896,-0.18828091025352478,-0.8219853043556213,0.5204479098320007,0.05257834494113922,-0.8430168628692627,-0.34744369983673096,0.5321528911590576,-2.077094316482544,0.22254115343093872,0.009046565741300583,0.13930648565292358,0.49054181575775146,0.9884937405586243,0.9485300779342651,0.45426511764526367,-0.5864794850349426,-0.11125955730676651,-1.3165918588638306
series_166,0.2844596207141876,0.011655283160507679,0.15996764600276947,-0.0597933791577816,-0.1869402825832367,-0.11865030229091644,1.5298309326171875,-0.24745281040668488,0.3532363772392273,0.3494762182235718,-0.10149715095758438,0.07533249258995056,-0.1753402203321457,-0.45707038044929504,1.278650164604187,-0.3982524871826172,-0.00908585824072361,0.36294275522232056,0.18929308652877808,0.017360730096697807,0.7118707895278931,-0.524542510509491,-0.6461695432662964,1.3981808423995972,-0.43628963828086853,0.037621524184942245,0.06700883060693741,0.04078132286667824,-0.26442912220954895,0.3660478889942169,0.3174852430820465,0.5753540396690369,-0.40046602487564087,-1.4730279445648193,0.663718044757843,-0.688012957572937,-0.033649422228336334,-0.08726003021001816,1.2008572816848755,0.3119000792503357,0.9343315958976746,-0.4030534029006958,-0.37895017862319946,-0.3960103988647461,0.3320889472961426,-0.7394885420799255,-0.2709706127643585,-0.8603677153587341,0.4649820923805237,0.4171953499317169,-1.0452466011047363,-0.2720796763896942,0.49227285385131836,-2.1687941551208496,0.1305387318134308,0.19125066697597504,0.0006726429564878345,0.456137478351593,0.6041504144668579,0.7485936880111694,0.5366052389144897,-0.590027928352356,-0.18005239963531494,-1.2451022863388062
series_167,0.809912383556366,-0.3557526171207428,-0.788317084312439,-0.28545787930488586,-0.5594267845153809,0.44912609457969666,0.6740619540214539,-0.4542713761329651,0.6269825100898743,0.5421506762504578,-0.6600143313407898,-0.4148554503917694,-0.28510648012161255,-0.4809470772743225,1.6660830974578857,-0.3894965648651123,-1.0621367692947388,0.964910089969635,0.43351083993911743,0.08492152392864227,0.9887247681617737,-0.18130679428577423,0.10227123647928238,1.0764521360397339,0.18190734088420868,-0.10760080814361572,-0.004648113157600164,-0.06959092617034912,0.7758176326751709,0.30433350801467896,-0.18407632410526276,0.5667433738708496,-0.32792532444000244,-0.7029979228973389,-0.13075892627239227,-0.24195481836795807,0.34107160568237305,0.1510806530714035,1.2623493671417236,-0.9374126195907593,0.6464883089065552,-0.3114125430583954,-0.26642972230911255,-0.1327851414680481,0.7173706889152527,-0.5816576480865479,-0.5987840294837952,-0.47113779187202454,0.6933732032775879,0.3936592936515808,-0.6765156388282776,-0.24302880465984344,-0.5218325853347778,-1.3759076595306396,0.639693021774292,0.7726783752441406,0.4725039303302765,-0.38606181740760803,-0.6973480582237244,-0.06420794874429703,0.6500811576843262,-0.7529866099357605,-0.10213852673768997,-0.2691373825073242
series_168,0.06656242907047272,0.17613862454891205,0.09104262292385101,-0.1849471777677536,-0.3639354109764099,-0.1399659812450409,1.339690923690796,-0.16863343119621277,0.3297938108444214,0.29004204273223877,-0.4957243800163269,0.2350599765777588,0.02056863345205784,-0.46081608533859253,1.2261625528335571,-0.48044806718826294,-0.1644512116909027,0.4546704590320587,0.27327561378479004,0.28980883955955505,0.7537367939949036,-0.7742464542388916,-0.6677381992340088,1.3781682252883911,-0.4048234522342682,0.19923952221870422,0.1236947551369667,-0.14837071299552917,-0.19978056848049164,0.37740397453308105,0.3282892405986786,0.3131974935531616,-0.5137653350830078,-1.2817775011062622,0.7387930750846863,-0.6599506139755249,-0.21302291750907898,-0.11384411156177521,1.342252492904663,0.28208765387535095,0.7922245860099792,-0.08266206830739975,-0.37614327669143677,-0.449838787317276,0.32675135135650635,-0.6716173887252808,-0.3323659598827362,-0.6118103265762329,0.3610089123249054,0.3931717574596405,-0.9370337724685669,-0.2839157283306122,0.22684036195278168,-2.1487998962402344,0.5336431264877319,0.21229097247123718,0.17261159420013428,0.5227403044700623,0.5524966716766357,0.7360692024230957,0.4396933913230896,-0.4204718768596649,-0.0930030569434166,-0.9307615160942078
series_169,0.347665399312973,0.1395626962184906,0.4203118681907654,-0.0036899279803037643,-0.171525776386261,-0.13612022995948792,1.6171543598175049,-0.3910510241985321,0.2511846423149109,0.21531012654304504,0.039930034428834915,0.08194610476493835,0.22725389897823334,-0.42749732732772827,1.177490234375,-0.3386438190937042,-0.14269983768463135,0.3810059726238251,-0.20321089029312134,-0.16225667297840118,0.6253958940505981,-0.2685999870300293,-0.8350245952606201,1.2418996095657349,-0.3446861207485199,0.07967941462993622,0.02624601684510708,0.022872330620884895,-0.6156965494155884,0.3008808195590973,0.27421003580093384,0.7568886280059814,-0.33758628368377686,-1.4689093828201294,0.9686910510063171,-0.6580630540847778,-0.2655118405818939,0.08984903246164322,1.1226513385772705,0.5262588262557983,0.9804469347000122,-0.4437556266784668,-0.2716776728630066,-0.6016578078269958,0.3183783292770386,-0.6316013932228088,-0.16669344902038574,-1.2795581817626953,0.31548571586608887,0.37205803394317627,-0.9251132011413574,-0.43878820538520813,0.13150309026241302,-2.4299850463867188,0.02996772713959217,0.2987848222255707,0.05597079172730446,0.3464641273021698,0.6712582111358643,0.7265995740890503,0.3916899263858795,-0.7807319760322571,-0.15671227872371674,-1.285101056098938
series_170,0.40801331400871277,0.09059016406536102,-0.7837778329849243,-0.1554843634366989,-1.0153504610061646,-0.1646001636981964,0.7477723956108093,0.03487744554877281,0.30693456530570984,0.2816476821899414,-0.38207197189331055,-0.42288851737976074,-0.6023433208465576,-0.8620719313621521,1.5779880285263062,-0.34035518765449524,-0.7053293585777283,0.46616867184638977,0.49769359827041626,0.2242669314146042,1.2196433544158936,-0.16902834177017212,-0.41707977652549744,0.9507878422737122,0.4101153314113617,-0.18072229623794556,0.3530702292919159,0.1607215702533722,0.5123627185821533,0.4407343864440918,0.3906067907810211,0.2914987802505493,-0.4289579391479492,-0.9399651885032654,-0.12349773198366165,-0.47263801097869873,0.22919434309005737,0.05723607912659645,1.3508886098861694,-0.3865630030632019,0.5207398533821106,-0.23092107474803925,-0.2358212023973465,-0.30787840485572815,1.133424997329712,-0.418051153421402,-0.9275969862937927,-0.39795592427253723,1.3236567974090576,0.33669862151145935,-0.47880733013153076,-0.20995168387889862,-0.5047886967658997,-1.8286421298980713,0.3414730727672577,0.31895574927330017,0.1690368354320526,0.13798707723617554,-0.06624551117420197,-0.18603849411010742,0.6765406131744385,-0.5064268112182617,-0.2447785884141922,-0.3539574146270752
series_171,-0.26349958777427673,0.1836358904838562,0.13647757470607758,-0.21569949388504028,-0.1108560636639595,-0.4072338938713074,1.7909770011901855,-0.1154799535870552,0.2853895127773285,0.29785269498825073,0.01839282177388668,0.35799065232276917,0.38367173075675964,-0.17895753681659698,0.7524884939193726,-0.49059340357780457,0.0753648653626442,0.17720763385295868,0.033594902604818344,0.08253733813762665,0.5845300555229187,-0.8960183262825012,-0.8315514326095581,0.9394317865371704,-0.3186183273792267,0.048616643995046616,-0.12154760211706161,-0.21662718057632446,-0.7736942768096924,0.38118237257003784,0.42039918899536133,0.4728640615940094,-0.15470604598522186,-1.301905870437622,1.2951407432556152,-0.7828894257545471,-0.3192752003669739,0.21214359998703003,1.0664892196655273,0.6550288200378418,0.6073294281959534,-0.044576846063137054,-0.2855786681175232,-0.5251039862632751,-0.02964623086154461,-0.16777171194553375,-0.07715585082769394,-0.8831458687782288,0.46691253781318665,0.08196169137954712,-0.7195035219192505,-0.4990057051181793,0.35903242230415344,-2.153082847595215,0.2847558557987213,0.03690248355269432,0.11921782046556473,0.4000329375267029,0.9237672090530396,0.919195830821991,0.28258243203163147,-0.6920318007469177,-0.02556554600596428,-1.3583687543869019
series_172,0.6609880328178406,0.42180898785591125,0.3263939321041107,0.07526378333568573,-0.3133400082588196,0.151471346616745,1.1035161018371582,-0.5731777548789978,0.4496603012084961,0.31236374378204346,-0.2962798774242401,-0.047386933118104935,-0.442030668258667,-0.44784897565841675,1.8037821054458618,-0.18892961740493774,-0.5517604351043701,0.40261468291282654,-0.08396404981613159,0.02807961218059063,0.9284042716026306,0.026588791981339455,-0.4405730962753296,1.4796980619430542,-0.4325594902038574,-0.18488340079784393,0.2725514769554138,0.01923367567360401,-0.1438712626695633,0.1570730209350586,0.29596373438835144,0.6923292279243469,-0.3871241509914398,-1.6227710247039795,0.5701385140419006,-0.4032987058162689,-0.022172128781676292,-0.20191465318202972,1.5280253887176514,0.15737780928611755,0.8831207156181335,-0.6980247497558594,-0.260783851146698,-0.5697622299194336,0.73158198595047,-1.3251069784164429,-0.5264384150505066,-1.178609848022461,0.45459264516830444,0.6582189798355103,-1.253259539604187,0.041843753308057785,-0.019694272428750992,-2.0711026191711426,0.021114947274327278,0.5141776204109192,0.07108939439058304,0.140999436378479,0.09745408594608307,0.25172531604766846,0.6129255294799805,-0.36288946866989136,-0.1660597026348114,-1.17961847782135
series_173,-0.08916766941547394,0.1546856164932251,0.25948020815849304,-0.14747218787670135,-0.11390774697065353,-0.33210644125938416,1.773842692375183,-0.1898353397846222,0.26456233859062195,0.2654220163822174,0.05870654061436653,0.26480260491371155,0.4070541560649872,-0.23749223351478577,0.8816809058189392,-0.4463973939418793,0.01606643758714199,0.2231089323759079,-0.06699854135513306,-0.040662188082933426,0.5996741652488708,-0.6886146068572998,-0.8408984541893005,1.0101191997528076,-0.33354297280311584,0.01927308365702629,-0.06474190205335617,-0.1673833727836609,-0.7342008948326111,0.36598920822143555,0.3941097557544708,0.5746431350708008,-0.17351572215557098,-1.3495512008666992,1.2279083728790283,-0.7428306341171265,-0.3049815595149994,0.17469367384910583,1.0621546506881714,0.6547754406929016,0.7466885447502136,-0.17633403837680817,-0.2584906220436096,-0.5633686184883118,0.053999900817871094,-0.2766284644603729,-0.10118817538022995,-1.0481489896774292,0.3979185223579407,0.1580744832754135,-0.7684871554374695,-0.5104625225067139,0.28882357478141785,-2.282904863357544,0.18557628989219666,0.1275767982006073,0.12789931893348694,0.3989933133125305,0.8750327825546265,0.8687025904655457,0.3037475049495697,-0.7503569722175598,-0.07310903072357178,-1.3835844993591309
series_174,0.26454344391822815,0.1778150498867035,0.33800867199897766,0.0030423346906900406,-0.1878083050251007,-0.1836559921503067,1.6798399686813354,-0.37262484431266785,0.24444764852523804,0.2619726061820984,0.040282268077135086,0.10919792950153351,0.23616619408130646,-0.2996171712875366,1.185328483581543,-0.3855529725551605,-0.04123862832784653,0.3634720742702484,-0.10261642932891846,-0.198715940117836,0.6860304474830627,-0.408791720867157,-0.8743890523910522,1.2878046035766602,-0.3484523594379425,0.08915063738822937,0.029884880408644676,0.008259895257651806,-0.670364499092102,0.3244389295578003,0.29092103242874146,0.7050158977508545,-0.35582664608955383,-1.4704643487930298,0.930894672870636,-0.653035581111908,-0.24419035017490387,0.026511451229453087,1.1671710014343262,0.46710631251335144,0.9560708403587341,-0.40398889780044556,-0.26232677698135376,-0.5743032097816467,0.3633095324039459,-0.6496641635894775,-0.18882787227630615,-1.2485705614089966,0.4016461968421936,0.3673648536205292,-0.881402850151062,-0.5000201463699341,0.1918557733297348,-2.412083148956299,0.07196088135242462,0.26472845673561096,0.0538063682615757,0.40456879138946533,0.7323715686798096,0.7738825678825378,0.4195699393749237,-0.8133849501609802,-0.11456623673439026,-1.3219683170318604
series_175,0.4080846607685089,0.49759846925735474,0.016979144886136055,-0.3184962868690491,-0.1417652666568756,0.02019023895263672,0.6093644499778748,-0.3751142919063568,0.821783721446991,0.6408389806747437,-1.3478509187698364,0.7138579487800598,-0.19045938551425934,-0.2812061309814453,1.3183051347732544,-0.16310915350914001,-0.04970421642065048,0.6695096492767334,0.9248791337013245,0.16674427688121796,0.984334409236908,-0.9011956453323364,0.18576057255268097,1.5697717666625977,-0.516362190246582,0.22580091655254364,0.04270683974027634,-0.3780076503753662,0.46474897861480713,0.0042617907747626305,-0.1315530240535736,0.029771490022540092,-0.36263328790664673,-1.0923750400543213,0.04047207906842232,-0.10417576134204865,0.06817805022001266,-0.09263340383768082,1.5373594760894775,-0.16872616112232208,0.09953748434782028,-0.5014724731445312,-0.21788515150547028,0.04376628249883652,1.2536922693252563,-1.1344867944717407,-0.7343235015869141,-0.6469812393188477,0.0450618751347065,0.5988959670066833,-0.7632717490196228,0.018461449071764946,0.25601625442504883,-0.8734322190284729,1.4386039972305298,0.5693116188049316,0.9891298413276672,0.10447733849287033,0.37247931957244873,0.359443724155426,0.29403334856033325,0.37932315468788147,-0.43498465418815613,-0.5185106992721558
series_176,0.1842019110918045,-0.06070587411522865,0.06351512670516968,-0.29323863983154297,-0.5280140042304993,0.009051412343978882,1.4306159019470215,-0.40152594447135925,0.6435150504112244,0.35581472516059875,-0.4708403944969177,0.3278759717941284,0.07469821721315384,-0.3962005376815796,1.221060872077942,-0.45183444023132324,-0.2383386790752411,0.35375073552131653,0.22831082344055176,0.2246531993150711,0.6778188347816467,-0.8957905769348145,-0.6004704236984253,1.2969104051589966,-0.1771056056022644,0.1219177097082138,0.06677607446908951,-0.3107883334159851,0.024478832259774208,0.3594648838043213,0.38163527846336365,0.15665148198604584,-0.2775302827358246,-0.9461958408355713,0.9969615340232849,-0.6536574959754944,-0.0008740485063754022,-0.14967572689056396,1.120223879814148,0.307081937789917,0.6935722231864929,-0.01304527185857296,-0.20063932240009308,-0.45197373628616333,-0.040364429354667664,-0.5204597115516663,-0.1514425277709961,-0.5758321285247803,0.2547311782836914,0.28216060996055603,-1.1195576190948486,-0.2842726409435272,0.3100254535675049,-2.0275216102600098,0.5388163328170776,0.5304752588272095,0.3013603389263153,0.4984351694583893,0.5624299049377441,0.5267801880836487,0.4457598030567169,-0.5447580218315125,-0.13531945645809174,-0.9308328628540039
series_177,0.39281219244003296,0.15661826729774475,0.43769943714141846,0.03470100089907646,-0.15167191624641418,-0.09824898838996887,1.6261160373687744,-0.35146209597587585,0.3102545738220215,0.255270779132843,0.01632010005414486,0.09700166434049606,0.08898795396089554,-0.4565410614013672,1.2174243927001953,-0.3059360682964325,-0.10220947116613388,0.3908637464046478,-0.1710490584373474,-0.13579054176807404,0.6328523755073547,-0.2696269154548645,-0.7942126989364624,1.291617751121521,-0.38420620560646057,0.08269082009792328,0.03939677029848099,0.07361143827438354,-0.5879806280136108,0.2603972852230072,0.2826731503009796,0.7476580739021301,-0.36304476857185364,-1.4961739778518677,0.9687737822532654,-0.6488429307937622,-0.22363387048244476,0.052603829652071,1.1569093465805054,0.5008550882339478,0.9552676677703857,-0.475200891494751,-0.3147202134132385,-0.5888301134109497,0.34749311208724976,-0.7109061479568481,-0.22619232535362244,-1.2937029600143433,0.3347899317741394,0.3992612063884735,-0.9892336130142212,-0.35637742280960083,0.17129220068454742,-2.39475417137146,-0.020910656079649925,0.30456748604774475,0.023959998041391373,0.3641122281551361,0.6689248085021973,0.7401729226112366,0.46881356835365295,-0.7249574065208435,-0.1870824098587036,-1.2663474082946777
series_178,-0.00993193406611681,0.26654163002967834,-0.17190691828727722,-0.6976154446601868,-0.33996373414993286,-0.05091989040374756,1.7679269313812256,-0.5954077243804932,0.544623851776123,0.26474371552467346,-0.8167446255683899,0.9994472861289978,0.28854209184646606,-0.23407256603240967,1.0942343473434448,-0.6367950439453125,0.016147887334227562,-0.037179239094257355,0.35220491886138916,0.17405687272548676,1.017303466796875,-1.219502568244934,-0.5253400206565857,1.5767489671707153,-0.2742505967617035,0.007722687441855669,0.04846159368753433,-0.38364365696907043,-0.21398530900478363,0.656342625617981,0.15903893113136292,-0.1926974207162857,-0.20669354498386383,-1.046142816543579,1.1352254152297974,-0.9611729979515076,0.1149359866976738,0.08751963824033737,1.0017451047897339,0.6615420579910278,0.6471609473228455,0.47919782996177673,0.26965683698654175,-0.45861124992370605,-0.2208862602710724,-0.623070240020752,0.02725670486688614,-0.40409716963768005,0.4748372733592987,0.1534651815891266,-1.0205720663070679,-0.6488268971443176,0.8046900033950806,-1.80575430393219,0.7566664814949036,0.31170809268951416,0.34427061676979065,0.8100929260253906,1.102855920791626,0.6614022850990295,0.29850706458091736,-0.2453356236219406,-0.22312705218791962,-1.087877631187439
series_179,-0.13614223897457123,0.1545715481042862,0.22724507749080658,-0.22038120031356812,-0.1698717623949051,-0.35068613290786743,1.7505083084106445,-0.27818530797958374,0.22368307411670685,0.24022535979747772,0.01879272423684597,0.30350446701049805,0.485464483499527,-0.23870274424552917,0.856936514377594,-0.4766099452972412,-0.022572392597794533,0.2311156988143921,-0.06288838386535645,-0.05571051314473152,0.593326210975647,-0.7243001461029053,-0.8988516330718994,1.0193455219268799,-0.2720297873020172,0.054585035890340805,-0.06494400650262833,-0.22691577672958374,-0.720577597618103,0.41055330634117126,0.364251971244812,0.5347105860710144,-0.18279989063739777,-1.2854249477386475,1.2065911293029785,-0.7431337237358093,-0.3526375889778137,0.21629242599010468,1.0282748937606812,0.6441515684127808,0.739229679107666,-0.1180683895945549,-0.21731515228748322,-0.5468292832374573,0.021545158699154854,-0.23390524089336395,-0.04151546210050583,-0.992899477481842,0.37940990924835205,0.14472945034503937,-0.7419861555099487,-0.6008940935134888,0.2660042941570282,-2.278381824493408,0.2913556396961212,0.13356617093086243,0.17331552505493164,0.41597968339920044,0.8699261546134949,0.838528573513031,0.25812551379203796,-0.751293420791626,-0.030520088970661163,-1.3510359525680542
series_180,0.6605682969093323,-0.3047671616077423,-1.2061119079589844,-0.3974858224391937,-0.32047414779663086,0.24160002171993256,0.6281065344810486,-0.25628116726875305,0.9114024043083191,0.8163429498672485,-0.912846028804779,0.03708520159125328,-0.26676180958747864,-0.10261696577072144,1.2876334190368652,-0.4376813471317291,-0.8001920580863953,1.1257784366607666,0.6533340215682983,-0.0010703374864533544,1.2873725891113281,-0.4832766056060791,0.3950214385986328,0.9559186697006226,0.017396222800016403,-0.16711269319057465,-0.09661941975355148,-0.4201871156692505,1.0854748487472534,0.026541633531451225,-0.39615580439567566,0.4855847954750061,-0.13694517314434052,-0.558740496635437,-0.41292062401771545,-0.2649094760417938,0.16084402799606323,-0.0011392181040719151,1.2143065929412842,-1.1040724515914917,0.4686248302459717,-0.053307078778743744,0.0030251657590270042,0.08557424694299698,0.6811878085136414,-0.3727661669254303,-0.5194007158279419,-0.02597123570740223,0.824317991733551,0.16338135302066803,-0.5912479758262634,-0.0893634706735611,-0.6338024139404297,-0.8962967991828918,1.055983543395996,0.7640873789787292,0.9903003573417664,-0.4775932729244232,-0.4610377550125122,-0.31165698170661926,0.6554603576660156,-0.5477390885353088,-0.09540627896785736,-0.15218542516231537
series_181,-0.015485954470932484,0.003443271853029728,0.30406486988067627,-0.21305802464485168,-0.24822144210338593,-0.20446155965328217,1.628117322921753,-0.26488426327705383,0.39389654994010925,0.3060513734817505,-0.21046428382396698,0.3069365620613098,0.4556487798690796,-0.2343561351299286,1.0003570318222046,-0.5152881145477295,-0.10579382628202438,0.2993847727775574,0.011741574853658676,0.04497329518198967,0.6240721344947815,-0.8119763731956482,-0.7762113213539124,1.1157172918319702,-0.288750022649765,-0.00016634470375720412,-0.058325476944446564,-0.3195178806781769,-0.40567272901535034,0.417270690202713,0.32980215549468994,0.44399791955947876,-0.17391328513622284,-1.2258014678955078,1.09575355052948,-0.6966015100479126,-0.2604922652244568,0.0307087954133749,1.0525567531585693,0.5792129635810852,0.827268660068512,-0.049804918467998505,-0.1675841361284256,-0.5076293349266052,-0.09555606544017792,-0.30684199929237366,0.0013282964937388897,-0.7599277496337891,0.24647045135498047,0.27723684906959534,-0.9480893015861511,-0.45942607522010803,0.24362432956695557,-2.2633328437805176,0.3708660900592804,0.3174559772014618,0.3070642948150635,0.4176228642463684,0.7853099703788757,0.7771138548851013,0.24460503458976746,-0.6795631051063538,-0.07277856022119522,-1.2358367443084717
series_182,0.5277729034423828,-0.10992440581321716,0.08991138637065887,-0.1265813261270523,-0.5687496066093445,0.1466597616672516,1.3081122636795044,-0.5338619351387024,0.4990295171737671,0.34515005350112915,-0.4621082842350006,-0.006599890533834696,0.28052324056625366,-0.2559563219547272,1.4130654335021973,-0.5955681800842285,-0.4275374114513397,0.5067474246025085,0.036693867295980453,-0.003625648096203804,0.8045804500579834,-0.5070071220397949,-0.5506038665771484,1.486986517906189,-0.19199495017528534,0.21499134600162506,0.12298429757356644,-0.2677050232887268,0.03015402890741825,0.35649675130844116,0.21952420473098755,0.48737308382987976,-0.3833732008934021,-1.1099598407745361,0.7588960528373718,-0.4221818447113037,-0.09495652467012405,-0.10380028933286667,1.3182041645050049,0.020373396575450897,0.9836834073066711,-0.12153708189725876,-0.08655554801225662,-0.4833351969718933,0.29177653789520264,-0.7679901719093323,-0.22707408666610718,-0.8744276165962219,0.23329918086528778,0.48342815041542053,-1.056811809539795,-0.3681211471557617,-0.1158236414194107,-2.279641628265381,0.45504239201545715,0.7369236350059509,0.4840237498283386,0.2386419028043747,0.3166789412498474,0.576980471611023,0.3697483241558075,-0.7831502556800842,-0.13825936615467072,-0.9469003677368164
series_183,0.5553770065307617,-0.2772652208805084,0.5511742830276489,-0.22150106728076935,0.1351947784423828,0.7220891118049622,1.2678465843200684,-0.7276854515075684,0.5709713101387024,0.5378764867782593,-0.25253230333328247,0.19473524391651154,0.6072858572006226,0.9162659645080566,0.290596604347229,-1.106959342956543,0.8918058276176453,-0.5351943969726562,-0.6388094425201416,-0.522893488407135,0.5670418739318848,-0.25100675225257874,-0.3695133328437805,1.2552474737167358,-1.126357913017273,0.44564375281333923,-0.48549503087997437,-0.23612812161445618,-0.7930594682693481,-0.28921595215797424,0.4434139132499695,0.8895356059074402,0.3395504653453827,-0.693722128868103,0.5619825720787048,0.8789395093917847,-0.060767762362957,0.34170493483543396,0.9843021631240845,0.635805070400238,0.6032101511955261,-0.4827021360397339,1.1102195978164673,-1.0728576183319092,0.7707018852233887,-0.9509128928184509,0.17467504739761353,-1.079297423362732,0.06286542862653732,0.3393959701061249,-0.469033420085907,-0.9074461460113525,0.23441703617572784,-1.1808289289474487,0.6991118788719177,0.13409718871116638,0.14961272478103638,0.028993122279644012,0.9910429120063782,0.75633305311203,-0.3806796967983246,-0.14370720088481903,-0.6134204268455505,-1.322971224784851
series_184,0.6506189703941345,0.1987059861421585,0.4696793258190155,0.22438906133174896,-0.5146499872207642,0.049287885427474976,0.8235988020896912,-0.5214374661445618,0.4446418583393097,-0.032194897532463074,0.07161327451467514,-0.2803371846675873,-0.14307934045791626,-0.5920873880386353,1.8550304174423218,-0.04427766054868698,-0.801313042640686,0.5517889857292175,-0.3125039339065552,0.019180549308657646,0.8541620373725891,0.3943485617637634,-0.682979941368103,1.04678213596344,-0.28272584080696106,-0.1548720896244049,0.42566102743148804,0.2785886824131012,-0.30601319670677185,0.3933762311935425,0.34077170491218567,0.6285592317581177,-0.4673613905906677,-1.5122268199920654,0.6003254055976868,-0.6198086142539978,-0.058077313005924225,-0.02540993131697178,1.3774588108062744,0.37868231534957886,1.0736181735992432,-0.6563053131103516,-0.36522215604782104,-0.6287105679512024,0.9686218500137329,-0.8326355218887329,-0.41620689630508423,-1.4817620515823364,0.6202496886253357,0.4336589276790619,-0.852054238319397,-0.1823461651802063,-0.19613425433635712,-2.4015207290649414,-0.1924615502357483,0.5630861520767212,-0.05896919593214989,0.09909073263406754,0.11306531727313995,0.05303084850311279,0.5641118884086609,-0.5256643295288086,-0.3694731295108795,-0.8486257791519165
series_185,0.47946739196777344,0.15549781918525696,0.4547789692878723,0.06420393288135529,-0.1474425345659256,-0.0449037104845047,1.596198558807373,-0.3974566161632538,0.3770330548286438,0.26286083459854126,0.00853546429425478,0.09192035347223282,0.007596083916723728,-0.42849627137184143,1.3335977792739868,-0.28170105814933777,-0.12690956890583038,0.36626046895980835,-0.15328365564346313,-0.15003366768360138,0.6685736179351807,-0.22894473373889923,-0.7598246335983276,1.3659359216690063,-0.40751245617866516,0.07963812351226807,0.06609640270471573,0.08852130174636841,-0.5361406803131104,0.2887932062149048,0.30145004391670227,0.725941002368927,-0.3902026414871216,-1.5051155090332031,0.962181568145752,-0.6320297718048096,-0.1521732658147812,0.02810496650636196,1.1658341884613037,0.46598020195961,1.002862811088562,-0.49893617630004883,-0.32370704412460327,-0.598850667476654,0.3528285324573517,-0.821068286895752,-0.24173206090927124,-1.3412131071090698,0.3490777611732483,0.431235134601593,-1.0469321012496948,-0.30265840888023376,0.2145855724811554,-2.366605281829834,-0.08946479856967926,0.358953058719635,0.01101482380181551,0.3683410882949829,0.6322073936462402,0.7223681211471558,0.5311127305030823,-0.6846031546592712,-0.22639700770378113,-1.2730138301849365
series_186,-0.35185423493385315,0.46062982082366943,-0.11978256702423096,0.08316653966903687,-0.45804232358932495,-0.9238513708114624,0.8593353629112244,-0.20853331685066223,0.15702587366104126,-0.1998281329870224,-0.12072647362947464,0.04645008221268654,0.4296261668205261,-0.2772127389907837,1.367066740989685,-0.48101162910461426,-0.2035563439130783,0.2460440844297409,0.13359111547470093,0.33263424038887024,1.0217845439910889,-0.8960534334182739,-0.9229717254638672,0.41865161061286926,-0.010381635278463364,-0.10987033694982529,0.03212914615869522,0.00436070840805769,-0.7182807326316833,0.5827070474624634,0.6573073863983154,0.04305143654346466,-0.22104822099208832,-1.4789228439331055,0.4801182448863983,-0.681281566619873,-0.04634556919336319,-0.48004403710365295,1.3573888540267944,0.5205469727516174,0.6927198767662048,0.06449679285287857,-0.14943940937519073,-0.6542744040489197,0.4015696942806244,-0.42192938923835754,-0.4455931484699249,-0.555547297000885,0.8768367171287537,0.46929460763931274,-0.24657660722732544,-0.30461254715919495,0.10133421421051025,-2.1834802627563477,0.19782012701034546,-0.06041078642010689,-0.11660616844892502,0.4639372229576111,0.6575555801391602,0.44446083903312683,0.3499254882335663,-0.7425521016120911,-0.021860357373952866,-0.6507918834686279
series_187,-0.19694091379642487,0.18369430303573608,0.2227352410554886,-0.22594332695007324,-0.13233746588230133,-0.39196255803108215,1.750282883644104,-0.21153266727924347,0.2410278618335724,0.25419652462005615,0.02438841573894024,0.32623356580734253,0.4826997220516205,-0.2166818380355835,0.8100746273994446,-0.46640846133232117,-0.01776188053190708,0.20271097123622894,-0.06184381619095802,-0.006156759336590767,0.5654615759849548,-0.7685482501983643,-0.8770076036453247,0.9448096752166748,-0.27410951256752014,0.03222760185599327,-0.09665928035974503,-0.21907812356948853,-0.7694538235664368,0.40410491824150085,0.38129767775535583,0.5274571776390076,-0.15113650262355804,-1.287628412246704,1.2633912563323975,-0.7552217245101929,-0.36679986119270325,0.23027180135250092,1.0389684438705444,0.6817300915718079,0.676366925239563,-0.09641813486814499,-0.24528320133686066,-0.5528537034988403,-0.005756510887295008,-0.18641965091228485,-0.050969772040843964,-0.9646621346473694,0.39816832542419434,0.12880025804042816,-0.7232767343521118,-0.5562801957130432,0.2691192030906677,-2.2368416786193848,0.28076624870300293,0.09970847517251968,0.1462404727935791,0.38649389147758484,0.8796578645706177,0.8597962260246277,0.2421097457408905,-0.7304657697677612,-0.02629002556204796,-1.3645360469818115
series_188,0.02061544731259346,0.1720588505268097,0.2874474823474884,-0.14361129701137543,-0.16387051343917847,-0.3001052439212799,1.7602698802947998,-0.23322638869285583,0.21714967489242554,0.2647539973258972,-0.019006142392754555,0.23189207911491394,0.3193002939224243,-0.345356822013855,0.9239235520362854,-0.4160354435443878,0.0497591570019722,0.3539806008338928,-0.07040387392044067,-0.037293870002031326,0.5616925358772278,-0.6781848669052124,-0.862502932548523,1.1144274473190308,-0.30867743492126465,0.10545028746128082,-0.07271455973386765,-0.055928196758031845,-0.7332289218902588,0.314002126455307,0.3229273855686188,0.6248824000358582,-0.2588786780834198,-1.3990676403045654,1.116469144821167,-0.7406307458877563,-0.306837260723114,0.10373208671808243,1.1191844940185547,0.5807785987854004,0.7529379725456238,-0.2516438961029053,-0.28208476305007935,-0.5244975686073303,0.17161209881305695,-0.3992479741573334,-0.14664500951766968,-1.066295862197876,0.38972756266593933,0.2544691264629364,-0.8328705430030823,-0.5037773251533508,0.2890114486217499,-2.3435959815979004,0.23129186034202576,0.13215184211730957,0.05038020387291908,0.4246590733528137,0.8455936908721924,0.8587886095046997,0.31859275698661804,-0.7905129194259644,-0.0916428416967392,-1.3164222240447998
series_189,0.3358849883079529,0.12847748398780823,0.40077441930770874,0.030628586187958717,-0.1880822777748108,-0.12327893823385239,1.644861102104187,-0.31800422072410583,0.368097722530365,0.24132604897022247,0.018849721178412437,0.12161171436309814,0.11272449046373367,-0.37327253818511963,1.193203330039978,-0.33919766545295715,-0.07775870710611343,0.3197588622570038,-0.09807920455932617,-0.13215042650699615,0.6440753936767578,-0.3658204674720764,-0.7575540542602539,1.3033217191696167,-0.39875999093055725,0.055687811225652695,0.05328381806612015,-0.06524333357810974,-0.5031626224517822,0.30797895789146423,0.3773880898952484,0.6578397154808044,-0.31151267886161804,-1.4492595195770264,1.0287889242172241,-0.669262707233429,-0.1573222130537033,0.03237590566277504,1.1217029094696045,0.4651569724082947,0.9755915403366089,-0.4188528060913086,-0.29065078496932983,-0.595845103263855,0.23165389895439148,-0.6657322645187378,-0.18369941413402557,-1.2275789976119995,0.31786486506462097,0.3230155110359192,-0.993773341178894,-0.35287898778915405,0.24085859954357147,-2.3587279319763184,-0.005233993753790855,0.313549667596817,0.08145646005868912,0.3908786475658417,0.6813564896583557,0.7482990026473999,0.45630943775177,-0.6952969431877136,-0.17929357290267944,-1.2919766902923584
series_190,0.04859333112835884,0.1269081085920334,0.275288462638855,-0.11803321540355682,-0.13881564140319824,-0.25962239503860474,1.785233497619629,-0.27541786432266235,0.23716993629932404,0.26169875264167786,0.05620985105633736,0.2067241370677948,0.3800883889198303,-0.2626855969429016,0.9765128493309021,-0.45982152223587036,0.013281827792525291,0.254549115896225,-0.07518583536148071,-0.12723787128925323,0.6281488537788391,-0.584844708442688,-0.8702776432037354,1.157716989517212,-0.34587469696998596,0.07942119240760803,-0.03757602721452713,-0.13187459111213684,-0.6810585260391235,0.371123731136322,0.35174161195755005,0.6308980584144592,-0.24881218373775482,-1.3590115308761597,1.1243553161621094,-0.7074868679046631,-0.2902705669403076,0.16362866759300232,1.0730762481689453,0.5638448596000671,0.8500677943229675,-0.2409336417913437,-0.25445324182510376,-0.5623124837875366,0.13613095879554749,-0.39164093136787415,-0.10002221912145615,-1.1202481985092163,0.37344008684158325,0.21601863205432892,-0.8049110174179077,-0.5604739189147949,0.2701127231121063,-2.3357114791870117,0.16526983678340912,0.178025022149086,0.12249992042779922,0.42562249302864075,0.8311817049980164,0.870634913444519,0.33842745423316956,-0.7845820188522339,-0.08216812461614609,-1.3722894191741943
series_191,0.6392410397529602,0.8535471558570862,0.26485675573349,-0.0005635674460791051,-0.5359311103820801,0.1778702288866043,0.9577712416648865,-0.4543760120868683,0.9846503138542175,0.5657327771186829,-1.4125924110412598,0.2948654890060425,-0.05462329834699631,-0.26962363719940186,1.6472281217575073,-0.5433250665664673,-0.48138701915740967,0.7891799211502075,0.4090631306171417,0.4866906404495239,1.0172749757766724,-0.6000481843948364,0.08118627220392227,1.5144156217575073,-0.4142551124095917,0.018092017620801926,0.32934463024139404,-0.43268099427223206,0.31224432587623596,-0.40981993079185486,0.3876587748527527,-0.09896193444728851,-0.12606273591518402,-1.1825504302978516,0.7018455862998962,0.11173326522111893,0.06423407047986984,-0.6372334957122803,1.8405637741088867,-0.0341460183262825,0.007317084353417158,0.1696544587612152,-0.32537317276000977,-0.2757124602794647,0.8717211484909058,-1.2679575681686401,-1.0482563972473145,-0.8494159579277039,0.08394723385572433,0.9443572163581848,-1.1199525594711304,0.44201603531837463,-0.3846249580383301,-1.737511157989502,0.6954336166381836,0.6386368274688721,0.7067437767982483,-0.011677340604364872,0.3313278555870056,0.24203556776046753,0.5122627019882202,0.12094902992248535,-0.41240283846855164,-0.46310603618621826
series_192,0.4263184666633606,0.34954795241355896,0.19943130016326904,-0.12162931263446808,-0.4285779595375061,-0.22854015231132507,1.285912275314331,-0.5574759840965271,0.2775750756263733,0.008327245712280273,-0.16372163593769073,0.07705134898424149,0.07020782679319382,-0.2998843193054199,1.5229164361953735,-0.2826788127422333,-0.37096330523490906,0.4222433269023895,-0.02650529518723488,-0.060694415122270584,0.8431277871131897,-0.31087031960487366,-0.8532741665840149,1.387539267539978,-0.19408060610294342,0.07031235098838806,0.1369786560535431,-0.09775154292583466,-0.3780212700366974,0.4902693033218384,0.3813268840312958,0.5635024309158325,-0.4163810908794403,-1.3928693532943726,0.6950881481170654,-0.7034435272216797,-0.06402704864740372,-0.0645846351981163,1.3303821086883545,0.2419901341199875,0.9904991984367371,-0.29662764072418213,-0.2067553550004959,-0.6168861389160156,0.47209450602531433,-0.9110316634178162,-0.28571057319641113,-1.161006212234497,0.5934146642684937,0.530921995639801,-0.9284292459487915,-0.3892374336719513,0.1181519478559494,-2.33734393119812,0.17244265973567963,0.2975347936153412,-0.07445170730352402,0.377529114484787,0.41721612215042114,0.46615803241729736,0.4224950075149536,-0.665173351764679,-0.1639874130487442,-1.060106873512268
series_193,0.22027750313282013,0.1793719083070755,0.37223589420318604,-0.0607706643640995,-0.1766958236694336,-0.15517060458660126,1.6058237552642822,-0.3026115596294403,0.3016912043094635,0.21904979646205902,-0.07512680441141129,0.2016545832157135,0.09170190244913101,-0.43323537707328796,1.1262062788009644,-0.31398487091064453,-0.08426874130964279,0.3410593569278717,-0.08510994911193848,-0.04041614010930061,0.642993688583374,-0.4875020980834961,-0.7406702041625977,1.278619408607483,-0.4160638153553009,0.025382395833730698,0.07643792778253555,-0.07366609573364258,-0.5131852030754089,0.3053799867630005,0.37531012296676636,0.6036093831062317,-0.2925674021244049,-1.4830756187438965,1.0686259269714355,-0.7133959531784058,-0.1791982650756836,0.06718217581510544,1.1163454055786133,0.5216367840766907,0.9316558241844177,-0.3869437575340271,-0.26344794034957886,-0.5494851469993591,0.1791088581085205,-0.6323295831680298,-0.15785636007785797,-1.1261861324310303,0.2882021963596344,0.2925865948200226,-1.0134786367416382,-0.3182697594165802,0.3257809579372406,-2.3274011611938477,0.1046467274427414,0.23906637728214264,0.1016993597149849,0.41475996375083923,0.698264479637146,0.7451017498970032,0.4178413450717926,-0.6051304936408997,-0.13458052277565002,-1.3072922229766846
series_194,0.3352542221546173,-0.8031666874885559,-0.4157813489437103,-0.41643640398979187,0.12546277046203613,0.5712020397186279,0.5115958452224731,-0.563563346862793,0.31145185232162476,0.6122037172317505,-0.731024980545044,0.17711979150772095,0.15983836352825165,-0.31208592653274536,1.709242820739746,-0.6131923198699951,-0.39232930541038513,0.3031027615070343,0.632912278175354,0.025350971147418022,1.2054483890533447,-0.2663055956363678,-0.3772234618663788,1.7474607229232788,-0.4028995931148529,0.3588089644908905,-0.11597362905740738,-0.04809492453932762,0.7737785577774048,0.7712305188179016,-0.43392112851142883,0.623121440410614,-0.7886570692062378,-0.8140928149223328,-0.49715110659599304,-0.04369741678237915,0.03414558619260788,0.7825505137443542,1.1790971755981445,-0.506878674030304,0.9640652537345886,-0.7474659085273743,-0.20488180220127106,-0.025850722566246986,0.9801095128059387,-0.7470470070838928,-0.1744421124458313,-0.42506474256515503,0.10665523260831833,0.3667930066585541,-0.40909042954444885,-0.7078260183334351,0.1456720530986786,-1.0835585594177246,1.2161246538162231,0.8334164023399353,0.9045904278755188,0.23914100229740143,-0.06149567291140556,0.5777196288108826,0.3478747606277466,-0.08450137078762054,-0.22586974501609802,-0.7444273233413696
series_195,-0.1605706661939621,0.19529059529304504,0.26121193170547485,-0.19799773395061493,-0.12502484023571014,-0.38857007026672363,1.7522783279418945,-0.2130129039287567,0.2393817901611328,0.25458961725234985,0.028882896527647972,0.3139140009880066,0.4705137610435486,-0.23571977019309998,0.7962384223937988,-0.4418277442455292,-0.00035365851363167167,0.23547853529453278,-0.09332078695297241,-0.02270914800465107,0.5373198390007019,-0.7311448454856873,-0.8772509098052979,0.9428420662879944,-0.2751440405845642,0.03604085370898247,-0.10429417341947556,-0.18968433141708374,-0.8050634264945984,0.37047162652015686,0.361154168844223,0.5620104074478149,-0.1545058637857437,-1.32078218460083,1.2526986598968506,-0.7465957403182983,-0.36242610216140747,0.21105512976646423,1.0456655025482178,0.681809663772583,0.6676421761512756,-0.1421274095773697,-0.24721737205982208,-0.5592101812362671,0.028617339208722115,-0.21572066843509674,-0.07326235622167587,-1.0085538625717163,0.3853447735309601,0.14999693632125854,-0.7355970144271851,-0.5437617301940918,0.24884632229804993,-2.2608771324157715,0.26001277565956116,0.10737808048725128,0.12916964292526245,0.3781625032424927,0.8880782127380371,0.8596404194831848,0.24017800390720367,-0.7519822716712952,-0.037164706736803055,-1.3621532917022705
series_196,0.77545565366745,0.23057882487773895,0.39957332611083984,0.19035319983959198,-0.22786374390125275,-0.028050854802131653,1.3289341926574707,-0.42152369022369385,0.5849368572235107,0.3755316734313965,-0.1430610865354538,-0.028615685179829597,-0.2237824946641922,-0.2642282545566559,1.6721190214157104,-0.24474602937698364,-0.34805014729499817,0.4927660822868347,-0.13851964473724365,-0.15296654403209686,0.7590109705924988,-0.1045968309044838,-0.6379868984222412,1.4149376153945923,-0.3423793911933899,-0.021018866449594498,0.11982255429029465,0.19957475364208221,-0.4156316816806793,0.21224120259284973,0.2858472168445587,0.737251877784729,-0.4688010811805725,-1.4816832542419434,0.6532338857650757,-0.5047803521156311,-0.09475115686655045,-0.30888354778289795,1.4857627153396606,0.16437985002994537,0.9002962708473206,-0.5900048613548279,-0.36781519651412964,-0.6618261337280273,0.6174854040145874,-1.150700330734253,-0.42842742800712585,-1.2919660806655884,0.49387654662132263,0.7869951128959656,-1.1394368410110474,-0.0481409914791584,-0.0938345193862915,-2.285824775695801,-0.1362866759300232,0.5306666493415833,-0.08383273333311081,0.22069978713989258,0.31299781799316406,0.5053017735481262,0.6460871696472168,-0.7213132977485657,-0.19167688488960266,-1.0844486951828003
series_197,0.2617450952529907,0.11996516585350037,0.3322151303291321,-0.0058714356273412704,-0.16196343302726746,-0.1738240122795105,1.711219072341919,-0.3000730276107788,0.31513848900794983,0.28615817427635193,0.06523575633764267,0.12797565758228302,0.18299059569835663,-0.36795857548713684,1.1537435054779053,-0.35536643862724304,-0.01252567209303379,0.32059594988822937,-0.07571619749069214,-0.1453893929719925,0.6508736610412598,-0.42953306436538696,-0.7933355569839478,1.2691582441329956,-0.37523287534713745,0.06134232506155968,0.00721851596608758,-0.02892163209617138,-0.5589157938957214,0.3070451319217682,0.3426935374736786,0.688870370388031,-0.29367998242378235,-1.4510140419006348,0.9836073517799377,-0.6916522979736328,-0.18814736604690552,0.04124603047966957,1.1243267059326172,0.4935190677642822,0.9398632645606995,-0.3975105881690979,-0.2790154814720154,-0.5480846762657166,0.27361810207366943,-0.607233464717865,-0.18749555945396423,-1.2030702829360962,0.36870306730270386,0.32292404770851135,-0.9461491107940674,-0.42554089426994324,0.2666664719581604,-2.3613157272338867,0.045697782188653946,0.2621907889842987,0.08088967949151993,0.3946283459663391,0.7411782741546631,0.7800139784812927,0.44653061032295227,-0.7595282196998596,-0.1634427309036255,-1.3376014232635498
series_198,-0.1388024538755417,-0.04884835705161095,0.0942244678735733,-0.3321459889411926,-0.26042723655700684,-0.2825123369693756,1.5240020751953125,-0.222590833902359,0.43941426277160645,0.3385401964187622,-0.3297976553440094,0.36103177070617676,0.32302919030189514,-0.20806150138378143,0.9506201148033142,-0.5693061947822571,-0.12723088264465332,0.3474901020526886,0.20540207624435425,0.24570493400096893,0.5958836674690247,-1.0924463272094727,-0.7140403985977173,1.056249976158142,-0.2546323239803314,0.057532962411642075,-0.0840098038315773,-0.2706395089626312,-0.33949965238571167,0.4074110686779022,0.3798862397670746,0.33300289511680603,-0.18100960552692413,-1.131486415863037,1.0731291770935059,-0.752914309501648,-0.29066380858421326,-0.03399836644530296,1.088591456413269,0.5068392157554626,0.7487536668777466,0.07025165110826492,-0.29025036096572876,-0.44476187229156494,-0.18817993998527527,-0.18671981990337372,0.06038562208414078,-0.4260029196739197,0.29759925603866577,0.22922351956367493,-0.9470924139022827,-0.4110201895236969,0.3754144012928009,-2.0933690071105957,0.5358455181121826,0.17398443818092346,0.24747896194458008,0.4351108968257904,0.7397274971008301,0.7575238943099976,0.2256256490945816,-0.623291015625,-0.0031591698061674833,-1.155944585800171
series_199,0.4861461818218231,0.2593284547328949,0.28146371245384216,-0.049570586532354355,-0.4564899206161499,-0.1286415159702301,1.4508711099624634,-0.49301230907440186,0.33231890201568604,0.2521490752696991,-0.19715596735477448,0.09095936268568039,0.05878377705812454,-0.4598701596260071,1.3991336822509766,-0.26649239659309387,-0.21168223023414612,0.41422712802886963,-0.02356577292084694,-0.1175878494977951,0.7333871722221375,-0.4119063913822174,-0.74343341588974,1.3895131349563599,-0.20388740301132202,0.1539449244737625,0.09112118929624557,0.053034279495477676,-0.47355130314826965,0.3671059310436249,0.28538745641708374,0.5514885783195496,-0.45852944254875183,-1.405757188796997,0.8637149930000305,-0.6246092319488525,-0.09567827731370926,-0.09383068233728409,1.2128851413726807,0.4143484830856323,0.9844501614570618,-0.3794245719909668,-0.11798018962144852,-0.5965690016746521,0.47446197271347046,-0.881229043006897,-0.2898338735103607,-1.229373574256897,0.5058417916297913,0.5174381732940674,-1.018579125404358,-0.39638063311576843,0.14655134081840515,-2.3450284004211426,0.10794472694396973,0.38777956366539,0.05369368568062782,0.35559800267219543,0.6158084273338318,0.5700417757034302,0.44551774859428406,-0.7757698893547058,-0.22618837654590607,-1.1478517055511475
series_200,0.7042507529258728,0.1606186181306839,0.3743690550327301,0.16504403948783875,-0.1564692109823227,-0.030709177255630493,1.3178373575210571,-0.4688597023487091,0.4530000388622284,0.2737555503845215,0.07652353495359421,-0.08214686810970306,-0.20289050042629242,-0.4529021978378296,1.6026091575622559,-0.1773977279663086,-0.3880915641784668,0.44372430443763733,-0.16996800899505615,-0.16202197968959808,0.7346850633621216,0.07121744006872177,-0.7152969837188721,1.359656810760498,-0.3489440977573395,-0.016427773982286453,0.11148237437009811,0.2488110363483429,-0.41480207443237305,0.2761654853820801,0.24814638495445251,0.8443552851676941,-0.46880313754081726,-1.553107738494873,0.5994125008583069,-0.5940381288528442,-0.13526052236557007,-0.06071702763438225,1.3281848430633545,0.2720389664173126,1.083375334739685,-0.6876693964004517,-0.41998738050460815,-0.6203787326812744,0.6028976440429688,-0.9971593618392944,-0.30445417761802673,-1.3208143711090088,0.4678723216056824,0.628686249256134,-1.067426323890686,-0.16725704073905945,0.009100851602852345,-2.3130311965942383,-0.18863241374492645,0.4243265390396118,-0.11009322851896286,0.19537782669067383,0.3068227171897888,0.48197007179260254,0.6386243104934692,-0.6857075095176697,-0.20357632637023926,-1.159408688545227
series_201,0.24952088296413422,0.13315874338150024,0.3603785037994385,-0.03184607997536659,-0.18085765838623047,-0.207699716091156,1.6173564195632935,-0.35997292399406433,0.20370543003082275,0.1793118119239807,0.08807116001844406,0.0754384994506836,0.28348422050476074,-0.39131635427474976,1.1396993398666382,-0.3690142035484314,-0.13719868659973145,0.33589211106300354,-0.16691768169403076,-0.16397173702716827,0.6619260907173157,-0.31223008036613464,-0.8659993410110474,1.1888247728347778,-0.32022225856781006,0.06317132711410522,0.029617642983794212,-0.025036392733454704,-0.6111964583396912,0.3591676652431488,0.3049103319644928,0.7362142205238342,-0.2975984215736389,-1.4461438655853271,0.9631248712539673,-0.686429500579834,-0.2872684597969055,0.1267811805009842,1.114018201828003,0.5411251783370972,0.9799765348434448,-0.3962191939353943,-0.2509846091270447,-0.5870803594589233,0.2993091344833374,-0.5387825965881348,-0.13844949007034302,-1.2265087366104126,0.3550577461719513,0.3150339722633362,-0.8612291812896729,-0.48478320240974426,0.1551504135131836,-2.4324588775634766,0.059947650879621506,0.25968173146247864,0.07597974687814713,0.3593926429748535,0.6931727528572083,0.7234408855438232,0.36102530360221863,-0.8009428381919861,-0.12785843014717102,-1.3152350187301636
series_202,0.1838598996400833,-0.03964008390903473,0.23630847036838531,0.01431846059858799,-0.2889396548271179,-0.19956722855567932,1.7178616523742676,-0.1529274582862854,0.49046143889427185,0.41721153259277344,0.02233191393315792,0.15262411534786224,0.16228419542312622,-0.3498126268386841,1.0254676342010498,-0.4305568337440491,0.10024229437112808,0.4239729642868042,0.10899102687835693,-0.04561038687825203,0.5771148800849915,-0.644078254699707,-0.7644954919815063,1.1762949228286743,-0.29220491647720337,0.07608217000961304,-0.08182526379823685,-0.13312186300754547,-0.38905173540115356,0.20103007555007935,0.35708045959472656,0.5742924213409424,-0.25577861070632935,-1.2768455743789673,0.9041479825973511,-0.6797201633453369,-0.16183951497077942,-0.14749601483345032,1.142989158630371,0.37951377034187317,0.7399352192878723,-0.3142560124397278,-0.310363233089447,-0.4970662593841553,0.22058087587356567,-0.4398203194141388,-0.21361762285232544,-0.9572911858558655,0.37898528575897217,0.3101811110973358,-0.9571292400360107,-0.42075005173683167,0.16488149762153625,-2.284249782562256,0.1920642852783203,0.3502117097377777,0.18319055438041687,0.40363311767578125,0.7662018537521362,0.7324338555335999,0.45573851466178894,-0.8739446997642517,-0.14330555498600006,-1.1529529094696045
series_203,-0.4410143792629242,0.25861382484436035,0.09941555559635162,-0.29181450605392456,-0.09666270762681961,-0.4917568862438202,1.7512176036834717,-0.12679848074913025,0.33048534393310547,0.3174576759338379,-0.025455938652157784,0.4903399646282196,0.47029802203178406,-0.08071018010377884,0.648648202419281,-0.4909021258354187,0.013060634955763817,0.13986420631408691,0.036808665841817856,0.15368185937404633,0.5192849636077881,-1.0164602994918823,-0.8332765102386475,0.7827416658401489,-0.22696368396282196,0.00023455613700207323,-0.20745685696601868,-0.28749603033065796,-0.8789976239204407,0.40937158465385437,0.39575058221817017,0.39290884137153625,-0.07500328123569489,-1.2503923177719116,1.4021092653274536,-0.7876657843589783,-0.37927380204200745,0.27164044976234436,1.0392677783966064,0.730851411819458,0.45639467239379883,0.07240916043519974,-0.282819926738739,-0.5308962464332581,-0.14638517796993256,-0.056129228323698044,-0.030388228595256805,-0.7684034705162048,0.4740058183670044,0.03800473362207413,-0.669148862361908,-0.5045554637908936,0.2960108518600464,-2.049304246902466,0.37186506390571594,0.036716509610414505,0.1574399769306183,0.32413071393966675,0.9355334043502808,0.893310010433197,0.20891232788562775,-0.6521247625350952,0.034949515014886856,-1.3435478210449219
series_204,0.2888932526111603,0.1256095916032791,0.37577641010284424,-0.06967952847480774,-0.21158403158187866,-0.1475619524717331,1.6569905281066895,-0.37132951617240906,0.24362517893314362,0.23395508527755737,-0.016345644369721413,0.13050562143325806,0.25384747982025146,-0.3600544333457947,1.1513792276382446,-0.4078197777271271,-0.10933925956487656,0.3200656473636627,-0.11437225341796875,-0.1577785164117813,0.628323495388031,-0.39226800203323364,-0.8481067419052124,1.2955561876296997,-0.3584415316581726,0.12075212597846985,0.04793357104063034,-0.06198441609740257,-0.5583102703094482,0.34351810812950134,0.3200635015964508,0.6560112833976746,-0.35415104031562805,-1.3665895462036133,1.0453925132751465,-0.6464830636978149,-0.280314564704895,0.10332625359296799,1.0986897945404053,0.5171619653701782,0.9714513421058655,-0.36163705587387085,-0.2581121325492859,-0.6071701049804688,0.24386420845985413,-0.5693669319152832,-0.12180241197347641,-1.2131725549697876,0.3088579773902893,0.3230101764202118,-0.9186631441116333,-0.4927903413772583,0.17015454173088074,-2.3828530311584473,0.1037338599562645,0.2961222231388092,0.10441190749406815,0.4096851646900177,0.6965588331222534,0.7811667323112488,0.3605034649372101,-0.7574679255485535,-0.14526940882205963,-1.2924764156341553
series_205,0.17941708862781525,0.1085483580827713,0.3273221254348755,-0.02899436466395855,-0.18837527930736542,-0.21758590638637543,1.7087726593017578,-0.23650231957435608,0.30976930260658264,0.2751990854740143,0.026258012279868126,0.14243975281715393,0.21765519678592682,-0.3325440585613251,1.064987301826477,-0.42473646998405457,0.006791448220610619,0.29973071813583374,-0.042223814874887466,-0.11367644369602203,0.627652108669281,-0.5059078931808472,-0.8559170961380005,1.23173987865448,-0.3501984179019928,0.12121351063251495,0.0005411268211901188,-0.07304373383522034,-0.5729200839996338,0.33974379301071167,0.3468628525733948,0.6307030916213989,-0.32357585430145264,-1.3587803840637207,1.0233185291290283,-0.6750547885894775,-0.24332624673843384,0.0621664859354496,1.1278634071350098,0.4720808267593384,0.8767545819282532,-0.3123714327812195,-0.31701600551605225,-0.5609118342399597,0.21650393307209015,-0.5045973658561707,-0.17795953154563904,-1.1275709867477417,0.3902733027935028,0.3053317964076996,-0.8785600662231445,-0.44453006982803345,0.22954922914505005,-2.338738203048706,0.09214760363101959,0.2328689992427826,0.05925709381699562,0.43685999512672424,0.7585989236831665,0.8406559824943542,0.41898003220558167,-0.7476531863212585,-0.1424763947725296,-1.2565338611602783
series_206,0.29804542660713196,0.12149132043123245,0.21662355959415436,-0.017156673595309258,-0.3224365711212158,-0.16927853226661682,1.521828532218933,-0.21745027601718903,0.35530757904052734,0.19874364137649536,0.016787787899374962,0.06376700848340988,0.04173047095537186,-0.49107271432876587,1.2420440912246704,-0.3250460624694824,-0.18644990026950836,0.3509477972984314,-0.0017459428636357188,-0.003411548212170601,0.7629076838493347,-0.33523035049438477,-0.7765921950340271,1.2296913862228394,-0.23958760499954224,0.04729143902659416,0.1106785461306572,-0.08359470963478088,-0.2798985540866852,0.3738168179988861,0.3914092481136322,0.5973421335220337,-0.33437788486480713,-1.3248231410980225,0.8536073565483093,-0.7275245189666748,-0.15258139371871948,0.06208344176411629,1.236757755279541,0.3484601378440857,0.8496159315109253,-0.299446702003479,-0.32047879695892334,-0.5014173984527588,0.361995667219162,-0.5739952325820923,-0.32098016142845154,-1.0935931205749512,0.47938501834869385,0.3390149176120758,-0.9350114464759827,-0.3175446391105652,0.12337826192378998,-2.3504319190979004,0.0998256504535675,0.31349459290504456,0.10191044956445694,0.39020317792892456,0.5700439214706421,0.6051744818687439,0.5366774201393127,-0.685827910900116,-0.19094401597976685,-1.0990803241729736
series_207,0.3812515437602997,0.19116483628749847,0.6360676288604736,0.13734577596187592,-0.16241832077503204,0.3546934723854065,1.2441985607147217,-0.5232390761375427,0.6704307198524475,0.43363744020462036,-0.3799404203891754,0.04654784873127937,0.19690360128879547,-0.14650079607963562,1.7569411993026733,-0.30584385991096497,-0.27791184186935425,0.5200324654579163,-0.6136575937271118,0.09186936914920807,0.6917452216148376,-0.3324849009513855,-0.6381608247756958,1.201849102973938,-0.6912258863449097,-0.16597960889339447,-0.19437935948371887,0.5092513561248779,-0.9679746031761169,-0.1627230942249298,0.23461154103279114,0.7818147540092468,-0.24781592190265656,-1.4961596727371216,0.6216763257980347,-0.2680111527442932,-0.2972619831562042,-0.6070720553398132,1.661625862121582,0.5793300867080688,0.5864121317863464,-0.498739629983902,0.04789154976606369,-1.004264235496521,0.7160578966140747,-1.275530219078064,-0.3687492311000824,-1.2109241485595703,0.23149506747722626,0.9175412654876709,-0.9283180236816406,-0.0615154393017292,-0.3195408582687378,-2.126368522644043,0.2625163197517395,0.7202303409576416,-0.011596913449466228,0.15155579149723053,0.3965311646461487,0.3899465501308441,0.48865029215812683,-0.5780446529388428,-0.025806933641433716,-1.0373260974884033
series_208,-0.20695511996746063,0.19155548512935638,0.18297439813613892,-0.2742927372455597,-0.15531158447265625,-0.37420687079429626,1.7406201362609863,-0.2706320583820343,0.22336915135383606,0.24542038142681122,-0.1278681606054306,0.42624253034591675,0.30445873737335205,-0.2884595990180969,0.7904338836669922,-0.4962373673915863,0.08615995198488235,0.23948881030082703,0.057374950498342514,0.055926721543073654,0.5701770186424255,-0.9094675779342651,-0.9328793883323669,1.1405880451202393,-0.3167421817779541,0.15879616141319275,-0.06124601513147354,-0.19921529293060303,-0.7059912085533142,0.43252554535865784,0.33077916502952576,0.4181053042411804,-0.28911152482032776,-1.3236162662506104,1.1420427560806274,-0.7801244854927063,-0.3660840392112732,0.19226323068141937,1.0511547327041626,0.59113609790802,0.6807718873023987,-0.04377882927656174,-0.2709246277809143,-0.453284353017807,-0.05784222483634949,-0.30808162689208984,-0.00529091851785779,-0.793627917766571,0.3508579730987549,0.1821713000535965,-0.837113618850708,-0.5165209770202637,0.45515963435173035,-2.173616409301758,0.4200412333011627,0.05102157220244408,0.13854220509529114,0.5219820141792297,0.906952977180481,0.9132193922996521,0.31503522396087646,-0.5913602709770203,0.023202981799840927,-1.2821593284606934
series_209,0.33516159653663635,0.1402679830789566,0.4083198606967926,0.02999146468937397,-0.14450126886367798,-0.14001968502998352,1.6078758239746094,-0.34996479749679565,0.28259456157684326,0.22800655663013458,0.07365002483129501,0.08371712267398834,0.08868896216154099,-0.4806410074234009,1.199480414390564,-0.3019335865974426,-0.10433497279882431,0.3487621247768402,-0.15756458044052124,-0.13694418966770172,0.6501331925392151,-0.2520328164100647,-0.8379915952682495,1.2573598623275757,-0.3739340007305145,0.08667546510696411,0.0478113517165184,0.069132000207901,-0.5818957686424255,0.30901044607162476,0.2873443365097046,0.7445719838142395,-0.36316102743148804,-1.4932011365890503,0.9304346442222595,-0.6699055433273315,-0.2386246919631958,0.09058579057455063,1.1343803405761719,0.5209929943084717,0.9679461717605591,-0.46997398138046265,-0.3188472390174866,-0.5687353014945984,0.33963558077812195,-0.6655573844909668,-0.20128020644187927,-1.264548897743225,0.3572830855846405,0.37186846137046814,-0.958900511264801,-0.36742034554481506,0.20605246722698212,-2.38197660446167,-0.020366860553622246,0.27707889676094055,0.021943125873804092,0.37502917647361755,0.6713613271713257,0.7312913537025452,0.4796103537082672,-0.7087203860282898,-0.17093724012374878,-1.2750482559204102
series_210,0.6635484099388123,-0.19394680857658386,-0.42211124300956726,-0.20817553997039795,-0.8935376405715942,0.4086630046367645,1.0457956790924072,-0.5243690013885498,0.6471951603889465,0.6712971329689026,-0.5127895474433899,-0.0864187479019165,0.23985762894153595,-0.5539004802703857,1.4389811754226685,-0.6065666675567627,-0.8581699132919312,0.4324342608451843,0.29434478282928467,0.3239568769931793,0.9732029438018799,-0.5334345698356628,-0.4137080907821655,1.271962285041809,0.3183401823043823,0.1048489660024643,-0.021506482735276222,-0.5036426186561584,0.8823279738426208,0.16771014034748077,0.0037727379240095615,0.312973290681839,-0.14544729888439178,-0.5710980892181396,0.19601616263389587,-0.19114409387111664,0.07181593030691147,0.0487649030983448,1.1049768924713135,-0.4048920273780823,0.5748849511146545,-0.01169576309621334,0.10049843043088913,-0.026256190612912178,0.58141028881073,-0.3956412374973297,-0.18376952409744263,-0.44141826033592224,0.2361987680196762,0.26568880677223206,-1.1421449184417725,-0.222903773188591,-0.5176653861999512,-1.655389666557312,0.7155609726905823,0.9295196533203125,0.7494748830795288,-0.2271653413772583,-0.1353527158498764,-0.11053827404975891,0.33587154746055603,-0.6840324997901917,-0.17173758149147034,-0.5125287771224976
series_211,-0.17134197056293488,0.16134047508239746,0.2070268839597702,-0.21241895854473114,-0.1257549524307251,-0.3627767860889435,1.762068510055542,-0.18285530805587769,0.25251689553260803,0.2662881314754486,0.012915526516735554,0.3056221008300781,0.43282654881477356,-0.22535935044288635,0.8409435153007507,-0.48080119490623474,0.003805791959166527,0.2012912929058075,-0.030307475477457047,0.016617579385638237,0.591703474521637,-0.7819353938102722,-0.8536086082458496,0.9850125908851624,-0.3076349198818207,0.041216131299734116,-0.08583930879831314,-0.19572007656097412,-0.7351967096328735,0.40408802032470703,0.39594370126724243,0.5245489478111267,-0.17431409657001495,-1.303184986114502,1.2478221654891968,-0.7592955231666565,-0.3417413830757141,0.2115492820739746,1.056344985961914,0.6622805595397949,0.6995603442192078,-0.09345512837171555,-0.2659744620323181,-0.5471029877662659,-8.490541949868202e-05,-0.20954491198062897,-0.06775260716676712,-0.9515986442565918,0.4119466543197632,0.13654835522174835,-0.7399492263793945,-0.5287825465202332,0.30747145414352417,-2.2332348823547363,0.26373690366744995,0.09415216743946075,0.13522449135780334,0.40515297651290894,0.8777045607566833,0.8844698071479797,0.272011399269104,-0.7176740765571594,-0.04206579551100731,-1.365389347076416
series_212,0.8713217377662659,0.16593249142169952,0.35044246912002563,0.2092006653547287,-0.12757118046283722,0.06302094459533691,1.1330606937408447,-0.4955965280532837,0.5246857404708862,0.38066667318344116,0.03618215397000313,-0.22213345766067505,-0.4093380868434906,-0.49213531613349915,1.8022230863571167,-0.17032602429389954,-0.5675206184387207,0.5934407114982605,-0.13047367334365845,-0.13411878049373627,0.701006293296814,0.30633556842803955,-0.606430172920227,1.329478144645691,-0.37645748257637024,-0.20001742243766785,0.08389873057603836,0.3302958011627197,-0.30167636275291443,0.12549644708633423,0.16052153706550598,0.960165798664093,-0.5108436346054077,-1.5845181941986084,0.2759493887424469,-0.4493788778781891,-0.10595051199197769,-0.1556798219680786,1.4929025173187256,0.07134000211954117,0.9752427935600281,-0.9480231404304504,-0.535195529460907,-0.6737136244773865,0.860255241394043,-1.0671485662460327,-0.44011029601097107,-1.3043535947799683,0.5136044025421143,0.8042529225349426,-1.0451149940490723,-0.12327246367931366,-0.23464268445968628,-2.1705076694488525,-0.19308066368103027,0.4811529815196991,-0.20475754141807556,0.015119842253625393,-0.0069994148798286915,0.27491211891174316,0.6688975095748901,-0.7184186577796936,-0.17489492893218994,-1.0991159677505493
series_213,0.1106814593076706,0.10521961748600006,0.30111756920814514,-0.07293394953012466,-0.14912444353103638,-0.21812565624713898,1.7161740064620972,-0.21129944920539856,0.2869451642036438,0.25622856616973877,0.02717622183263302,0.1685749888420105,0.2282923012971878,-0.35500794649124146,1.0387812852859497,-0.4153936803340912,0.00308341346681118,0.2797742784023285,-0.048018936067819595,-0.05489053204655647,0.6413969397544861,-0.5486868023872375,-0.8232662677764893,1.1815500259399414,-0.3742995262145996,0.08629043400287628,-8.952010830398649e-05,-0.07225051522254944,-0.5868953466415405,0.3586886525154114,0.37203243374824524,0.6184408068656921,-0.2837851047515869,-1.379518985748291,1.0738707780838013,-0.7198204398155212,-0.2438366413116455,0.10485363751649857,1.1095921993255615,0.5446665287017822,0.8506343960762024,-0.26617521047592163,-0.3059535622596741,-0.5476752519607544,0.1596013754606247,-0.45647290349006653,-0.16826650500297546,-1.0943533182144165,0.38473886251449585,0.2585553824901581,-0.8659847378730774,-0.4259659945964813,0.30006614327430725,-2.318058490753174,0.11205355823040009,0.19481630623340607,0.07830438762903214,0.4411975145339966,0.785965085029602,0.8493907451629639,0.4099726974964142,-0.716620922088623,-0.13165152072906494,-1.302220106124878
series_214,0.3725427985191345,0.11485433578491211,0.34000182151794434,0.01296156831085682,-0.1843303143978119,-0.1509600281715393,1.5814204216003418,-0.35699185729026794,0.25196585059165955,0.22908875346183777,0.005700936075299978,0.02770530991256237,0.20035460591316223,-0.32205313444137573,1.237404227256775,-0.39717432856559753,-0.1240716204047203,0.39227575063705444,-0.11387515068054199,-0.17363794147968292,0.6910433769226074,-0.311185359954834,-0.803568959236145,1.2929233312606812,-0.3332572281360626,0.08697503805160522,0.035115502774715424,0.032651636749506,-0.5609113574028015,0.3494848906993866,0.2762288749217987,0.7451879382133484,-0.35322436690330505,-1.4630746841430664,0.8584814667701721,-0.6439647078514099,-0.22696250677108765,0.02349126897752285,1.197472095489502,0.4118288457393646,0.9995952248573303,-0.4149100184440613,-0.28251510858535767,-0.5811606049537659,0.36775097250938416,-0.6691052913665771,-0.19452714920043945,-1.202104926109314,0.38911497592926025,0.42042604088783264,-0.8905097246170044,-0.42717424035072327,0.1327306032180786,-2.4211373329162598,0.037341613322496414,0.30965450406074524,0.044927600771188736,0.35423609614372253,0.6401512622833252,0.7440267205238342,0.4024895131587982,-0.8262637257575989,-0.14620599150657654,-1.2681317329406738
series_215,0.9081734418869019,0.3276478946208954,0.2740281820297241,0.11826147139072418,-0.587851345539093,-0.03625112771987915,1.0088657140731812,-0.7162772417068481,0.46380937099456787,0.07242855429649353,-0.05895676836371422,-0.1243639886379242,-0.31378379464149475,-0.5127828121185303,1.6882699728012085,-0.05107245594263077,-0.6771541833877563,0.4707789421081543,-0.13953673839569092,-0.11664058268070221,0.7738768458366394,0.20273423194885254,-0.7677803039550781,1.292134404182434,-0.09552440792322159,0.07619138062000275,0.3121163547039032,0.09376147389411926,-0.24616189301013947,0.3122926354408264,0.34420523047447205,0.592904806137085,-0.6191961765289307,-1.3131542205810547,0.6013985872268677,-0.5320594906806946,-0.022400980815291405,-0.0765901580452919,1.3163769245147705,0.13065531849861145,1.0011541843414307,-0.6253678202629089,-0.2932056188583374,-0.682060182094574,0.7091699838638306,-1.000787615776062,-0.33706751465797424,-1.4091707468032837,0.5944738984107971,0.6373777985572815,-1.0307166576385498,-0.2290797233581543,-0.2179485559463501,-2.1895248889923096,-0.1100168526172638,0.49070611596107483,-0.09611599892377853,0.13131792843341827,0.07043719291687012,0.157231867313385,0.6111785173416138,-0.6574872136116028,-0.2184339463710785,-0.7966902256011963
