series,input_length,prediction_1,prediction_2,prediction_3,prediction_4,prediction_5,prediction_6,prediction_7,prediction_8,prediction_9,prediction_10,prediction_11,prediction_12,prediction_13,prediction_14,prediction_15,prediction_16,prediction_17,prediction_18,prediction_19,prediction_20,prediction_21,prediction_22,prediction_23,prediction_24,weight_Moirai,weight_Time-MoE,weight_TimesFM,weight_Timer,weight_Chronos,selected_experts
series_0,386,17371.36328125,17004.767578125,16815.0,16659.734375,16607.98046875,16668.361328125,16858.12890625,17224.724609375,17442.52734375,17794.029296875,17548.193359375,17138.466796875,16409.5859375,15452.1220703125,14434.2763671875,13744.2119140625,13519.94140625,13312.921875,13002.392578125,13209.412109375,13778.71484375,14348.0185546875,13709.708984375,12967.8896484375,0.23630261421203613,0.08762220293283463,0.21092265844345093,0.21073758602142334,0.2544148862361908,Chronos
series_1,386,105895.234375,105439.1171875,108660.34375,109246.9453125,110003.765625,111655.9609375,115871.859375,112252.296875,113215.7109375,116418.96875,113937.4765625,108720.8671875,109799.5078125,109731.6953125,110666.015625,114061.078125,112801.1875,115495.84375,116392.5703125,114175.515625,119749.7109375,118949.59375,113733.8359375,112731.5390625,0.2766548991203308,0.06278468668460846,0.18629364669322968,0.2311321198940277,0.24313469231128693,Moirai
series_2,386,41.69541549682617,42.363189697265625,45.63631820678711,48.211910247802734,51.681671142578125,53.92245101928711,55.465492248535156,57.25680160522461,59.7793083190918,62.98909378051758,63.92570877075195,62.96929931640625,63.27285385131836,65.9090576171875,63.9269905090332,66.73804473876953,68.8719253540039,69.17060089111328,64.71756744384766,66.79924774169922,66.85951232910156,68.61908721923828,68.60182189941406,66.62517547607422,0.24473656713962555,0.05485691875219345,0.1495809257030487,0.35683518648147583,0.19399037957191467,Timer
series_3,386,42922.83984375,43912.78515625,44051.1484375,44569.328125,46561.57421875,47307.05078125,45458.9140625,44258.75390625,45875.40234375,46049.828125,44450.9375,42705.94921875,43577.3671875,44571.578125,44210.50390625,46242.32421875,47013.6484375,46835.67578125,45858.73046875,44964.34375,46656.3828125,45884.87890625,43169.37890625,41816.56640625,0.383167564868927,0.09763939678668976,0.16935020685195923,0.16422295570373535,0.1856197863817215,Moirai
series_4,386,2711.708251953125,6944.99560546875,9469.2216796875,9426.5107421875,9396.455078125,10595.2412109375,10249.400390625,10475.5244140625,11339.5751953125,11411.8466796875,10410.5146484375,10377.4912109375,10457.2333984375,10355.4609375,10351.3173828125,10054.7451171875,9777.9833984375,9720.2607421875,10895.8369140625,11245.3505859375,11828.8232421875,12557.7734375,11402.3359375,12473.1162109375,0.19410917162895203,0.09129540622234344,0.2186971753835678,0.25196731090545654,0.2439308911561966,Timer
series_5,386,121362.5546875,115749.78125,115500.3203125,115625.046875,118618.53125,123857.125,128347.34375,132588.09375,133336.46875,131590.28125,124605.484375,114377.765625,116123.96875,113005.7578125,112382.1171875,111883.203125,115500.3203125,118867.984375,125852.7734375,131839.734375,132588.09375,129594.625,122859.296875,114876.6796875,0.2440582513809204,0.0681959018111229,0.20444855093955994,0.21540440618991852,0.26789286732673645,Chronos
series_6,386,17516.6953125,17786.623046875,18540.2109375,17726.767578125,19256.087890625,19627.75390625,19203.4453125,19095.400390625,19832.921875,20812.384765625,20375.8515625,19885.212890625,20888.525390625,19509.6953125,20005.3203125,19467.71484375,19202.8828125,21023.701171875,19902.169921875,20386.21875,20551.1953125,20068.0703125,20125.619140625,21050.109375,0.3021123707294464,0.0637834221124649,0.21743862330913544,0.13241715729236603,0.2842484414577484,Moirai
series_7,386,-1.4875153303146362,-0.9394332766532898,-1.7958526611328125,-3.089827060699463,-0.5989410281181335,-2.412071943283081,-0.467813104391098,1.3932876586914062,1.8533318042755127,4.6928887367248535,5.411372661590576,2.4387879371643066,2.9076621532440186,5.3276214599609375,4.699150085449219,7.576071262359619,9.633379936218262,5.744655609130859,7.930728912353516,8.450632095336914,10.393462181091309,9.018409729003906,9.635324478149414,12.405885696411133,0.27167975902557373,0.05240726098418236,0.11054600775241852,0.342792809009552,0.22257418930530548,Timer
series_8,386,35577.53125,34408.84765625,33629.7265625,32850.6015625,32349.73828125,32071.48046875,31793.22265625,31570.6171875,31459.3125,31681.919921875,30930.623046875,29316.7265625,28120.216796875,27021.09765625,26283.712890625,25448.939453125,25163.724609375,24339.384765625,23810.6953125,23528.958984375,23445.48046875,24087.212890625,23487.21875,21817.671875,0.21696098148822784,0.06226186454296112,0.18789680302143097,0.2638126611709595,0.269067645072937,Chronos
series_9,386,166197.25,167875.59375,172851.109375,170070.859375,172893.875,179038.890625,178326.296875,180493.109375,181167.640625,189888.390625,191577.390625,174981.84375,171274.53125,168791.875,176658.75,179739.609375,178666.953125,181319.140625,189470.640625,178013.84375,184966.71875,185639.28125,190371.359375,178407.34375,0.2634100019931793,0.06637942045927048,0.1874116212129593,0.24560824036598206,0.23719078302383423,Moirai
series_10,386,101.552978515625,94.79507446289062,78.44244384765625,80.03846740722656,100.79894256591797,103.7091064453125,106.3685302734375,102.58306884765625,106.71502685546875,137.17640686035156,163.68138122558594,141.63742065429688,108.67998504638672,87.081298828125,82.95558166503906,78.07097625732422,84.6370620727539,82.90274810791016,80.6287841796875,99.22732543945312,106.3153076171875,138.175537109375,158.9622802734375,146.476806640625,0.27987122535705566,0.061615925282239914,0.14120478928089142,0.297140896320343,0.22016717493534088,Timer
series_11,386,74580.03125,76105.53125,78218.15625,79675.7109375,82700.03125,84519.578125,79901.4921875,76732.9609375,80112.9375,81509.1953125,77752.875,74561.96875,74741.5234375,77504.5546875,78582.6015625,80152.625,81577.2734375,83099.40625,80042.3359375,77353.9375,80486.65625,78330.0703125,76038.015625,71876.84375,0.3265170753002167,0.10335958003997803,0.17632296681404114,0.19866904616355896,0.19513127207756042,Moirai
series_12,386,7752.04248046875,8892.7705078125,9260.66015625,9666.388671875,10220.8232421875,10788.28125,11488.0498046875,12345.541015625,13232.1298828125,11845.0078125,11781.5224609375,11783.7861328125,12501.9189453125,13204.2802734375,14396.7490234375,15345.5361328125,15970.9287109375,16819.986328125,16698.021484375,16938.59765625,17376.115234375,16808.779296875,16023.0908203125,15206.4404296875,0.26252755522727966,0.09265043586492538,0.16075386106967926,0.2757101058959961,0.2083580195903778,Timer
series_13,386,259738.859375,261662.234375,255881.09375,261919.59375,275966.0,275480.5,277208.0625,274242.28125,280702.0625,264994.59375,261200.03125,252224.75,267409.125,260983.4375,254537.09375,260257.328125,277110.4375,271860.1875,282604.46875,274902.96875,277503.15625,270418.28125,264259.78125,260689.671875,0.2949848771095276,0.07505057752132416,0.19768573343753815,0.1898614913225174,0.2424173504114151,Moirai
series_14,386,11857.021484375,8997.63671875,8691.2734375,9150.8173828125,11959.142578125,10784.751953125,11652.779296875,12954.8203125,14716.40625,18214.046875,21379.794921875,16158.8642578125,15890.796875,12980.3515625,11754.900390625,12010.203125,15609.96484375,14486.634765625,14563.224609375,15022.76953125,16465.2265625,20537.296875,24520.01171875,16975.83203125,0.260227769613266,0.07529529184103012,0.18570716679096222,0.14376001060009003,0.33500978350639343,Chronos
series_15,386,27.542133331298828,25.40662384033203,25.28239631652832,23.0020809173584,24.744157791137695,25.40511131286621,30.042560577392578,35.18391799926758,32.51099395751953,32.20553207397461,36.63198471069336,28.15882682800293,29.396574020385742,29.159948348999023,27.20785903930664,30.37471580505371,33.39208984375,30.330244064331055,26.800756454467773,28.13617515563965,30.045276641845703,28.85003089904785,32.18762969970703,32.317039489746094,0.2821778357028961,0.06358528137207031,0.11422554403543472,0.4015517234802246,0.13845954835414886,Timer
series_16,386,661.1008911132812,709.1436157226562,754.7064819335938,786.7086181640625,842.5577392578125,907.2136840820312,933.0240478515625,963.9669799804688,989.0099487304688,1029.4283447265625,937.1349487304688,936.86376953125,965.4446411132812,980.2527465820312,1004.4553833007812,1046.4129638671875,1066.0946044921875,1058.280517578125,1111.7415771484375,1152.6395263671875,1138.0601806640625,1115.3856201171875,1025.4432373046875,992.4384765625,0.2288617640733719,0.09876585751771927,0.14779317378997803,0.37124770879745483,0.15333154797554016,Timer
series_17,386,36010.0,36324.6953125,35541.640625,37285.34375,38746.89453125,39614.50390625,39590.8125,39512.82421875,38470.98046875,41174.44921875,35551.59765625,33307.1875,35187.48828125,35551.28125,34937.94140625,36620.44921875,38219.015625,38933.71875,38980.16015625,39273.45703125,38258.41015625,40466.74609375,34846.43359375,32887.046875,0.2501823306083679,0.07102368026971817,0.18487371504306793,0.2629656493663788,0.2309546321630478,Timer
series_18,386,48.64206314086914,51.13747787475586,47.18398666381836,53.3360595703125,43.47360610961914,46.6182746887207,45.582557678222656,49.63765335083008,49.994544982910156,57.063690185546875,48.39900588989258,45.651268005371094,51.81344985961914,48.05030822753906,55.91857147216797,53.84211730957031,54.47195053100586,53.160072326660156,48.49319839477539,48.575584411621094,47.83267593383789,53.07667922973633,50.90461730957031,56.174598693847656,0.24298711121082306,0.07952931523323059,0.2279370278120041,0.21601428091526031,0.23353223502635956,Moirai
series_19,386,7523.08349609375,7601.697265625,7518.68212890625,7603.3447265625,7708.71875,7608.6611328125,7442.697265625,7329.5185546875,7714.75439453125,7756.3623046875,7497.5146484375,7448.05859375,7609.95068359375,7508.73095703125,7589.1171875,7668.6572265625,7590.0400390625,7574.3984375,7529.10498046875,7485.44873046875,7621.603515625,7663.943359375,7503.13671875,7494.23486328125,0.35171404480934143,0.1049523800611496,0.16647951304912567,0.20624633133411407,0.1706077605485916,Moirai
series_20,386,48.11703109741211,111.5692138671875,99.73515319824219,47.389461517333984,88.10887908935547,127.32771301269531,59.670345306396484,81.48873901367188,-13.560211181640625,-167.4303436279297,-149.58592224121094,-82.09199523925781,0.45652467012405396,118.9345474243164,15.343707084655762,17.24457359313965,59.11304473876953,182.57713317871094,50.92352294921875,-76.51302337646484,-53.60906982421875,99.8360824584961,132.70681762695312,83.78441619873047,0.20235610008239746,0.0900641456246376,0.17734111845493317,0.28129467368125916,0.2489440143108368,Timer
series_21,386,113179.7421875,104663.5703125,99570.7734375,101194.9296875,103016.8515625,97732.3515625,95507.6953125,96850.875,96289.7421875,92589.8984375,84833.640625,84300.125,85154.9609375,84183.5078125,84913.2890625,88549.25,93417.7734375,90294.5,88421.2734375,90823.0703125,89286.5234375,85321.046875,79479.078125,80357.5546875,0.21958231925964355,0.10801145434379578,0.2214186191558838,0.26886892318725586,0.1821187138557434,Timer
series_22,386,1357.309814453125,1329.9443359375,1410.33056640625,1375.141845703125,1292.3446044921875,1365.5130615234375,1419.923095703125,1396.6268310546875,1375.54150390625,1458.9599609375,1496.90625,1494.331787109375,1407.7635498046875,1465.953125,1400.6815185546875,1381.0992431640625,1479.9173583984375,1507.7979736328125,1441.40087890625,1394.2020263671875,1466.8375244140625,1497.4962158203125,1482.573974609375,1409.81201171875,0.28932902216911316,0.0821552574634552,0.1883925348520279,0.24652978777885437,0.19359339773654938,Moirai
series_23,386,0.5586092472076416,0.5500506162643433,0.073809914290905,0.9764447212219238,1.0640980005264282,3.8114945888519287,0.8023657202720642,1.4663866758346558,1.3813908100128174,2.008301258087158,1.7296638488769531,1.2775683403015137,0.306403249502182,19.031946182250977,3.5196404457092285,2.0448617935180664,1.5360809564590454,5.143355369567871,2.8873701095581055,2.8881449699401855,5.156442642211914,4.562527656555176,4.286342144012451,6.358475685119629,0.30697664618492126,0.10902450233697891,0.13984347879886627,0.3146413266658783,0.12951409816741943,Timer
series_24,386,2778.908203125,2806.013671875,2849.014404296875,3048.365966796875,3207.013916015625,3365.563232421875,3561.750732421875,3620.53125,3641.675048828125,3919.513427734375,3982.01806640625,3595.513427734375,3561.12744140625,3441.864013671875,3325.417724609375,3421.221923828125,3633.914794921875,3607.640625,3663.598876953125,3913.916748046875,3816.294677734375,3955.905517578125,3902.49658203125,3581.217529296875,0.24323126673698425,0.06981831043958664,0.14675812423229218,0.3015693426132202,0.23862290382385254,Timer
series_25,386,86892.015625,85850.71875,82197.515625,83647.1484375,84462.9765625,83234.9765625,84310.9609375,84612.703125,83689.9921875,93044.8984375,87342.890625,82174.328125,83531.828125,81627.8046875,79600.6171875,80808.4609375,81244.0234375,80212.1484375,82217.96875,83671.5390625,83633.7109375,91462.21875,86440.9921875,81460.8984375,0.23079422116279602,0.08714333921670914,0.19124650955200195,0.2845929265022278,0.20622298121452332,Timer
series_26,386,37.63550567626953,36.432098388671875,34.74634552001953,34.46062469482422,35.38300704956055,33.160160064697266,31.57612419128418,32.72835922241211,32.22886657714844,30.643030166625977,31.388019561767578,29.450300216674805,29.509159088134766,28.28689956665039,27.68707847595215,27.67876625061035,27.317495346069336,27.047138214111328,24.537261962890625,23.45208168029785,24.045440673828125,23.050323486328125,23.403644561767578,21.12990379333496,0.2679316997528076,0.04949330911040306,0.2044374942779541,0.2861303687095642,0.1920071691274643,Timer
series_27,386,21595.046875,22944.83984375,22844.46875,22941.146484375,23366.1171875,23639.224609375,22879.025390625,21831.767578125,22556.267578125,23404.2421875,21889.0625,21231.994140625,21943.044921875,22323.97265625,22494.96875,23112.029296875,22723.1796875,23261.607421875,22837.267578125,21516.16015625,23177.896484375,22735.94140625,21580.013671875,20375.572265625,0.32382282614707947,0.10351050645112991,0.1652970165014267,0.18895243108272552,0.21841716766357422,Moirai
series_28,386,1934.814453125,3000.787109375,3948.318359375,4422.083984375,5132.732421875,6317.146484375,6790.912109375,7856.884765625,8685.974609375,9041.298828125,9159.740234375,9041.298828125,9633.505859375,9751.947265625,10107.2724609375,10699.4794921875,11173.2451171875,11469.3486328125,11528.5693359375,11350.9072265625,11054.8037109375,10225.7138671875,9515.064453125,8330.650390625,0.2097979336977005,0.0975726991891861,0.2215307652950287,0.17047853767871857,0.30062010884284973,Chronos
series_29,386,100829.796875,103549.8515625,102060.3359375,102962.1015625,108028.1171875,107158.0,109382.015625,104208.609375,107412.234375,102877.4375,103415.1015625,103685.0703125,102152.7109375,104646.609375,105902.578125,108390.890625,108200.046875,108742.6171875,109415.1796875,112338.25,110719.9375,105361.3671875,105785.796875,107961.65625,0.2573644816875458,0.08252997696399689,0.20913337171077728,0.20648960769176483,0.24448254704475403,Moirai
series_30,386,1915.8197021484375,1937.2406005859375,1995.6021728515625,1896.3345947265625,2041.8812255859375,2096.541748046875,2042.2232666015625,1940.9515380859375,2030.677490234375,1928.76708984375,1948.330322265625,1987.091796875,1997.68994140625,2000.329345703125,2011.8424072265625,2111.0478515625,1784.1134033203125,1955.982421875,1942.0286865234375,1945.621337890625,1956.34130859375,2045.447509765625,1791.5736083984375,2002.6917724609375,0.28597548604011536,0.06387094408273697,0.1759108453989029,0.19948214292526245,0.2747606337070465,Moirai
series_31,386,4.006023406982422,3.028395891189575,3.3522331714630127,3.367222547531128,3.5730538368225098,3.8219330310821533,3.8247857093811035,4.46256160736084,5.9561028480529785,8.37718677520752,7.8982439041137695,7.875913143157959,8.78808307647705,6.491915225982666,5.326877117156982,7.139522075653076,7.664546966552734,5.611333847045898,5.632260799407959,8.907100677490234,10.627158164978027,10.941254615783691,12.502389907836914,10.12261962890625,0.19959436357021332,0.11528847366571426,0.17861266434192657,0.31514590978622437,0.19135862588882446,Timer
series_32,386,5850.92333984375,5548.49169921875,5458.640625,5319.99072265625,5360.49951171875,5254.90625,5093.76513671875,5087.25048828125,5043.95458984375,4913.560546875,4853.75537109375,4553.72119140625,4283.12890625,4280.32568359375,4179.140625,4145.13916015625,4063.025146484375,3992.98681640625,3982.498779296875,3874.153076171875,3890.03125,3804.95703125,3680.630615234375,3511.953125,0.22453482449054718,0.08256471902132034,0.2197895497083664,0.27738282084465027,0.19572804868221283,Timer
series_33,386,42916.921875,42271.60546875,41941.1171875,43977.82421875,44645.1875,44570.69921875,44723.203125,44232.87109375,43601.21484375,46907.359375,43557.18359375,39994.37890625,40593.3359375,39807.4140625,39443.62109375,40873.16796875,41766.8046875,41244.04296875,42254.6875,42291.37109375,41419.49609375,44252.75390625,40600.1640625,37665.1796875,0.2368640899658203,0.059229858219623566,0.1724289357662201,0.2980642318725586,0.23341280221939087,Timer
series_34,386,33.716712951660156,35.16791534423828,36.917701721191406,39.40948486328125,42.68741989135742,43.880802154541016,45.01011657714844,41.79823303222656,37.2985954284668,36.73984909057617,37.02694320678711,34.09983444213867,34.81279754638672,33.44847869873047,33.04597473144531,35.5283088684082,42.27323532104492,37.20098876953125,37.22941970825195,35.23733139038086,37.03853988647461,37.358638763427734,35.625579833984375,36.68221664428711,0.24302621185779572,0.07781586796045303,0.16445353627204895,0.2766053378582001,0.2380990982055664,Timer
series_35,386,13658.7509765625,13824.7138671875,13730.763671875,13702.0380859375,14261.44921875,14172.76953125,13605.9775390625,13439.162109375,14032.6884765625,14191.2998046875,13950.638671875,13806.8271484375,13944.03515625,13902.0458984375,13868.1171875,14055.66015625,14101.78515625,14319.255859375,13786.77734375,13621.8759765625,13935.4951171875,14110.3056640625,13952.564453125,13616.3994140625,0.3430078327655792,0.10209313780069351,0.17338472604751587,0.19748036563396454,0.18403390049934387,Moirai
series_36,386,39.952545166015625,45.67936325073242,66.10587310791016,54.37078857421875,88.0708999633789,91.98479461669922,116.68889617919922,77.555419921875,137.65234375,157.32745361328125,144.06016540527344,109.58302307128906,98.49788665771484,147.9135284423828,154.0410614013672,101.29882049560547,126.1014175415039,117.76778411865234,164.74009704589844,128.9359130859375,187.46446228027344,231.63992309570312,246.22119140625,363.4375,0.19629834592342377,0.12961794435977936,0.20430928468704224,0.26755985617637634,0.2022145390510559,Timer
series_37,386,44112.515625,44616.62890625,45018.4296875,46576.828125,49193.05859375,49650.66015625,49236.7890625,49212.72265625,52349.75,48552.58984375,44416.4296875,41410.60546875,45625.65234375,45821.70703125,45596.015625,45629.58203125,49747.4453125,49533.8046875,49984.25390625,50262.7578125,53532.8984375,49784.41796875,43840.7109375,41434.84375,0.27162569761276245,0.06816022098064423,0.19514523446559906,0.20972652733325958,0.2553423345088959,Moirai
series_38,386,1502.7489013671875,1577.6656494140625,1595.234619140625,1649.2982177734375,1615.603759765625,1595.510009765625,1713.719970703125,1656.908203125,1782.6015625,2004.0101318359375,2189.59912109375,1834.680419921875,1785.84326171875,1773.1859130859375,1733.9080810546875,1705.369140625,1725.2718505859375,1759.978759765625,1859.0946044921875,1864.5257568359375,1923.5743408203125,1783.9940185546875,2018.9599609375,1858.1474609375,0.316206157207489,0.0534539669752121,0.19548743963241577,0.15318918228149414,0.2816632390022278,Moirai
series_39,386,-0.62185138463974,0.1277168244123459,1.5453827381134033,1.6855697631835938,1.5179184675216675,0.5891746878623962,2.3361504077911377,2.021435499191284,5.212740421295166,4.242045879364014,6.175096035003662,3.989100694656372,3.6033082008361816,5.428132057189941,3.596208333969116,5.636822700500488,6.873574256896973,6.12256383895874,6.340263366699219,4.723423004150391,5.212660312652588,4.571659088134766,5.76056432723999,5.588498115539551,0.25347596406936646,0.11236148327589035,0.14924664795398712,0.34092238545417786,0.1439935714006424,Timer
series_40,386,1733.9136962890625,1756.2196044921875,1864.3394775390625,2017.5562744140625,2243.003662109375,2233.179443359375,2166.547607421875,2106.650634765625,2091.40966796875,2099.927001953125,1997.8843994140625,1851.251953125,1769.6307373046875,1703.0572509765625,1710.9080810546875,1753.9625244140625,1893.5133056640625,1829.150634765625,1778.3544921875,1758.311767578125,1760.5384521484375,1815.4732666015625,1750.1461181640625,1590.21826171875,0.24382567405700684,0.08049911260604858,0.20386268198490143,0.2595369815826416,0.21227553486824036,Timer
series_41,386,29811.94140625,30106.1875,29217.224609375,30851.181640625,32664.958984375,31253.107421875,30810.76953125,30792.98828125,29643.791015625,32067.11328125,29131.412109375,26836.208984375,27835.96875,27462.490234375,26672.17578125,28145.615234375,30085.98828125,28253.603515625,27773.130859375,27812.0625,27410.34375,29697.482421875,27012.08203125,25313.029296875,0.2213294953107834,0.0714193657040596,0.17437644302845,0.30267825722694397,0.23019640147686005,Timer
series_42,386,134.51275634765625,146.33433532714844,132.30194091796875,133.3779296875,140.44369506835938,147.23004150390625,140.16355895996094,139.7104034423828,157.0797576904297,165.76702880859375,137.87245178222656,134.5893096923828,140.07928466796875,139.06260681152344,135.98939514160156,142.58245849609375,151.8273162841797,157.27902221679688,149.3761444091797,146.9132080078125,156.09730529785156,152.8965606689453,136.2884979248047,149.31719970703125,0.2511010766029358,0.07298703491687775,0.2352473884820938,0.19794227182865143,0.24272224307060242,Moirai
series_43,386,7052.27587890625,7017.568359375,7078.32177734375,6970.6611328125,7131.49609375,6925.87744140625,6990.08251953125,6915.865234375,6904.12109375,7000.6943359375,7036.57373046875,6880.26123046875,6986.72119140625,6977.4677734375,7101.5634765625,6900.8515625,7140.23974609375,6940.388671875,7036.2197265625,6859.2578125,6994.625,6931.4521484375,6933.623046875,6799.98974609375,0.31106117367744446,0.08725456893444061,0.18271999061107635,0.18178914487361908,0.2371751070022583,Moirai
series_44,386,13.4166259765625,24.880802154541016,35.48177719116211,43.8161735534668,50.40548324584961,53.84724044799805,51.913909912109375,47.377132415771484,46.14115524291992,52.118221282958984,60.631526947021484,53.573822021484375,53.391761779785156,50.29713821411133,51.9638557434082,53.98723220825195,55.0916633605957,58.00665283203125,55.625240325927734,54.30546951293945,53.65093994140625,63.00315475463867,62.20844268798828,59.226863861083984,0.240542933344841,0.06822869926691055,0.20922811329364777,0.27828383445739746,0.20371633768081665,Timer
series_45,386,107358.5234375,102982.453125,102263.234375,105714.0234375,110985.8515625,110160.2890625,108477.625,111559.4609375,108103.9765625,101246.765625,92583.84375,95302.3671875,103829.3984375,101427.4765625,101824.7265625,105388.1640625,110323.1484375,109252.078125,108233.8984375,112032.4296875,108677.9609375,100508.3046875,91254.7421875,95509.7890625,0.22791029512882233,0.06742826104164124,0.18385346233844757,0.27685198187828064,0.24395599961280823,Timer
series_46,386,688.0524291992188,619.017578125,611.2838134765625,615.5023803710938,634.2593383789062,624.6495971679688,619.4598999023438,674.8163452148438,687.4992065429688,696.6712646484375,659.7822875976562,614.2174682617188,614.0751953125,594.9441528320312,592.469970703125,589.5501098632812,612.7708129882812,609.1908569335938,611.11669921875,633.9641723632812,648.244384765625,632.4721069335938,610.6390380859375,571.2587280273438,0.22476321458816528,0.09878536313772202,0.21313971281051636,0.23363898694515228,0.22967271506786346,Timer
series_47,386,0.09131019562482834,0.0793590247631073,0.14712384343147278,0.23088517785072327,0.26742178201675415,0.3693763017654419,0.43838736414909363,0.35643914341926575,0.32815954089164734,0.3730636537075043,0.4412190020084381,0.3798268437385559,0.360256165266037,0.33030083775520325,0.3379611074924469,0.3601008355617523,0.35782256722450256,0.39309027791023254,0.4256495535373688,0.5737189650535583,0.4950528144836426,0.48138436675071716,0.5592443346977234,0.7369562387466431,0.2252776175737381,0.062410932034254074,0.1562659591436386,0.32278257608413696,0.23326291143894196,Timer
series_48,386,3350.453857421875,3155.38525390625,3102.807373046875,3025.982421875,3040.532958984375,2886.709228515625,2762.432373046875,2716.34375,2609.898193359375,2525.215576171875,2385.1357421875,2306.550537109375,2182.21435546875,2086.3740234375,2055.612060546875,2034.744140625,2071.993896484375,1990.769775390625,1909.829345703125,1897.6707763671875,1868.593017578125,1887.2572021484375,1805.630126953125,1714.02734375,0.1943078637123108,0.08371731638908386,0.20792216062545776,0.32779186964035034,0.18626080453395844,Timer
series_49,386,76947.765625,77613.59375,76242.8359375,78788.0,80671.1171875,82031.8046875,82480.3046875,81409.6484375,80742.4609375,84202.640625,77482.28125,72654.3671875,73540.6640625,72774.1484375,71119.015625,73289.7421875,75583.6484375,75710.8828125,76846.09375,76526.7421875,76159.5625,79893.453125,72034.484375,67519.6015625,0.22680318355560303,0.06562390178442001,0.18134230375289917,0.3044196367263794,0.22181105613708496,Timer
series_50,386,36.09720993041992,32.797786712646484,36.063480377197266,44.441009521484375,49.157264709472656,56.613319396972656,55.103389739990234,49.51908493041992,51.129180908203125,47.4802360534668,47.04541778564453,43.930641174316406,39.56842041015625,40.04806137084961,41.415504455566406,45.6583137512207,51.86016845703125,52.381103515625,47.77778244018555,45.30166244506836,46.73335647583008,46.03202438354492,40.845420837402344,41.77732467651367,0.2622116804122925,0.10644077509641647,0.17883098125457764,0.2963966429233551,0.1561199277639389,Timer
series_51,386,24963.96875,24498.083984375,24851.12890625,25162.962890625,25361.708984375,25243.474609375,24786.55859375,24290.994140625,25410.70703125,25338.7578125,24733.01953125,24528.3046875,25304.0703125,25500.75,25176.580078125,25404.775390625,25193.82421875,25356.75390625,25319.638671875,24795.955078125,25022.869140625,25275.93359375,24812.583984375,24435.46484375,0.2938843071460724,0.08546920865774155,0.18954169750213623,0.21816308796405792,0.2129417359828949,Moirai
series_52,386,35185.3125,37573.09375,40879.66796875,40497.7421875,41962.62890625,42832.171875,42814.65625,42806.83203125,42198.68359375,40351.56640625,39478.5,37169.86328125,37235.828125,38265.66015625,39007.23828125,39567.55859375,39267.68359375,38167.796875,38947.78125,39161.56640625,40170.28125,40656.41796875,41014.27734375,41546.0234375,0.21569019556045532,0.0703512653708458,0.22723494470119476,0.2994168698787689,0.18730676174163818,Timer
series_53,386,119212.765625,118256.3984375,121125.484375,126624.578125,135231.84375,137144.578125,137622.765625,139057.3125,138100.9375,133797.3125,124711.8515625,114909.125,120169.125,121125.484375,123994.578125,128298.21875,135231.84375,136666.40625,138100.9375,139057.3125,138100.9375,135231.84375,126146.3984375,117539.125,0.2452022135257721,0.07029048353433609,0.19942814111709595,0.2259252667427063,0.2591538727283478,Chronos
series_54,386,1867.948974609375,1621.830322265625,1593.4320068359375,1555.567626953125,1754.355712890625,1659.6947021484375,1631.29638671875,1678.626953125,1849.0167236328125,2062.00390625,2009.9404296875,1659.6947021484375,1631.29638671875,1527.1693115234375,1546.1014404296875,1536.6353759765625,1763.82177734375,1659.6947021484375,1688.093017578125,1763.82177734375,1924.74560546875,2095.13525390625,2080.936279296875,1792.2200927734375,0.23608577251434326,0.07170453667640686,0.2140783816576004,0.13803301751613617,0.3400982916355133,Chronos
series_55,386,6.941466808319092,8.039199829101562,10.835782051086426,10.70948314666748,13.035104751586914,12.659344673156738,15.004190444946289,19.540679931640625,22.55667495727539,24.13435173034668,24.5082950592041,25.670257568359375,26.285919189453125,28.203527450561523,27.9794921875,32.574520111083984,32.3780517578125,32.10468292236328,33.667640686035156,37.826026916503906,39.164241790771484,38.13222885131836,42.109188079833984,46.436222076416016,0.23245610296726227,0.12786109745502472,0.1522911787033081,0.3672117590904236,0.12017988413572311,Timer
series_56,386,61600.4140625,62003.8046875,61802.109375,61936.5703125,63314.8203125,64222.44921875,64693.0703125,65230.92578125,64558.609375,64222.44921875,60591.9375,58843.9140625,58171.59765625,57566.51171875,56020.18359375,55347.8671875,55280.6328125,54810.01171875,54608.31640625,55213.40234375,55549.5625,56759.73046875,54608.31640625,54272.15625,0.23386938869953156,0.05443017557263374,0.19267244637012482,0.217111274600029,0.3019166886806488,Chronos
series_57,386,245831.296875,250877.6875,247396.46875,260765.71875,262842.71875,266441.0625,259305.953125,255082.671875,279788.0625,273192.1875,264612.96875,252347.875,253494.046875,266089.875,263772.5625,275613.03125,276969.4375,274173.0625,281437.625,276665.46875,274318.59375,299095.46875,279677.5,265346.625,0.2709539234638214,0.09366443753242493,0.19031482934951782,0.24328510463237762,0.201781764626503,Moirai
series_58,386,330.3309631347656,349.2234191894531,339.20703125,340.9023742675781,344.35760498046875,346.8931884765625,359.7478332519531,338.0067138671875,342.8572082519531,346.8200988769531,380.9609680175781,367.8221740722656,366.8049621582031,360.2937927246094,358.3829650878906,350.4588928222656,367.9449768066406,359.2596740722656,380.8830261230469,389.0661315917969,410.126953125,408.96990966796875,391.6876525878906,372.7442932128906,0.2607826292514801,0.0908057913184166,0.21088851988315582,0.21472004055976868,0.22280310094356537,Moirai
series_59,386,77675.4609375,80723.6953125,82570.3046875,86509.640625,89537.3359375,87379.28125,83145.75,80427.453125,82299.15625,78961.4765625,76298.28125,74418.7421875,79098.03125,81766.2734375,81705.1875,86419.640625,87294.0703125,87177.140625,84211.328125,81886.1015625,82958.421875,78043.546875,74527.078125,72240.0,0.35931098461151123,0.10444983839988708,0.1685541868209839,0.17257952690124512,0.19510553777217865,Moirai
series_60,386,11476.830078125,11178.0751953125,12143.8486328125,11513.3271484375,12369.2294921875,12011.81640625,11773.875,12182.58203125,12197.11328125,11984.3134765625,13020.7509765625,12110.15625,13046.9287109375,12446.62109375,13097.3349609375,12765.205078125,12729.1171875,13297.716796875,14442.9609375,14363.689453125,14334.1650390625,14716.7744140625,13751.7744140625,14621.6787109375,0.2858644723892212,0.06284839659929276,0.1879604458808899,0.2705973982810974,0.19272929430007935,Moirai
series_61,386,537576.625,507434.84375,468129.125,510014.78125,555714.625,549517.5625,554263.375,549407.1875,518672.03125,463041.90625,461424.46875,505545.3125,540590.25,508311.84375,497108.65625,516067.1875,527987.9375,545213.9375,549244.125,549207.0625,508414.375,432963.71875,458616.9375,506154.71875,0.26872438192367554,0.08762118965387344,0.19423750042915344,0.2065512090921402,0.242865651845932,Moirai
series_62,386,7232.3330078125,6827.0517578125,6788.45361328125,6537.5654296875,7058.640625,7077.9404296875,7309.529296875,7502.5205078125,7792.0068359375,7849.904296875,7907.80126953125,7618.31494140625,8120.09130859375,7927.1005859375,8042.89501953125,7907.80126953125,8351.6806640625,8438.5263671875,8747.3125,8940.302734375,9345.583984375,9229.7900390625,9239.439453125,8805.208984375,0.2919398546218872,0.07022275775671005,0.16451579332351685,0.1728571206331253,0.3004644811153412,Chronos
series_63,386,14.420031547546387,14.502283096313477,15.578780174255371,16.820831298828125,20.09539794921875,24.472997665405273,30.76227378845215,44.08518981933594,48.528167724609375,56.15034103393555,57.51760482788086,59.164642333984375,66.46031951904297,73.9087142944336,73.4317626953125,77.5255355834961,82.27955627441406,82.14962005615234,85.83613586425781,91.33203125,90.48768615722656,94.96003723144531,99.91165924072266,112.7655258178711,0.2289150357246399,0.07203848659992218,0.16333124041557312,0.3119453191757202,0.2237699329853058,Timer
series_64,386,17.69207763671875,20.398122787475586,21.121206283569336,20.17646598815918,20.460256576538086,21.59956932067871,23.420873641967773,23.145977020263672,21.724533081054688,21.322416305541992,18.605642318725586,20.855863571166992,20.704870223999023,21.333005905151367,26.943817138671875,28.558622360229492,38.46437072753906,47.89713668823242,44.058990478515625,47.719818115234375,41.08713912963867,41.06824493408203,35.95795822143555,37.766517639160156,0.22050943970680237,0.08168909698724747,0.17301736772060394,0.38169440627098083,0.1430896669626236,Timer
series_65,386,15513.462890625,15740.0263671875,15627.9130859375,16200.4990234375,16380.25,17195.076171875,17181.98046875,17123.150390625,16753.78515625,17005.380859375,15198.6474609375,14806.453125,15272.484375,15178.25,15125.4345703125,15425.0517578125,15805.2373046875,16469.892578125,16730.9453125,16595.32421875,16223.5107421875,16504.431640625,14675.59375,14270.931640625,0.20399940013885498,0.07488753646612167,0.19618593156337738,0.30433201789855957,0.2205951064825058,Timer
series_66,386,55.09379959106445,42.828922271728516,45.53279113769531,47.015167236328125,40.04934310913086,43.14472579956055,43.73591232299805,42.922637939453125,37.01557540893555,47.315792083740234,42.83808517456055,44.93989944458008,39.14996337890625,38.15473556518555,40.48875045776367,44.81850051879883,36.194122314453125,46.14778518676758,39.95621871948242,41.806758880615234,37.46512222290039,39.73007583618164,42.106929779052734,36.2909049987793,0.1569410115480423,0.07282138615846634,0.25464415550231934,0.2622212767601013,0.2533721625804901,Timer
series_67,386,2666.40673828125,2685.38818359375,2770.65380859375,2665.097412109375,2732.035888671875,2692.364990234375,2673.253662109375,2590.290771484375,2722.802490234375,2769.846923828125,2721.596435546875,2581.28564453125,2726.404541015625,2766.601806640625,2824.829833984375,2715.473388671875,2710.44775390625,2753.474609375,2771.00830078125,2661.0712890625,2773.970458984375,2778.4599609375,2784.64404296875,2690.718017578125,0.3042823374271393,0.11662078648805618,0.18694306910037994,0.19185949862003326,0.20029421150684357,Moirai
series_68,386,0.09233053028583527,0.1684393435716629,0.16992798447608948,0.2738953232765198,0.1839287281036377,0.25700458884239197,0.2639158368110657,0.3347339630126953,0.23306122422218323,0.3603905141353607,0.35446974635124207,0.46725988388061523,0.263284295797348,0.26284244656562805,0.08417104184627533,0.24923348426818848,0.20927201211452484,1.0311325788497925,2.445521116256714,1.8944844007492065,0.25077441334724426,0.43293696641921997,0.24299530684947968,0.3052547872066498,0.2172371745109558,0.09651382267475128,0.213063046336174,0.2727336585521698,0.2004522830247879,Timer
series_69,386,8711.7021484375,8616.3623046875,8505.18359375,8943.2685546875,9351.4794921875,10128.236328125,10218.775390625,11356.236328125,12638.7646484375,11694.8037109375,9663.291015625,8857.681640625,9111.0859375,9113.4638671875,9031.4853515625,9572.2578125,10441.712890625,10770.0224609375,10949.5361328125,11815.8701171875,12394.5068359375,11988.1552734375,10060.4169921875,9184.5751953125,0.24014604091644287,0.05983591452240944,0.174086332321167,0.2838508188724518,0.242080956697464,Timer
series_70,386,329.6028137207031,322.78533935546875,299.3642883300781,322.2731628417969,303.72833251953125,318.01702880859375,308.8161926269531,308.4274597167969,304.4736633300781,330.6116638183594,331.8146057128906,363.3052673339844,349.11663818359375,356.326904296875,333.3025207519531,332.1077575683594,335.0368347167969,321.9345397949219,323.8448486328125,336.1982421875,380.5484619140625,325.24066162109375,345.9461669921875,338.439208984375,0.28227946162223816,0.05430750548839569,0.15308833122253418,0.26645374298095703,0.24387094378471375,Moirai
series_71,386,0.015963252633810043,0.005282701458781958,0.011363762430846691,0.014432362280786037,0.011626181192696095,0.0465923510491848,0.030591273680329323,0.02462635561823845,0.02960389293730259,0.04331180080771446,0.0433325432240963,0.0253863837569952,0.0415215790271759,0.03279043361544609,0.01731274090707302,0.024284450337290764,0.01953057572245598,0.04398305341601372,0.014283746480941772,0.027544662356376648,0.024167953059077263,0.04419133439660072,0.04148832708597183,0.07125574350357056,0.21242335438728333,0.10232342779636383,0.22392679750919342,0.2930371165275574,0.16828937828540802,Timer
series_72,386,3932.052734375,4107.90625,4019.9794921875,4107.90625,4371.685546875,4371.685546875,4723.390625,5075.0966796875,5075.0966796875,5426.802734375,5250.94921875,4899.244140625,4987.169921875,4811.3173828125,4723.390625,4635.46484375,4635.46484375,4723.390625,4811.3173828125,5075.0966796875,5338.8759765625,5778.5078125,5426.802734375,4899.244140625,0.263957679271698,0.0575820654630661,0.1574910581111908,0.24932891130447388,0.27164024114608765,Chronos
series_73,386,239847.046875,241299.703125,226026.78125,232102.078125,232357.25,230643.203125,231404.703125,236209.75,236362.25,263696.0,241165.171875,230558.578125,231020.40625,226945.859375,215095.953125,219780.296875,220699.875,219826.125,219552.65625,225730.75,228009.90625,255987.359375,229758.921875,219541.828125,0.2526416778564453,0.08541429787874222,0.18516264855861664,0.28020867705345154,0.1965726912021637,Timer
series_74,386,151.5054168701172,143.88015747070312,135.23818969726562,128.4627227783203,124.6728286743164,121.85005187988281,134.392822265625,141.7141571044922,143.7303009033203,152.81723022460938,153.6458740234375,144.64793395996094,141.89012145996094,138.08473205566406,131.92037963867188,129.4396514892578,124.16866302490234,127.42000579833984,133.0244140625,134.75108337402344,141.5072479248047,146.1294708251953,149.29513549804688,132.8878936767578,0.21991121768951416,0.0810142457485199,0.19418564438819885,0.27061671018600464,0.23427227139472961,Timer
series_75,386,43257.8125,44087.6640625,44402.640625,45691.9921875,47508.234375,47316.30859375,46396.625,44225.6171875,45441.2578125,44094.8671875,42343.69921875,41689.63671875,44309.8125,45255.8828125,45248.453125,47244.4296875,49177.75390625,50125.3046875,47556.17578125,46192.85546875,45908.5390625,45978.03515625,43984.93359375,43246.15234375,0.30887657403945923,0.09946475178003311,0.19894616305828094,0.14622245728969574,0.24649007618427277,Moirai
series_76,386,3556.69677734375,3632.5224609375,3310.7548828125,3823.477783203125,3734.851806640625,3574.6005859375,3587.69970703125,3773.874267578125,3896.848388671875,3446.44921875,3645.4208984375,3602.486572265625,3682.338134765625,3616.175537109375,3929.612060546875,3641.655029296875,3806.5654296875,3679.92333984375,3777.029296875,3869.466552734375,3807.530517578125,3526.6123046875,4021.584228515625,3642.310791015625,0.2876404821872711,0.10388059169054031,0.17508170008659363,0.2566074728965759,0.17678973078727722,Moirai
series_77,386,246761.171875,240513.28125,230721.8125,233925.21875,248086.671875,238845.875,240991.3125,241083.53125,248603.71875,240161.921875,233032.71875,237388.390625,252343.796875,245003.9375,239041.828125,236396.828125,244813.953125,244866.59375,241313.1875,242848.953125,243866.59375,229341.359375,235399.859375,244984.28125,0.26031526923179626,0.09465926140546799,0.19209493696689606,0.23845987021923065,0.21447062492370605,Moirai
series_78,386,4041.74609375,3424.327392578125,3376.271484375,3585.2421875,4012.150146484375,3834.81884765625,3871.75439453125,4113.6630859375,4352.67431640625,5133.849609375,5822.16162109375,5063.54833984375,4532.78466796875,4011.753173828125,3880.764892578125,3748.917236328125,4293.01904296875,4057.870361328125,4093.404296875,4161.98974609375,4424.54833984375,5073.89990234375,5659.69921875,4804.513671875,0.1841493397951126,0.10801997780799866,0.15398705005645752,0.3599499762058258,0.19389371573925018,Timer
series_79,386,93.8079833984375,106.5468521118164,104.4364013671875,100.3542251586914,113.36055755615234,107.5570297241211,105.19512176513672,111.75361633300781,112.5989990234375,108.99342346191406,115.5726318359375,113.1356430053711,121.5484619140625,131.45596313476562,137.47789001464844,131.73846435546875,140.48756408691406,134.58372497558594,133.05606079101562,131.83937072753906,133.63238525390625,126.3004379272461,147.2592315673828,153.55374145507812,0.24866560101509094,0.07749701291322708,0.2014266401529312,0.2597236931324005,0.21268704533576965,Timer
series_80,386,55455.80078125,54149.24609375,53523.1953125,53775.30859375,53855.01171875,54244.26953125,54217.05859375,53897.83984375,52515.63671875,52264.21484375,48577.0859375,46002.0546875,45138.75,45040.51953125,44179.37109375,44418.73828125,44419.90234375,44493.71875,44830.19921875,44848.9375,44395.09375,44495.45703125,41380.6640625,39264.02734375,0.23332421481609344,0.05497654527425766,0.18174873292446136,0.31165382266044617,0.21829670667648315,Timer
series_81,386,56306.3828125,57253.58984375,58367.0625,59634.09765625,58438.640625,59414.71875,61035.66015625,59451.3125,62853.109375,60497.02734375,58059.98828125,61610.078125,61260.328125,61293.203125,62587.26171875,60920.75390625,60018.7734375,63113.39453125,60413.71484375,57369.43359375,61835.09375,61639.37890625,58263.80859375,58396.16015625,0.271414190530777,0.10033692419528961,0.19372141361236572,0.25804364681243896,0.17648382484912872,Moirai
series_82,386,333.55474853515625,346.5050964355469,357.0580139160156,350.6064453125,329.4343566894531,327.849609375,321.31317138671875,435.2030029296875,365.41827392578125,357.40875244140625,370.88800048828125,368.9188232421875,412.8117980957031,411.1659240722656,373.3863220214844,380.623046875,379.6482238769531,438.9585876464844,346.11358642578125,359.0655517578125,405.8143005371094,426.4292907714844,438.82061767578125,419.17333984375,0.2574690282344818,0.07578163594007492,0.20382604002952576,0.2166282683610916,0.2462950199842453,Moirai
series_83,386,19732.8125,19862.77734375,19561.037109375,19638.087890625,20175.0,20178.2578125,19551.6015625,19208.1875,19532.00390625,19799.333984375,19470.87109375,19235.419921875,19847.955078125,19922.212890625,19584.298828125,19552.888671875,19792.8671875,19766.2578125,19175.951171875,19456.037109375,19446.12109375,19530.0703125,19685.5,19409.341796875,0.3251425325870514,0.07803314179182053,0.18019169569015503,0.19361303746700287,0.2230195701122284,Moirai
series_84,386,58.37287521362305,100.6962661743164,73.10472869873047,78.89295196533203,79.46566772460938,104.02656555175781,114.80025482177734,119.76517486572266,110.00811004638672,104.4867935180664,125.0328140258789,139.282470703125,132.29568481445312,152.41552734375,144.14581298828125,167.3227996826172,179.76426696777344,183.72633361816406,153.75096130371094,188.16647338867188,233.5801239013672,202.69203186035156,199.0841522216797,243.3076629638672,0.24801985919475555,0.05865543708205223,0.1637662947177887,0.37270769476890564,0.15685074031352997,Timer
series_85,386,335808.875,268412.5,278854.1875,336758.125,356692.25,341504.34375,336758.125,349098.3125,299737.5625,255123.0625,294042.09375,345301.3125,340555.125,283125.78125,293092.875,344352.0625,363337.0,350047.5625,351946.0625,369032.4375,307331.53125,256546.9375,308280.78125,369981.6875,0.24440501630306244,0.06456626206636429,0.19348470866680145,0.2360711246728897,0.2614728510379791,Chronos
series_86,386,5192.4013671875,5169.76806640625,4723.80419921875,4680.4697265625,4316.14013671875,4796.69873046875,4988.20654296875,5391.8330078125,5643.19970703125,5491.9306640625,5750.74658203125,4711.06689453125,5519.60546875,5469.3154296875,4923.98876953125,4336.06494140625,5193.38818359375,5228.296875,5101.77880859375,5390.478515625,5259.10107421875,5879.34375,5075.234375,5180.40185546875,0.2988317906856537,0.07715249806642532,0.20522794127464294,0.2059238702058792,0.21286387741565704,Moirai
series_87,386,0.6403160095214844,0.20298968255519867,0.4518667161464691,1.240762710571289,0.804212749004364,0.9310399889945984,0.9807963371276855,1.2338154315948486,3.154529333114624,4.940272808074951,5.9114603996276855,6.461974620819092,6.241878986358643,7.231900215148926,8.313872337341309,8.47403335571289,10.17351245880127,15.508308410644531,21.22408103942871,19.94822120666504,21.00031089782715,15.166335105895996,21.567142486572266,19.399566650390625,0.19802367687225342,0.12266005575656891,0.19774547219276428,0.29159849882125854,0.18997229635715485,Timer
series_88,386,1803.7899169921875,1888.2864990234375,2008.0845947265625,2231.68994140625,2317.362548828125,2184.66943359375,2458.541015625,2512.899169921875,2499.803466796875,2665.156982421875,2358.815673828125,1903.914306640625,2025.731689453125,1979.4595947265625,2192.018310546875,2316.25439453125,2500.368408203125,2453.19287109375,2775.395263671875,2772.729736328125,3066.030517578125,3304.21337890625,2943.90478515625,2805.685302734375,0.2481984943151474,0.055797237902879715,0.11753266304731369,0.35546332597732544,0.22300827503204346,Timer
series_89,386,270590.125,264698.03125,272197.90625,269151.875,275144.125,290582.46875,278623.1875,276466.875,293769.28125,307288.59375,298373.34375,281874.09375,265551.40625,279428.28125,284663.71875,276985.53125,282986.125,294442.84375,298548.625,289796.34375,292571.84375,298982.71875,300128.90625,288259.09375,0.3131513297557831,0.0798465758562088,0.18051302433013916,0.21702909469604492,0.20946002006530762,Moirai
series_90,386,160.356689453125,151.74977111816406,142.55792236328125,132.5055389404297,145.4761962890625,207.3070526123047,319.5209045410156,397.322021484375,438.1184387207031,669.2987060546875,791.5403442382812,489.7310485839844,243.23255920410156,193.43893432617188,183.6492462158203,150.5846710205078,192.02764892578125,229.4491424560547,345.2720642089844,405.5104064941406,512.1566162109375,730.1951293945312,848.1566772460938,575.9766845703125,0.26005643606185913,0.06299028545618057,0.22247374057769775,0.21380940079689026,0.24067020416259766,Moirai
series_91,386,63252.45703125,66735.2265625,69799.0,73034.3359375,75870.375,75187.2421875,71434.7265625,69528.7109375,67823.9921875,63891.15234375,60643.72265625,60673.0,64383.9921875,69335.6484375,70780.484375,73823.875,76210.75,73736.5546875,71696.3046875,69958.7421875,69563.0390625,65326.97265625,60497.83203125,59485.828125,0.4373299777507782,0.07494189590215683,0.15944772958755493,0.12928202748298645,0.19899842143058777,Moirai
series_92,386,3778.56982421875,3673.637939453125,4062.814208984375,4601.91943359375,4232.39892578125,4242.37744140625,4584.3046875,4568.56689453125,4339.47265625,5414.8583984375,4677.9482421875,4239.0205078125,4210.6376953125,4012.184326171875,4674.89501953125,4625.27001953125,4529.81005859375,5420.51123046875,5074.5625,3989.734375,5159.662109375,4688.9326171875,4415.5966796875,5120.59375,0.2664746046066284,0.07857756316661835,0.17464607954025269,0.2525973916053772,0.22770436108112335,Moirai
series_93,386,335996.875,346202.125,311416.84375,287057.875,298567.34375,309447.03125,317065.15625,328478.5625,341732.75,303893.21875,271320.6875,284541.28125,329871.75,334494.5,309925.5,295631.65625,305986.75,307256.09375,314624.6875,317538.5,333909.71875,289724.375,272882.53125,291363.96875,0.2937740981578827,0.08688600361347198,0.17623202502727509,0.2079017013311386,0.23520611226558685,Moirai
series_94,386,10112.697265625,9668.4658203125,9719.572265625,9428.66015625,10280.7578125,10365.279296875,10450.7841796875,10694.5205078125,10887.15234375,10611.96484375,10362.0849609375,9758.884765625,10606.068359375,10421.2998046875,10558.892578125,10702.3837890625,11689.1259765625,11862.1005859375,11932.86328125,12042.9375,12475.375,12412.474609375,12082.25,11268.482421875,0.28718945384025574,0.07116418331861496,0.16104473173618317,0.16754478216171265,0.31305691599845886,Chronos
series_95,386,45.85142517089844,49.48283004760742,53.32307815551758,56.51719284057617,56.32612228393555,49.83360290527344,61.721595764160156,53.336814880371094,59.26224899291992,43.440391540527344,50.56096267700195,55.61982345581055,54.30360794067383,53.81171798706055,46.27146530151367,59.4276123046875,50.00566482543945,53.80445098876953,58.30500411987305,55.97178649902344,89.26521301269531,51.50370788574219,62.78840637207031,67.21512603759766,0.2563245892524719,0.06662680953741074,0.18791058659553528,0.25279369950294495,0.2363443374633789,Moirai
series_96,386,130.94650268554688,131.7824249267578,130.9936981201172,132.61904907226562,124.64720916748047,123.5810546875,128.744873046875,126.2898941040039,124.37239074707031,123.41240692138672,120.18236541748047,118.93305969238281,115.7227554321289,114.44384765625,115.61138916015625,115.52046203613281,112.8284683227539,113.85936737060547,112.2369613647461,113.83937072753906,116.11907196044922,116.0098876953125,105.84464263916016,103.3559341430664,0.23814810812473297,0.11566250771284103,0.172465518116951,0.3048883378505707,0.16883552074432373,Timer
series_97,386,14807.2177734375,14580.892578125,14220.6015625,14527.8974609375,14259.580078125,14823.908203125,15361.6376953125,15424.728515625,15172.703125,15472.548828125,14325.673828125,14035.369140625,14364.9990234375,14088.0185546875,13901.5830078125,13922.0615234375,13827.8720703125,14110.2412109375,14928.78125,14949.6923828125,14874.3125,15114.0615234375,13863.3154296875,13611.0126953125,0.20925141870975494,0.0830901563167572,0.19526365399360657,0.3074553608894348,0.20493939518928528,Timer
series_98,386,279.81317138671875,256.9223937988281,213.27236938476562,210.02574157714844,220.5232391357422,242.0818634033203,221.10501098632812,201.84219360351562,196.5916748046875,190.18917846679688,179.49441528320312,178.6765594482422,171.7088165283203,154.24131774902344,142.52435302734375,155.83132934570312,148.7557373046875,144.91854858398438,139.82791137695312,140.9163818359375,130.2869873046875,123.08766174316406,124.56133270263672,137.1388702392578,0.2182607799768448,0.06985574215650558,0.16735388338565826,0.3511289358139038,0.19340062141418457,Timer
series_99,386,2348.749267578125,2366.089111328125,2375.373291015625,2359.095703125,2434.591552734375,2434.051513671875,2338.77001953125,2306.1640625,2430.843505859375,2436.42919921875,2353.748046875,2247.826171875,2405.5146484375,2413.080322265625,2370.064208984375,2444.900634765625,2423.134521484375,2382.850830078125,2404.372314453125,2340.548828125,2417.932861328125,2403.838623046875,2384.17626953125,2310.2587890625,0.244765043258667,0.09255494177341461,0.20873314142227173,0.22719638049602509,0.22675050795078278,Moirai
series_100,386,0.21451377868652344,0.21451377868652344,0.16501998901367188,-0.2309246063232422,-0.08244514465332031,-0.032952308654785156,0.06603431701660156,0.01654052734375,-0.032952308654785156,0.01654052734375,0.06603431701660156,0.06603431701660156,0.11552715301513672,-0.08244514465332031,-0.08244514465332031,0.21451377868652344,0.16501998901367188,-0.032952308654785156,0.16501998901367188,0.31349945068359375,0.31349945068359375,0.2640066146850586,0.31349945068359375,0.31349945068359375,0.20596401393413544,0.07225953042507172,0.1874716877937317,0.2647809684276581,0.2695237696170807,Chronos
series_101,386,40559.57421875,39214.2890625,37847.8515625,36700.578125,35829.67578125,35881.10546875,37029.14453125,37604.85546875,36325.3359375,36366.3984375,35086.0703125,34696.0,35856.8203125,34092.60546875,31861.373046875,30659.306640625,30488.5625,31522.09765625,33461.87109375,33518.3984375,32793.94921875,32857.0078125,31826.849609375,31229.365234375,0.20194466412067413,0.06852138787508011,0.21001243591308594,0.2802395224571228,0.23928199708461761,Timer
series_102,386,761.9640502929688,759.9313354492188,708.892333984375,675.1982421875,656.5263671875,663.5967407226562,648.0733642578125,653.4319458007812,641.0828857421875,629.465087890625,651.5787353515625,652.22314453125,653.8497314453125,659.0425415039062,649.0731811523438,674.0503540039062,651.216064453125,662.3497924804688,652.4337768554688,643.23291015625,636.8417358398438,635.4450073242188,637.7855834960938,622.6002197265625,0.22091791033744812,0.08192447572946548,0.19695597887039185,0.2699923813343048,0.23020926117897034,Timer
series_103,386,0.0812486931681633,0.07901451736688614,0.02909991517663002,0.002938169753178954,-5.3835137805435807e-05,0.04276442527770996,0.07364249974489212,0.08000987768173218,0.05433405935764313,0.024519894272089005,0.6768944263458252,0.009312844835221767,0.04811622574925423,0.08143027871847153,0.11775781214237213,0.36198297142982483,0.05993866175413132,0.07441163808107376,0.29753977060317993,0.0697014257311821,0.1466323882341385,0.2539099156856537,0.0442521907389164,0.11720111221075058,0.2759661078453064,0.10981446504592896,0.2021787017583847,0.23215259611606598,0.17988815903663635,Moirai
series_104,386,5045.5224609375,5844.6123046875,5438.32568359375,5218.5751953125,4983.58984375,5332.07421875,5336.35693359375,5550.4306640625,5355.8037109375,5403.16845703125,5123.16064453125,5452.9775390625,5017.27197265625,5599.341796875,5497.95751953125,5772.01416015625,5064.6240234375,5328.3681640625,5290.34716796875,6020.1123046875,5802.06298828125,5282.84716796875,5470.51806640625,6099.05908203125,0.2761910557746887,0.08174888789653778,0.19456011056900024,0.20381976664066315,0.24368014931678772,Moirai
series_105,386,47875.2421875,47194.35546875,46493.65234375,47623.26953125,47803.94921875,48181.046875,48625.98828125,48195.98046875,48046.76171875,50128.98046875,46969.02734375,43720.1875,44196.125,43127.59375,42982.33984375,43672.3203125,44044.56640625,43709.7265625,44448.2734375,44582.8203125,43935.8515625,46485.58984375,42896.01953125,40191.66796875,0.24924714863300323,0.06369506567716599,0.17759588360786438,0.2712905704975128,0.23817136883735657,Timer
series_106,386,7.25804328918457,7.438276290893555,7.798742294311523,8.09913158416748,8.519675254821777,9.661150932312012,10.141773223876953,9.90146255493164,10.322006225585938,10.26192855834961,10.502239227294922,10.26192855834961,10.322006225585938,10.322006225585938,10.322006225585938,10.682472229003906,11.283248901367188,12.06425952911377,12.484803199768066,12.544880867004395,12.66503620147705,11.763871192932129,11.042938232421875,10.682472229003906,0.24594919383525848,0.06142998859286308,0.23048657178878784,0.21477259695529938,0.24736163020133972,Chronos
series_107,386,16449.70703125,16955.521484375,17004.513671875,17010.236328125,17657.59765625,17804.9921875,17345.94921875,16855.9765625,17552.736328125,17737.662109375,17211.0390625,16222.33984375,16823.869140625,17105.740234375,17126.951171875,17314.376953125,17574.375,17744.126953125,17549.63671875,16835.623046875,17345.41796875,17595.517578125,17206.54296875,16314.4091796875,0.37561190128326416,0.09486483782529831,0.16548191010951996,0.17386576533317566,0.19017557799816132,Moirai
series_108,386,7.777032375335693,10.189623832702637,16.724258422851562,12.0144624710083,7.198647975921631,4.31331205368042,12.07690143585205,13.327414512634277,20.041349411010742,13.710016250610352,21.30086326599121,18.992069244384766,13.10058307647705,11.093405723571777,9.545376777648926,22.118661880493164,26.9731388092041,15.487875938415527,18.151220321655273,23.19501304626465,22.810331344604492,20.755558013916016,21.01370620727539,24.463672637939453,0.2469586282968521,0.0696871280670166,0.20442399382591248,0.2712085247039795,0.20772172510623932,Timer
series_109,386,36290.5234375,36259.0625,38118.1953125,38135.0234375,40805.69140625,41011.5078125,40511.40625,43748.87890625,44051.265625,42258.14453125,41041.06640625,40280.5703125,42344.25390625,39518.6484375,38635.8671875,39080.484375,42186.58984375,40706.69921875,43873.02734375,43170.359375,47278.42578125,41434.203125,42272.578125,40545.30859375,0.26231271028518677,0.07696124911308289,0.20912238955497742,0.19094973802566528,0.26065394282341003,Moirai
series_110,386,5439.16845703125,5054.66357421875,5559.6005859375,5067.0458984375,5928.9765625,6047.37548828125,5843.47900390625,5380.80029296875,6589.84130859375,6925.0400390625,7548.076171875,6370.85107421875,6066.4609375,5343.21240234375,5329.416015625,5759.52490234375,6699.6806640625,6926.5205078125,6646.044921875,5933.94091796875,6879.93408203125,6637.70751953125,6470.484375,6284.4140625,0.2714531123638153,0.09645206481218338,0.18615277111530304,0.18680959939956665,0.25913241505622864,Moirai
series_111,386,2.084475040435791,1.9335240125656128,2.631969928741455,3.5533254146575928,3.6802022457122803,4.54581356048584,5.537574291229248,8.125800132751465,8.881921768188477,11.298103332519531,12.969581604003906,14.575233459472656,16.245851516723633,16.19869041442871,14.492713928222656,17.150983810424805,16.610097885131836,15.458749771118164,15.802496910095215,17.58345603942871,17.925764083862305,19.040319442749023,18.04648208618164,21.824249267578125,0.2095993161201477,0.07810515910387039,0.17475171387195587,0.3429735004901886,0.19457022845745087,Timer
series_112,386,41231.22265625,41219.7265625,40682.21484375,40956.68359375,40624.85546875,40491.58203125,40032.94140625,40062.60546875,39045.66796875,38721.97265625,37173.7421875,36684.6796875,35370.83203125,35318.265625,34052.41796875,34342.51171875,33953.45703125,33129.52734375,32261.4375,31997.53515625,30650.849609375,30540.287109375,28761.412109375,27899.537109375,0.23015053570270538,0.07877654582262039,0.1503330022096634,0.30908268690109253,0.23165719211101532,Timer
series_113,386,146420.4375,149424.53125,147706.703125,149296.421875,159174.9375,161184.21875,157404.515625,160087.21875,156559.4375,162285.046875,159043.75,157910.890625,157936.265625,162361.25,152866.53125,153705.5,161748.96875,171439.171875,163020.3125,163419.390625,167198.34375,165979.578125,163415.0,175373.65625,0.3446342945098877,0.07322697341442108,0.17199210822582245,0.16596919298171997,0.2441774308681488,Moirai
series_114,386,91.91979217529297,89.53011322021484,92.86250305175781,91.22908782958984,92.99935150146484,96.1015625,99.41106414794922,99.76107788085938,99.43831634521484,98.1268081665039,98.40660858154297,106.40727996826172,96.57416534423828,96.94405364990234,96.43855285644531,97.1293716430664,99.89656066894531,96.7210922241211,98.10794067382812,97.1307373046875,98.09137725830078,99.21939849853516,98.77999114990234,95.15633392333984,0.220326766371727,0.10809024423360825,0.1456104815006256,0.4078150987625122,0.11815734207630157,Timer
series_115,386,80246.46875,82875.6796875,84636.28125,86555.9609375,88217.6875,88583.265625,83388.171875,83026.03125,86867.3046875,85534.3671875,80472.4453125,75796.4609375,79302.203125,83906.921875,85152.8984375,84768.328125,86854.5859375,86809.6953125,84969.7578125,81376.953125,83760.15625,85937.7578125,77430.1171875,73366.7265625,0.3984166979789734,0.10618352144956589,0.1541820615530014,0.16746652126312256,0.17375119030475616,Moirai
series_116,386,2657.543701171875,3470.966064453125,3843.43994140625,4510.4775390625,5461.5205078125,6948.98779296875,7184.91357421875,7042.93994140625,7200.62841796875,7821.8173828125,7028.75927734375,7075.7783203125,7537.58984375,7538.65234375,7042.19677734375,7411.66943359375,7838.7392578125,7967.9580078125,7574.52685546875,7392.4267578125,7641.1953125,7987.44091796875,7366.33154296875,7676.8671875,0.27514612674713135,0.058313097804784775,0.14635613560676575,0.3158535659313202,0.20433108508586884,Timer
series_117,386,186632.875,180736.15625,180528.640625,187179.015625,200332.578125,199562.71875,199110.46875,188882.109375,197508.421875,198615.953125,197382.8125,193199.53125,190801.21875,188608.609375,187795.53125,194979.09375,197470.9375,202305.234375,202721.0625,191924.015625,197666.71875,197052.46875,199777.109375,193383.828125,0.3381023108959198,0.08000482618808746,0.20237645506858826,0.13100960850715637,0.2485067993402481,Moirai
series_118,386,42404.04296875,39857.46484375,39230.99609375,40003.24609375,44168.0625,43166.17578125,40348.2890625,40784.74609375,42110.08203125,42896.24609375,43286.16015625,40729.23046875,39428.26953125,38553.47265625,38231.11328125,38029.99609375,42036.55859375,41540.75390625,40333.77734375,40897.25390625,41390.04296875,42265.0390625,43504.91796875,40361.83984375,0.24460552632808685,0.09763140231370926,0.13371145725250244,0.33461859822273254,0.18943297863006592,Timer
series_119,386,18.756444931030273,16.721149444580078,19.427438735961914,14.841376304626465,13.167132377624512,11.076556205749512,16.72492790222168,15.846884727478027,19.17218017578125,20.640897750854492,20.227224349975586,15.063104629516602,15.632596015930176,19.24793815612793,13.921030044555664,12.541208267211914,21.544940948486328,13.287518501281738,10.328274726867676,13.585253715515137,19.602914810180664,18.702810287475586,13.783392906188965,11.844741821289062,0.2956215739250183,0.06643535196781158,0.12721361219882965,0.309085488319397,0.2016438990831375,Timer
series_120,386,5388.63427734375,5766.72265625,6159.2216796875,6464.20361328125,7117.36279296875,7893.328125,7882.80322265625,7943.56201171875,7857.11865234375,7440.69921875,6585.1767578125,6760.35546875,7148.14404296875,7092.73046875,7048.2314453125,7270.0546875,7512.21875,7965.68359375,7911.40478515625,7860.94091796875,7957.2109375,7496.72802734375,6503.29052734375,6560.60791015625,0.23745818436145782,0.08621616661548615,0.17780087888240814,0.264919251203537,0.2336055338382721,Timer
series_121,386,81985.546875,82779.96875,84628.6953125,84113.7578125,82411.9921875,83780.515625,85088.8984375,86060.1875,88829.21875,87387.421875,84961.6171875,85463.4375,87678.9765625,87984.984375,87741.609375,86653.875,87341.15625,89256.7578125,88252.5,90468.0,89416.578125,89095.15625,84979.9375,88114.90625,0.2843794822692871,0.07474824786186218,0.20146411657333374,0.19381855428218842,0.24558956921100616,Moirai
series_122,386,31.061111450195312,32.40007400512695,34.381465911865234,33.32890701293945,34.417789459228516,34.49927520751953,33.27457046508789,32.03837585449219,31.90890884399414,29.410512924194336,29.76926612854004,31.95781898498535,28.919660568237305,30.31868553161621,31.678136825561523,32.16477584838867,33.832435607910156,34.38250732421875,34.50624465942383,33.794185638427734,34.55054473876953,33.7597770690918,35.14320373535156,33.56697463989258,0.27240630984306335,0.05732959136366844,0.15085630118846893,0.29051658511161804,0.2288912683725357,Timer
series_123,386,14340.5908203125,14596.5498046875,14650.0234375,14562.8369140625,14918.6513671875,15035.4921875,14537.435546875,13981.716796875,14684.9833984375,14701.662109375,14203.705078125,13787.7548828125,14458.759765625,14958.5205078125,14672.5087890625,14973.4462890625,15032.7373046875,14864.1044921875,14772.5849609375,14423.11328125,14890.53125,14868.236328125,14164.9150390625,13992.71484375,0.36969316005706787,0.10603431612253189,0.1630479097366333,0.18787485361099243,0.17334972321987152,Moirai
series_124,386,-2.592529296875,16.129491806030273,12.787671089172363,19.782445907592773,33.7322883605957,33.3465461730957,38.2306022644043,53.836891174316406,46.7767333984375,35.58440017700195,47.83456039428711,51.11898422241211,19.23109245300293,55.6828498840332,21.101367950439453,25.4754638671875,64.5649185180664,12.19677734375,17.97509765625,32.264625549316406,27.537769317626953,-3.7189698219299316,8.966870307922363,53.54206466674805,0.2573353946208954,0.07494930922985077,0.16736149787902832,0.32723870873451233,0.173115074634552,Timer
series_125,386,31229.205078125,31727.083984375,31098.607421875,31585.369140625,32760.318359375,33851.18359375,34289.453125,33693.66015625,33726.625,32073.228515625,31184.33984375,29799.232421875,32285.07421875,32978.953125,31831.068359375,31847.455078125,32944.6328125,35315.21875,35188.0,35225.12109375,33816.2578125,32730.880859375,31070.07421875,31203.716796875,0.3070513904094696,0.07831789553165436,0.21172796189785004,0.1286454051733017,0.2742573320865631,Moirai
series_126,386,22708.861328125,22767.51953125,24180.185546875,24038.4296875,26707.33984375,26853.984375,26438.494140625,26096.326171875,25539.080078125,26296.73828125,25569.630859375,22083.18359375,24673.884765625,24561.45703125,26335.84375,27636.08203125,30920.896484375,30842.6875,30001.9296875,29395.8046875,29239.384765625,30080.140625,29513.119140625,25397.326171875,0.24172301590442657,0.06984658539295197,0.1856336146593094,0.16577689349651337,0.3370199203491211,Chronos
series_127,386,0.5972471237182617,0.6040517091751099,0.6867818832397461,0.8172553181648254,0.7073652148246765,0.7377542853355408,0.8178930282592773,0.9054117202758789,1.2944382429122925,1.3150211572647095,1.628962755203247,1.3743141889572144,1.2072123289108276,1.492409348487854,1.3361231088638306,1.6296398639678955,1.5079103708267212,1.528084397315979,1.481225848197937,1.37004554271698,1.5049316883087158,1.2536128759384155,1.2367547750473022,1.3702787160873413,0.2995520532131195,0.07534077018499374,0.16048097610473633,0.3134361803531647,0.15119002759456635,Timer
series_128,386,10023.6669921875,9593.626953125,9140.4951171875,8615.1728515625,8221.9296875,8011.07763671875,7826.99169921875,7823.17578125,7937.98583984375,7871.27978515625,7509.77978515625,7106.7421875,6542.52294921875,6122.98828125,5919.8525390625,5773.53857421875,5469.70654296875,5174.28662109375,4998.63623046875,5076.9990234375,5195.05859375,5542.28466796875,5424.0947265625,5262.9658203125,0.20276151597499847,0.07782205194234848,0.22132417559623718,0.2922012507915497,0.20589099824428558,Timer
series_129,386,54354.46484375,54449.4375,52995.6328125,55063.16796875,54904.3515625,54834.44921875,55542.1953125,55246.19921875,54116.625,57825.875,54034.8203125,50522.9765625,52004.77734375,51635.4453125,51074.62109375,52600.19921875,52151.71875,51190.88671875,52846.9765625,52734.89453125,51534.48828125,55304.51953125,51061.15234375,47853.82421875,0.23577938973903656,0.06215586140751839,0.1838567852973938,0.2707349359989166,0.24747303128242493,Timer
series_130,386,10.151726722717285,9.583605766296387,9.966583251953125,10.478941917419434,10.649632453918457,11.13204574584961,11.757539749145508,11.7642240524292,11.75241756439209,11.587896347045898,11.424901962280273,11.016892433166504,11.01353931427002,10.76266098022461,10.8624849319458,11.424476623535156,11.584853172302246,11.804471969604492,12.153717994689941,12.248661041259766,12.334720611572266,12.076433181762695,11.783349990844727,11.608488082885742,0.22712750732898712,0.07148176431655884,0.2533690333366394,0.2353312373161316,0.21269042789936066,TimesFM
series_131,386,19039.88671875,19490.392578125,19655.462890625,20083.390625,20545.8984375,21183.85546875,20277.88671875,19350.0,20338.23046875,20614.25390625,19807.349609375,19040.29296875,19955.919921875,19827.583984375,19849.703125,20536.208984375,20818.177734375,21066.251953125,20646.244140625,19752.513671875,20307.923828125,20162.80859375,19440.68359375,18707.681640625,0.3577035665512085,0.10915914922952652,0.17294810712337494,0.17499512434005737,0.1851939707994461,Moirai
series_132,386,6142.28857421875,9299.3515625,12392.517578125,11467.015625,10432.7177734375,10444.9052734375,9262.67578125,7418.14599609375,8143.01123046875,7691.50341796875,7763.3330078125,8397.236328125,10366.2392578125,11011.6953125,11261.0439453125,10347.9892578125,9856.7080078125,8037.06640625,7859.52685546875,8021.57666015625,7940.17041015625,8198.7412109375,8388.90625,7158.91357421875,0.18622419238090515,0.08989851921796799,0.24642154574394226,0.25131756067276,0.22613820433616638,Timer
series_133,386,32073.25390625,31744.017578125,31685.064453125,32106.84375,34619.48046875,36352.76953125,37637.203125,38073.74609375,38128.96484375,38285.62890625,35530.46484375,34510.89453125,33640.3046875,32064.69921875,31691.458984375,32869.328125,34384.3984375,37107.6640625,38828.87109375,39280.953125,38686.5703125,37243.01953125,35457.734375,34646.1171875,0.332776814699173,0.08382399380207062,0.19766204059123993,0.16497115790843964,0.22076600790023804,Moirai
series_134,386,2485.848876953125,2038.912109375,2061.885986328125,2240.277099609375,2499.390625,2157.20166015625,2246.397216796875,2407.188232421875,2607.57958984375,2923.379150390625,3118.0791015625,2533.572265625,2372.373779296875,2053.359130859375,2056.522705078125,2201.968505859375,2462.797607421875,2214.187255859375,2339.343017578125,2470.037109375,2621.377197265625,2848.385986328125,2985.1318359375,2526.209228515625,0.25618699193000793,0.07203606516122818,0.18235284090042114,0.3031596839427948,0.18626444041728973,Timer
series_135,386,-0.8539419174194336,-0.8367639780044556,0.1283731460571289,0.2795242369174957,0.44595929980278015,0.8739967346191406,0.3352716565132141,1.4015473127365112,1.7912960052490234,2.132582902908325,4.058012008666992,2.929595708847046,2.7760062217712402,2.249418020248413,2.6193225383758545,4.014535427093506,3.645214796066284,5.09584379196167,6.865081787109375,18.036230087280273,10.355440139770508,10.217803001403809,10.177239418029785,9.39884090423584,0.23625405132770538,0.1075848639011383,0.1377388834953308,0.39606568217277527,0.12235653400421143,Timer
series_136,386,10743.7138671875,10558.3994140625,10479.5419921875,10656.970703125,11114.341796875,11398.228515625,11729.427734375,12131.599609375,12115.828125,12115.828125,11279.9423828125,10503.19921875,10154.2568359375,9663.37109375,9209.9423828125,8859.0283203125,8843.2568359375,8866.9140625,8898.45703125,8886.6279296875,8606.685546875,8685.5419921875,8046.79931640625,7447.4853515625,0.24083788692951202,0.06152142584323883,0.2113780379295349,0.1943305879831314,0.2919321060180664,Chronos
series_137,386,58929.95703125,58591.1328125,58163.27734375,58256.16015625,58490.3203125,60567.1484375,60412.11328125,62135.59375,61979.02734375,63016.16796875,60707.73046875,58844.125,61927.95703125,61440.44921875,59765.95703125,61826.328125,61698.71484375,66381.796875,64330.234375,64026.55859375,60388.6875,62844.6875,60752.02734375,59499.16015625,0.28635427355766296,0.06671549379825592,0.19177672266960144,0.2408697009086609,0.2142837643623352,Moirai
series_138,386,197.9970245361328,185.4908447265625,180.9962615966797,163.46258544921875,190.685546875,171.15652465820312,172.6824493408203,194.61282348632812,213.8928680419922,229.8769073486328,241.678466796875,237.07351684570312,228.73660278320312,207.31455993652344,194.14659118652344,172.3013153076172,180.52891540527344,165.24319458007812,163.1797637939453,187.26016235351562,204.96450805664062,247.284423828125,265.0850524902344,233.55325317382812,0.24336856603622437,0.06909898668527603,0.17438778281211853,0.2804054319858551,0.23273919522762299,Timer
series_139,386,14094.630859375,14457.404296875,14469.9560546875,14824.8046875,15389.8583984375,15246.580078125,13947.607421875,13630.919921875,14184.7431640625,13940.6875,13409.662109375,13078.3662109375,13565.0908203125,13945.439453125,13926.03125,14538.466796875,14297.248046875,14354.4912109375,13729.498046875,13067.1201171875,13688.279296875,13263.2275390625,12756.6845703125,12421.1396484375,0.37368932366371155,0.08357655256986618,0.1611635684967041,0.17850904166698456,0.20306149125099182,Moirai
series_140,386,1168.412109375,1154.4300537109375,1146.7015380859375,1140.663818359375,1219.7275390625,1209.441650390625,1215.3895263671875,1307.7069091796875,1207.0552978515625,1216.6995849609375,1236.267822265625,1328.4764404296875,1455.12548828125,1321.5379638671875,1365.250732421875,1340.6405029296875,1319.5521240234375,1223.952392578125,1285.2509765625,1419.2020263671875,1320.1839599609375,1333.064697265625,1347.1226806640625,1337.4017333984375,0.2437312752008438,0.06760666519403458,0.18299563229084015,0.278463751077652,0.22720271348953247,Timer
series_141,386,173178.359375,150242.1875,144799.703125,162682.140625,181342.078125,188339.5625,183674.5625,184063.3125,166569.625,143244.71875,143244.71875,161515.90625,172789.609375,156073.40625,154518.421875,167735.875,190672.046875,198447.015625,191449.53125,195337.03125,168124.625,142467.21875,145577.203125,172400.859375,0.24543124437332153,0.08206327259540558,0.21028460562229156,0.20287033915519714,0.2593505084514618,Chronos
series_142,386,1762.844970703125,1791.969482421875,1850.2183837890625,1866.398681640625,1992.604736328125,2071.88818359375,2021.729248046875,2007.1669921875,2041.1455078125,2049.235595703125,1969.952392578125,1895.523193359375,1990.9866943359375,2050.853759765625,2088.068359375,2091.304443359375,2177.059814453125,2240.162841796875,2211.038330078125,2181.913818359375,2191.6220703125,2205.375244140625,2165.733642578125,2058.94384765625,0.2608894109725952,0.08403430134057999,0.20052646100521088,0.1553216129541397,0.2992282211780548,Chronos
series_143,386,1.989733099937439,0.8012809753417969,1.7773340940475464,0.4703735411167145,3.0785608291625977,3.659299612045288,3.797995090484619,4.397365093231201,5.117962837219238,5.112634181976318,4.352009296417236,3.8968703746795654,1.5723888874053955,4.035532474517822,2.4192516803741455,5.295590400695801,6.443761348724365,5.873798370361328,5.982359886169434,4.951489448547363,7.0130462646484375,6.960118770599365,8.114069938659668,6.9271087646484375,0.2422718107700348,0.07228945940732956,0.1885254681110382,0.26668018102645874,0.2302331179380417,Timer
series_144,386,573700.5625,577532.4375,576574.5,578490.375,586154.125,597649.75,601481.625,606271.4375,600523.625,598607.6875,577532.4375,562683.9375,567952.75,571305.625,569868.6875,566036.8125,569868.6875,577532.4375,576574.5,578490.375,574179.5625,578490.375,558373.125,545919.5625,0.23826579749584198,0.06593794375658035,0.20556174218654633,0.22649706900119781,0.26373741030693054,Chronos
series_145,386,791761.875,800965.4375,812639.75,832663.4375,818162.9375,853429.125,855601.125,853112.4375,837150.0625,852195.125,857221.6875,816216.625,804368.3125,829427.25,838781.75,838627.0,849253.8125,823427.4375,843874.0625,845772.625,818940.9375,864281.0,833764.4375,843701.875,0.3238122761249542,0.08540470898151398,0.1934841424226761,0.18784280121326447,0.20945602655410767,Moirai
series_146,386,557.2152709960938,552.1214599609375,548.8322143554688,558.600830078125,564.5692749023438,570.1409912109375,565.6588745117188,568.40234375,566.49267578125,582.27490234375,586.5724487304688,613.2290649414062,627.8854370117188,620.6117553710938,612.7980346679688,607.1513061523438,626.4415283203125,635.7637939453125,630.4306030273438,624.333984375,619.2877197265625,660.5441284179688,705.0601196289062,737.3238525390625,0.23431997001171112,0.08829712122678757,0.15803049504756927,0.30509859323501587,0.21425379812717438,Timer
series_147,386,259724.515625,268800.1875,267740.71875,276066.5,285769.125,285800.4375,275607.375,270758.96875,277040.78125,272051.9375,258737.578125,249550.96875,264208.78125,275241.15625,272539.5625,278754.46875,292014.0625,290452.625,283071.84375,272585.5625,278935.78125,274770.28125,254337.65625,257019.546875,0.40731075406074524,0.09218911081552505,0.17264193296432495,0.13344231247901917,0.1944158673286438,Moirai
series_148,386,15671.1171875,16990.513671875,19398.9609375,22607.880859375,27885.5625,30957.568359375,32873.96484375,35735.89453125,34562.03515625,40938.13671875,37279.53125,33202.51171875,35721.14453125,35975.23828125,37534.3984375,40530.71875,44509.51953125,47658.01953125,47696.0,46724.0859375,43728.15234375,39891.55078125,36463.7890625,35185.70703125,0.2880263328552246,0.06501471996307373,0.13796086609363556,0.33031168580055237,0.17868638038635254,Timer
series_149,386,992576.75,1026682.0625,1023789.125,1080361.5,1129829.375,1140962.0,1135524.5,1115412.25,1094118.25,954453.5625,906817.25,932765.75,1018890.6875,1064009.125,1054342.875,1070592.0,1099448.0,1148643.625,1139828.25,1175045.5,1111457.125,974417.875,896103.5,899556.375,0.31219983100891113,0.07417764514684677,0.18866406381130219,0.16248691082000732,0.2624715268611908,Moirai
series_150,386,226320.890625,224921.640625,226728.15625,232807.375,239587.46875,247400.3125,242080.796875,241421.46875,252305.859375,249335.03125,246288.46875,247950.328125,247330.515625,246770.75,249872.71875,258910.75,264922.6875,252403.234375,259937.0,259168.875,254564.515625,261531.546875,253036.296875,266491.625,0.27348411083221436,0.08337187767028809,0.19208471477031708,0.22510096430778503,0.22595837712287903,Moirai
series_151,386,85.28067779541016,88.85137176513672,101.63150787353516,114.0732650756836,116.51798248291016,98.45955657958984,120.6806640625,141.94520568847656,161.94834899902344,204.37600708007812,206.7938690185547,202.86106872558594,218.0763702392578,247.6786651611328,230.95791625976562,236.777587890625,285.7403869628906,302.3238525390625,347.4102478027344,427.6937561035156,442.1611022949219,450.6441345214844,437.635498046875,443.0741882324219,0.25978851318359375,0.06676832586526871,0.1273816078901291,0.34320545196533203,0.20285607874393463,Timer
series_152,386,134033.328125,129548.5625,127887.078125,126067.0546875,125014.6796875,124564.8359375,122403.3359375,121399.703125,117678.0,115979.1640625,107016.8515625,101826.6484375,100446.453125,102378.515625,101346.9921875,102917.7421875,104155.9296875,102295.8046875,100008.828125,99027.1640625,97418.265625,97499.1171875,90634.671875,85909.4375,0.23533694446086884,0.05561049282550812,0.2186996042728424,0.25868886709213257,0.23166409134864807,Timer
series_153,386,316921.0,329334.5625,335015.84375,340273.0,344803.34375,349478.84375,353604.625,355768.46875,352297.28125,358787.84375,358261.75,354668.03125,341677.03125,358234.40625,348410.6875,370732.40625,391113.5625,374247.4375,379354.90625,361968.28125,370268.3125,371116.71875,384674.0,386002.75,0.304803729057312,0.07589057087898254,0.19680002331733704,0.18826352059841156,0.23424215614795685,Moirai
series_154,386,276.01641845703125,286.0143737792969,294.89349365234375,287.3346862792969,292.3785095214844,324.94354248046875,293.7610778808594,274.4139099121094,256.9100341796875,249.6508331298828,264.7351989746094,272.3060607910156,269.4196472167969,271.380859375,265.4096374511719,265.6705017089844,258.4687194824219,260.87371826171875,246.85801696777344,237.17752075195312,219.5631866455078,221.6310577392578,235.27366638183594,232.77610778808594,0.25973349809646606,0.10930090397596359,0.16357077658176422,0.27420562505722046,0.19318921864032745,Timer
series_155,386,103600.8046875,106932.640625,107459.625,110081.15625,112092.8046875,111833.828125,104905.53125,101682.9140625,104444.4375,107462.71875,103366.875,102114.65625,106287.359375,111278.7109375,107897.875,109602.0703125,113391.546875,111566.8671875,109371.25,105305.8984375,110580.8203125,109051.375,101947.234375,100863.7265625,0.4259921610355377,0.11033648252487183,0.16994047164916992,0.13502782583236694,0.1587030440568924,Moirai
series_156,386,8081.3359375,8428.7421875,8776.14453125,8428.7421875,9123.55078125,9123.55078125,9470.95703125,8776.14453125,8428.7421875,8428.7421875,8428.7421875,8081.3359375,8428.7421875,8428.7421875,8428.7421875,8428.7421875,8428.7421875,8428.7421875,8428.7421875,8428.7421875,8081.3359375,8081.3359375,8081.3359375,7733.93359375,0.2555840313434601,0.07566381245851517,0.14446766674518585,0.25817006826400757,0.2661144733428955,Chronos
series_157,386,591488.4375,593508.375,577780.5625,626080.375,660809.4375,666510.9375,654439.25,639975.75,630638.0,575676.25,562287.0625,558018.5625,605838.6875,605813.0,591276.25,599158.8125,649308.75,661660.0,668733.8125,678439.75,656116.0625,578811.0,549029.5,564110.0625,0.30236732959747314,0.07869678735733032,0.19047920405864716,0.1808907687664032,0.2475658506155014,Moirai
series_158,386,14419.5048828125,14848.36328125,15247.220703125,15365.4794921875,15587.732421875,15790.158203125,15107.1748046875,15686.755859375,16266.5224609375,16444.302734375,16600.513671875,15963.32421875,16692.517578125,16942.91015625,15344.0849609375,17583.28515625,18902.916015625,18008.462890625,18043.060546875,17400.671875,17932.712890625,18806.986328125,19513.146484375,17475.935546875,0.3030843138694763,0.05446840450167656,0.17177337408065796,0.18726974725723267,0.2834042012691498,Moirai
series_159,386,188.9879608154297,184.6291046142578,194.00523376464844,192.1400909423828,200.35826110839844,200.32962036132812,209.9095001220703,221.5527801513672,234.83189392089844,256.4075927734375,254.6533660888672,262.9618835449219,285.7935485839844,306.3055114746094,321.2002868652344,335.72509765625,392.264404296875,385.0680847167969,374.8710021972656,405.817626953125,413.1591796875,435.9716491699219,477.84326171875,529.8274536132812,0.22180594503879547,0.07920905947685242,0.15024566650390625,0.3479304015636444,0.20080892741680145,Timer
series_160,386,5232.50537109375,5136.794921875,4717.1328125,4991.46826171875,5134.5546875,4882.14599609375,4953.72314453125,4657.85107421875,4908.81103515625,4574.1767578125,4467.40185546875,5063.7685546875,4659.84619140625,4968.24755859375,4934.546875,5564.283203125,5049.9560546875,5199.9775390625,4915.0234375,4474.802734375,5050.29638671875,5231.74560546875,5146.5947265625,5205.62548828125,0.25957629084587097,0.06889116764068604,0.19168810546398163,0.22878038883209229,0.2510640323162079,Moirai
series_161,386,37326.11328125,36951.6328125,35572.1875,35808.95703125,35756.46484375,35986.36328125,36828.0,36867.67578125,36853.66796875,39737.0625,36770.296875,34006.3125,35142.4765625,34095.3828125,33353.9453125,34088.8125,33906.95703125,33311.01953125,34547.05078125,34493.70703125,34180.44140625,36302.07421875,34343.80859375,32518.232421875,0.24346721172332764,0.06689164787530899,0.18831712007522583,0.26936784386634827,0.23195621371269226,Timer
series_162,386,12.09736442565918,12.328898429870605,13.781478881835938,14.627725601196289,12.046365737915039,14.802284240722656,13.477096557617188,12.511900901794434,12.342825889587402,13.4425630569458,12.3282470703125,13.019198417663574,11.28208065032959,14.467753410339355,14.7678804397583,16.59363555908203,14.342437744140625,15.183310508728027,14.73166561126709,16.10346794128418,12.90673542022705,14.572755813598633,13.320378303527832,13.063165664672852,0.2515670657157898,0.10246690362691879,0.21121008694171906,0.28745514154434204,0.14730077981948853,Timer
series_163,386,13631.63671875,13990.1533203125,13959.330078125,14269.1162109375,14963.38671875,15164.9423828125,15017.0068359375,14258.3046875,14809.3232421875,14948.7744140625,14274.384765625,13508.23828125,14009.43359375,13783.4345703125,14193.7861328125,14456.1298828125,14808.8388671875,14851.322265625,14693.5517578125,14389.3095703125,14875.85546875,14697.1396484375,14271.2861328125,13891.248046875,0.36131417751312256,0.09753243625164032,0.16831527650356293,0.18237732350826263,0.19046083092689514,Moirai
series_164,386,44.45552444458008,49.376747131347656,57.486305236816406,56.408687591552734,56.34710693359375,60.22272491455078,57.78411865234375,56.84651565551758,60.381690979003906,60.37661361694336,58.4265022277832,59.64297103881836,61.25896072387695,65.10835266113281,59.0422248840332,68.68363189697266,77.3131103515625,74.11327362060547,73.23091888427734,69.91210174560547,68.73668670654297,68.42041015625,70.39906311035156,66.94420623779297,0.18584002554416656,0.08981996029615402,0.17560116946697235,0.3198627531528473,0.2288760393857956,Timer
series_165,386,30292.564453125,27983.072265625,26282.984375,25107.109375,26397.26171875,28455.14453125,30760.494140625,34193.46875,35288.1953125,36011.4453125,33478.92578125,31326.76953125,30196.9765625,26771.501953125,26208.189453125,25596.552734375,28662.486328125,29267.0703125,31575.646484375,33645.12109375,35394.52734375,34641.3359375,34164.23828125,32487.833984375,0.32596004009246826,0.05931345000863075,0.21415431797504425,0.14416709542274475,0.2564051151275635,Moirai
series_166,386,4600.1474609375,4060.57763671875,3637.68603515625,3453.949462890625,4151.64111328125,3744.383544921875,3743.508056640625,4082.774658203125,3964.528076171875,4705.62646484375,5843.1279296875,4213.8037109375,3884.683837890625,3615.78076171875,3368.74072265625,3419.1943359375,4292.0146484375,3902.9150390625,3819.064697265625,4064.997802734375,3993.247802734375,4737.072265625,5820.44921875,4250.1494140625,0.24061959981918335,0.08551003783941269,0.2436240017414093,0.19904744625091553,0.2311989963054657,TimesFM
series_167,386,-0.3213532567024231,-0.46996384859085083,0.14636068046092987,0.1138857826590538,0.009433078579604626,0.23120851814746857,0.24100561439990997,0.09873609989881516,0.08044462651014328,0.09550657123327255,0.5891237258911133,-0.06260289996862411,0.16964173316955566,0.45851728320121765,-0.5170977711677551,-0.5001873970031738,0.34483227133750916,0.6134766340255737,0.18281078338623047,0.29067474603652954,0.6756839156150818,0.19175763428211212,0.32821956276893616,0.38371706008911133,0.2537490129470825,0.09814547747373581,0.1645394116640091,0.34016549587249756,0.14340060949325562,Timer
series_168,386,2598.777099609375,2587.93212890625,2514.63330078125,2578.754150390625,2551.712158203125,2578.727294921875,2540.4072265625,2615.548583984375,2690.189208984375,2671.733154296875,2574.246826171875,2543.117431640625,2493.01416015625,2516.82958984375,2637.393310546875,2556.946044921875,2495.527099609375,2483.529296875,2442.95068359375,2519.143310546875,2559.55078125,2644.96044921875,2581.777099609375,2421.063232421875,0.2598642408847809,0.08809667080640793,0.20083078742027283,0.2616908550262451,0.18951749801635742,Timer
series_169,386,30344.50390625,29892.080078125,29719.13671875,30031.50390625,31231.97265625,30475.89453125,30717.97265625,30422.78125,32407.662109375,32262.6796875,32797.58984375,30570.70703125,29730.947265625,30448.89453125,30549.6796875,30919.662109375,31352.75,32300.25,31599.94140625,31819.083984375,31195.669921875,32738.68359375,30987.5625,31324.27734375,0.259621262550354,0.06765727698802948,0.18056076765060425,0.253360390663147,0.2388002872467041,Moirai
series_170,386,3.6761634349823,3.5935144424438477,3.4439592361450195,3.3626222610473633,3.139601230621338,3.2760376930236816,3.323265552520752,3.312770366668701,3.3337607383728027,3.672227621078491,3.883441686630249,3.6971535682678223,3.4439592361450195,3.181581735610962,3.1448488235473633,3.1763341426849365,3.013660192489624,3.0661356449127197,3.25504732131958,3.223562240600586,3.155344009399414,3.139601230621338,2.987422466278076,2.5938560962677,0.23128506541252136,0.0563095323741436,0.2365606278181076,0.22059926390647888,0.25524550676345825,Chronos
series_171,386,9718.8447265625,10051.90234375,10154.3291015625,10274.5498046875,10643.0771484375,10843.83984375,10545.4814453125,10333.857421875,10470.3681640625,10612.2900390625,10053.216796875,9681.298828125,10037.1943359375,10120.0126953125,10311.251953125,10582.595703125,10673.75390625,10857.8544921875,10604.125,10352.2548828125,10655.3818359375,10392.4873046875,9861.8193359375,9470.115234375,0.3329634964466095,0.08592137694358826,0.20216183364391327,0.153323695063591,0.225629523396492,Moirai
series_172,386,24.89200210571289,27.784076690673828,38.28968811035156,65.10259246826172,48.781585693359375,42.523475646972656,29.049556732177734,44.21528625488281,39.77056121826172,49.04901123046875,26.769609451293945,42.71910095214844,62.10167694091797,30.08443832397461,29.88619613647461,146.11575317382812,74.81459045410156,39.873504638671875,122.23140716552734,45.263797760009766,54.25217819213867,157.3023681640625,174.97756958007812,107.83218383789062,0.2763182520866394,0.05892207473516464,0.20037338137626648,0.2751081883907318,0.18927812576293945,Moirai
series_173,386,26409.294921875,26856.263671875,27275.01953125,25403.0,25801.21875,27188.30859375,28490.6875,27856.349609375,29046.64453125,28671.791015625,27186.048828125,25661.771484375,26440.5390625,28281.099609375,27473.330078125,25708.546875,27072.671875,28145.314453125,28662.021484375,26949.984375,27723.896484375,28746.45703125,28272.6953125,28049.76953125,0.31025993824005127,0.07627036422491074,0.20924293994903564,0.16608472168445587,0.2381419986486435,Moirai
series_174,386,1190.6663818359375,1080.5748291015625,1139.6439208984375,1230.6298828125,1276.0609130859375,1140.95166015625,1138.0625,1183.537353515625,1218.35595703125,1364.146484375,1460.6263427734375,1235.368408203125,1122.9447021484375,1033.8238525390625,1072.9276123046875,1089.8095703125,1166.229736328125,1068.2034912109375,1046.9808349609375,1080.6689453125,1114.37451171875,1269.8017578125,1332.058837890625,1128.004150390625,0.21184881031513214,0.07451032102108002,0.1286013275384903,0.3211466670036316,0.26389288902282715,Timer
series_175,386,-0.023158550262451172,-0.22030316293239594,0.07669144123792648,0.025809669867157936,0.07369857281446457,0.3284194767475128,0.07467982918024063,0.30963635444641113,0.3899804949760437,0.4731466472148895,0.38484129309654236,0.21958713233470917,0.3156292140483856,0.4184398353099823,0.3252802789211273,0.46251240372657776,0.5613710880279541,0.680578887462616,0.5822944045066833,0.6203870177268982,0.8129436373710632,0.8752774596214294,0.9829374551773071,1.532533884048462,0.19544486701488495,0.1277626007795334,0.19187498092651367,0.3280598223209381,0.1568576991558075,Timer
series_176,386,407.07861328125,427.8072204589844,431.3336486816406,430.6639099121094,448.5359191894531,522.6640625,463.618896484375,470.5904235839844,462.9156188964844,449.0423278808594,422.54888916015625,494.43017578125,517.3798828125,473.0530700683594,469.2465515136719,460.3429870605469,459.9665832519531,523.5360717773438,497.7515563964844,490.48541259765625,542.4073486328125,521.9033203125,527.9303588867188,525.3848876953125,0.26057881116867065,0.11116587370634079,0.21501021087169647,0.24406111240386963,0.16918393969535828,Moirai
series_177,386,11486.8310546875,11598.3447265625,11581.9560546875,12015.7158203125,12403.9443359375,12828.4560546875,12812.478515625,12690.3828125,12380.2294921875,12949.0869140625,11330.859375,10606.7939453125,11244.54296875,11338.0859375,11353.3681640625,11828.7880859375,12249.3388671875,12494.7734375,12781.1162109375,12729.2646484375,12434.7568359375,12801.818359375,11272.095703125,10593.634765625,0.24426567554473877,0.06425322592258453,0.18492217361927032,0.2703053057193756,0.23625363409519196,Timer
series_178,386,56.479705810546875,54.129329681396484,57.53736114501953,57.91691589355469,55.016357421875,52.723899841308594,51.16981506347656,56.83512496948242,48.92508316040039,54.90546798706055,62.01018524169922,63.413265228271484,53.05739974975586,55.75059509277344,56.442420959472656,52.577030181884766,57.266170501708984,55.67416000366211,59.78810501098633,51.11033630371094,49.462127685546875,52.75773239135742,49.986595153808594,54.910682678222656,0.2504093050956726,0.06724440306425095,0.2189241349697113,0.21639898419380188,0.2470231056213379,Moirai
series_179,386,3117.180908203125,3095.19775390625,3111.123291015625,3105.4443359375,3096.7392578125,3095.1103515625,3027.87744140625,2960.701904296875,3147.6328125,3115.89208984375,3080.170654296875,3033.628173828125,3059.519287109375,3119.351806640625,3122.92236328125,3089.9892578125,3019.173095703125,3084.47802734375,3088.5537109375,3042.978759765625,3071.003662109375,3128.273681640625,3128.228759765625,3015.18701171875,0.3124690651893616,0.10406564176082611,0.19092603027820587,0.2004723846912384,0.19206689298152924,Moirai
series_180,386,0.12718936800956726,0.21040163934230804,0.29149770736694336,0.29575487971305847,0.31663742661476135,0.41154003143310547,0.32723021507263184,0.3314027488231659,0.30718082189559937,0.34156718850135803,0.24086962640285492,0.10595455020666122,0.2796095907688141,0.05061823129653931,0.13530875742435455,0.2925756573677063,0.24434517323970795,0.6459819674491882,1.1526238918304443,0.8306499719619751,0.6859369277954102,0.4750046730041504,0.5186189413070679,0.43043088912963867,0.18203285336494446,0.20390531420707703,0.16903115808963776,0.3349332809448242,0.11009735614061356,Timer
series_181,386,12813.36328125,13096.2294921875,13391.90234375,13893.4521484375,14314.80078125,14778.880859375,14973.3671875,15201.39453125,14804.01953125,14129.982421875,12531.224609375,12735.9833984375,12709.671875,13667.21875,14004.6123046875,14394.064453125,15016.24609375,15804.3349609375,15104.5205078125,15934.6455078125,15768.5947265625,15247.5205078125,14307.3974609375,13808.0625,0.264685720205307,0.11179517954587936,0.2257756143808365,0.14578966796398163,0.25195378065109253,Moirai
series_182,386,653.9390869140625,632.766357421875,624.2972412109375,651.1160888671875,701.9307250976562,714.6343994140625,725.926513671875,782.3872680664062,813.440673828125,823.3212890625,776.7412109375,725.926513671875,716.0458984375,673.7003784179688,656.7621459960938,649.70458984375,672.288818359375,677.9349365234375,679.346435546875,718.8689575195312,785.2103271484375,832.4961547851562,804.9715576171875,724.5150146484375,0.2180783897638321,0.07745549082756042,0.1611447036266327,0.2591477930545807,0.2841736078262329,Chronos
series_183,386,0.19368235766887665,0.3011956214904785,0.8270484209060669,1.1550136804580688,0.3289734721183777,5.259610176086426,0.5578917860984802,1.3016325235366821,0.9677273035049438,2.5167250633239746,1.0631510019302368,0.7455235123634338,0.7479075789451599,0.5548043251037598,1.6107292175292969,0.5158055424690247,0.6429755091667175,2.824040174484253,1.001970887184143,0.8215492367744446,0.9279467463493347,0.6905307769775391,0.47605276107788086,0.482788622379303,0.2520860731601715,0.09867915511131287,0.15352465212345123,0.2993555963039398,0.19635449349880219,Timer
series_184,386,2785.581298828125,2776.687255859375,2747.379150390625,2745.466796875,2741.339599609375,2674.191162109375,2602.043212890625,2609.099609375,2530.585693359375,2480.454345703125,2395.43603515625,2309.161865234375,2316.827880859375,2243.5361328125,2210.951904296875,2164.010009765625,2141.110107421875,2036.7689208984375,1940.5797119140625,1922.1663818359375,1897.2913818359375,1887.0699462890625,1808.3094482421875,1769.328125,0.21323272585868835,0.09686220437288284,0.16092970967292786,0.3570157587528229,0.17195957899093628,Timer
series_185,386,101325.796875,102394.140625,101967.578125,106130.703125,108911.3046875,109846.6640625,109296.640625,108867.1875,107344.8671875,111217.1796875,100795.4296875,96095.3046875,98735.140625,97947.6796875,97339.390625,101034.578125,103881.265625,103683.8046875,104714.3046875,104053.921875,103651.6171875,108290.3984375,97227.078125,92617.5234375,0.2327713817358017,0.06776603311300278,0.18868516385555267,0.2818465828895569,0.22893089056015015,Timer
series_186,386,307.5234680175781,292.02532958984375,320.19677734375,320.8813781738281,337.147705078125,350.1265869140625,356.3211975097656,334.4341735839844,334.439697265625,320.978759765625,318.0838928222656,315.485595703125,325.9966125488281,320.6016845703125,323.4878234863281,338.3340759277344,355.65692138671875,358.97467041015625,346.7408752441406,338.9350280761719,335.8644714355469,331.4697265625,321.1485900878906,316.3914489746094,0.22901831567287445,0.07154378294944763,0.15446694195270538,0.3096255958080292,0.23534530401229858,Timer
series_187,386,32300.271484375,32019.884765625,32637.369140625,32194.767578125,32636.138671875,32346.240234375,31834.78515625,31006.330078125,32957.078125,32457.6015625,31873.513671875,31267.322265625,32275.15625,32392.111328125,32407.109375,32512.923828125,32322.568359375,32424.02734375,32103.353515625,31879.091796875,32954.18359375,32365.939453125,31937.705078125,32301.5625,0.28445181250572205,0.08914466947317123,0.1740269660949707,0.2148904800415039,0.2374861091375351,Moirai
series_188,386,59580.91796875,64791.51171875,64295.80859375,62442.80859375,63669.13671875,64405.375,61182.27734375,57153.02734375,63787.8671875,60596.83203125,62698.578125,62902.8125,62954.4375,66733.3515625,63064.171875,63561.03515625,61933.14453125,64231.87890625,65445.63671875,60925.0078125,67099.671875,63279.0390625,65110.23828125,58791.22265625,0.3204365670681,0.1044202595949173,0.17917776107788086,0.20004941523075104,0.19591599702835083,Moirai
series_189,386,226935.859375,229927.0,234184.875,244387.109375,253796.0,255810.953125,249196.921875,248814.03125,241499.046875,232386.90625,218354.671875,213591.90625,221568.078125,222893.171875,226099.15625,235097.875,247752.421875,247967.875,243829.921875,242626.046875,235484.625,226818.15625,212808.234375,209384.65625,0.2336217612028122,0.07101023197174072,0.20106716454029083,0.2475733458995819,0.24672748148441315,Timer
series_190,386,8613.6337890625,9051.0556640625,8854.8115234375,8866.890625,9418.439453125,10024.2236328125,9320.3505859375,9348.6748046875,9634.68359375,10379.271484375,9610.4912109375,8604.7685546875,8377.1181640625,8676.8525390625,8666.966796875,8781.0380859375,9693.8212890625,9906.6630859375,10290.44140625,9326.30859375,9833.296875,9941.943359375,9189.0849609375,9344.783203125,0.30623236298561096,0.07564886659383774,0.1988084316253662,0.1678037941455841,0.2515065670013428,Moirai
series_191,386,-0.5974670648574829,-0.07272644340991974,0.8096610903739929,-0.5475807189941406,-0.5775222778320312,-0.24474792182445526,2.129718780517578,3.1546859741210938,5.367683410644531,5.32159423828125,5.24066162109375,3.9093971252441406,5.289283752441406,5.60662841796875,4.312333106994629,4.659955024719238,5.72741174697876,3.0413994789123535,2.615605115890503,3.781623125076294,2.8167030811309814,-0.4415840208530426,-0.35247039794921875,2.0862464904785156,0.25551971793174744,0.09896570444107056,0.13688480854034424,0.36272644996643066,0.14590328931808472,Timer
series_192,386,8653.822265625,8132.36962890625,7988.546875,7534.84912109375,7011.12353515625,6601.94775390625,6469.55322265625,6106.57177734375,5872.73193359375,5557.015625,5194.80810546875,4979.62646484375,4859.42529296875,4579.392578125,4381.26025390625,4300.666015625,4173.208984375,4166.22607421875,4028.854736328125,3964.751708984375,3732.135986328125,3581.60546875,3295.59619140625,3144.8779296875,0.19943884015083313,0.07683893293142319,0.22642627358436584,0.2913788855075836,0.20591701567173004,Timer
series_193,386,50131.9140625,49945.6484375,50633.578125,49473.4921875,50969.95703125,53919.07421875,54202.546875,54394.98828125,54145.83984375,52556.5234375,51470.11328125,48242.33984375,49226.25,49823.76953125,49748.59375,51545.6953125,52686.91796875,53176.9140625,54427.953125,53765.08984375,54770.16015625,52501.046875,48216.8203125,48313.71875,0.2637748122215271,0.061741914600133896,0.18481913208961487,0.2517299950122833,0.2379341572523117,Moirai
series_194,386,22.048879623413086,19.020536422729492,23.377138137817383,29.314117431640625,25.33169937133789,33.93022918701172,30.37190055847168,32.535945892333984,25.01218605041504,35.08401870727539,24.887908935546875,23.84238624572754,25.49456787109375,25.093101501464844,25.6729736328125,32.59725570678711,26.71782875061035,30.157690048217773,27.81165885925293,31.021503448486328,28.85283851623535,38.716793060302734,26.32954216003418,26.627918243408203,0.22023296356201172,0.1532006859779358,0.20752188563346863,0.2701548635959625,0.14888958632946014,Timer
series_195,386,14711.736328125,14937.7861328125,15224.18359375,14882.8076171875,15257.2685546875,15052.8955078125,14810.376953125,14609.404296875,14937.5673828125,15285.58984375,14958.9892578125,14758.8330078125,15252.7646484375,15284.5029296875,15234.7060546875,15023.9296875,15215.998046875,15241.201171875,15239.794921875,14755.44921875,15471.830078125,14904.109375,14961.853515625,15485.3125,0.29051175713539124,0.0891135036945343,0.1867886781692505,0.20968472957611084,0.22390127182006836,Moirai
series_196,386,1127.3707275390625,1040.03271484375,1312.25048828125,1406.508544921875,1922.2730712890625,2208.965576171875,2289.168701171875,2528.260498046875,2557.928955078125,2799.877685546875,2962.2080078125,2705.784912109375,3056.237548828125,3328.124267578125,3173.145751953125,3154.4990234375,3601.643798828125,4205.86865234375,4715.962890625,5280.64697265625,5287.673828125,5427.216796875,5143.23583984375,4955.29638671875,0.2466123402118683,0.06097719818353653,0.18083293735980988,0.27967366576194763,0.23190385103225708,Timer
series_197,386,81494.171875,82051.03125,82942.015625,85280.828125,88510.625,90626.703125,91072.1953125,90960.8203125,89735.7265625,87953.765625,85280.828125,83944.359375,86617.296875,89735.7265625,91740.4296875,94524.734375,97531.7890625,100872.9609375,101318.453125,100204.7265625,97309.046875,94524.734375,90849.453125,87953.765625,0.2653578519821167,0.07287557423114777,0.2173486053943634,0.17024078965187073,0.274177223443985,Chronos
series_198,386,10191.1962890625,10633.779296875,10301.4931640625,10338.0947265625,10546.2451171875,11185.474609375,11029.771484375,10988.4072265625,11176.2470703125,11275.1708984375,11326.4326171875,10498.849609375,10584.501953125,10030.4814453125,10294.5087890625,10756.724609375,11302.33203125,11196.2431640625,11226.037109375,11567.2568359375,11248.96484375,11070.314453125,10884.2294921875,11521.7568359375,0.3135455548763275,0.07712949812412262,0.1603749543428421,0.19487205147743225,0.2540779411792755,Moirai
series_199,386,4.404207706451416,5.613273620605469,7.192492961883545,6.8709259033203125,7.7822771072387695,8.640280723571777,8.85529613494873,10.339678764343262,11.213973045349121,13.481704711914062,13.917427062988281,14.663476943969727,18.19634437561035,18.799116134643555,16.53473472595215,17.114980697631836,19.175037384033203,18.417146682739258,18.956588745117188,21.77943992614746,22.247051239013672,21.251977920532227,20.693540573120117,23.137643814086914,0.23235879838466644,0.07912245392799377,0.15192383527755737,0.316397488117218,0.2201974093914032,Timer
series_200,386,99984.6953125,98346.328125,98097.6796875,98872.5703125,99369.078125,99833.8046875,100401.1328125,102744.171875,100745.3046875,99918.0625,93720.7890625,89686.7421875,88204.3671875,89408.5,90169.9453125,92253.8984375,92847.171875,93690.6640625,94336.140625,95524.828125,94531.3828125,95381.8125,90710.125,87156.5078125,0.21989557147026062,0.060824669897556305,0.18244338035583496,0.3186841905117035,0.21815216541290283,Timer
series_201,386,112418.53125,111267.78125,112193.4453125,114467.234375,114928.7578125,117921.265625,116603.3359375,114093.8671875,118437.0703125,121151.4140625,118570.1875,119572.609375,120151.5859375,119677.0546875,118567.875,126988.046875,125128.5546875,126795.6953125,128781.6640625,127066.9765625,125652.7890625,128192.75,131180.515625,120005.625,0.28347280621528625,0.07849694043397903,0.20194581151008606,0.20584727823734283,0.23023714125156403,Moirai
series_202,386,306.82598876953125,258.2350158691406,245.916259765625,244.6136016845703,272.9136657714844,261.29669189453125,243.44493103027344,238.02529907226562,235.869873046875,310.51055908203125,353.32940673828125,307.5938415527344,298.763427734375,230.7472686767578,226.87095642089844,229.95693969726562,251.49729919433594,242.73057556152344,219.74754333496094,223.96435546875,237.20654296875,299.9774475097656,329.2320251464844,285.79119873046875,0.24562475085258484,0.08901471644639969,0.19551488757133484,0.2517898380756378,0.2180558145046234,Timer
series_203,386,47505.40234375,47162.1640625,47239.30859375,46661.9375,48060.0078125,47513.3828125,46172.3671875,45408.41796875,47707.8671875,48177.1328125,46280.90234375,46222.828125,46277.2890625,48874.98828125,47786.703125,47421.515625,48112.73046875,47284.28515625,47629.71875,46629.91015625,47946.89453125,47679.69921875,46274.55859375,46726.8984375,0.37616515159606934,0.10278496146202087,0.15518096089363098,0.20130251348018646,0.16456639766693115,Moirai
series_204,386,4661.1015625,4418.0625,4499.07421875,4499.07421875,4985.154296875,5147.1796875,5390.21875,5228.193359375,4985.154296875,4823.126953125,4742.115234375,4499.07421875,4904.140625,4904.140625,4742.115234375,4580.087890625,5066.166015625,5309.20703125,5390.21875,5390.21875,5147.1796875,4985.154296875,4985.154296875,4580.087890625,0.2464631199836731,0.07392359524965286,0.16084465384483337,0.18109577894210815,0.33767279982566833,Chronos
series_205,386,281966.46875,257600.03125,262167.90625,283396.1875,307844.90625,301263.9375,305988.28125,312870.90625,273855.125,240921.109375,245007.234375,275497.0,271894.5,262133.3125,262042.796875,289612.9375,292455.15625,303343.03125,305577.625,322861.625,285043.71875,230272.28125,227310.578125,254432.1875,0.261280357837677,0.07246019691228867,0.18531472980976105,0.2379106879234314,0.2430339753627777,Moirai
series_206,386,4744.77880859375,4799.44873046875,4773.291015625,5107.52978515625,5280.51123046875,5469.54296875,5291.22119140625,5341.51904296875,5572.61376953125,6028.685546875,5557.91357421875,5327.48193359375,4755.31201171875,4919.71728515625,4994.1962890625,5164.17529296875,5589.423828125,5876.6123046875,5970.01123046875,5763.29052734375,5585.63671875,5411.96240234375,5500.634765625,5427.63037109375,0.2849874794483185,0.09296711534261703,0.2094399333000183,0.16501688957214355,0.24758858978748322,Moirai
series_207,386,0.6823928952217102,0.6963783502578735,1.0920692682266235,0.38222581148147583,0.7196640372276306,0.5394703149795532,0.9627922177314758,1.7704471349716187,2.0346248149871826,1.6437031030654907,2.492502212524414,1.538901925086975,1.760668158531189,2.683950901031494,1.6120837926864624,2.3329262733459473,2.143935441970825,1.6870018243789673,0.6350612640380859,0.8880791068077087,1.6871060132980347,0.8030155301094055,1.1805317401885986,2.2588162422180176,0.22609661519527435,0.09684412181377411,0.14796215295791626,0.36591702699661255,0.16318009793758392,Timer
series_208,386,9846.61328125,9861.7138671875,9544.9365234375,9337.17578125,9928.2998046875,10105.474609375,9608.4423828125,9885.21484375,9288.98046875,9772.03515625,9430.1845703125,9514.9619140625,9966.951171875,9578.8525390625,8684.5693359375,9559.76953125,10394.2294921875,9462.0029296875,9487.4833984375,9568.3544921875,9341.4951171875,8862.7265625,9280.7001953125,9487.9345703125,0.2826211452484131,0.0888645201921463,0.17709454894065857,0.21978910267353058,0.23163068294525146,Moirai
series_209,386,108734.7265625,108701.3671875,107983.390625,112101.8046875,113559.0546875,112944.875,113843.1015625,115319.703125,113480.3046875,118732.6484375,110484.3515625,102836.8671875,102863.828125,101024.4140625,100298.6796875,105103.5234375,107327.453125,105296.25,107319.75,108805.953125,106372.4609375,111814.9921875,102034.3359375,96280.3671875,0.2520529329776764,0.06297243386507034,0.19356563687324524,0.2553023397922516,0.23610664904117584,Timer
series_210,386,31.795866012573242,34.64213180541992,39.354881286621094,43.276092529296875,51.0828971862793,48.7541618347168,56.53988265991211,52.922096252441406,49.560298919677734,46.5152702331543,40.25461959838867,39.866390228271484,34.959815979003906,35.41066360473633,35.82666778564453,40.04396438598633,39.76769256591797,39.59860610961914,39.23631286621094,37.370147705078125,38.020774841308594,39.350311279296875,35.247947692871094,30.753156661987305,0.23914243280887604,0.07267742604017258,0.18636633455753326,0.2921736538410187,0.20964014530181885,Timer
series_211,386,42348.234375,43196.453125,43388.60546875,43306.9609375,43496.44921875,43856.84765625,42943.91015625,43323.41015625,44771.73828125,43811.48828125,42845.6640625,41508.35546875,42489.1171875,43422.1328125,44393.9921875,44203.7890625,44890.640625,44951.98828125,44138.92578125,43415.609375,44042.078125,43160.98046875,42465.9453125,42907.16015625,0.34052684903144836,0.08709771186113358,0.18157687783241272,0.18702852725982666,0.2037699967622757,Moirai
series_212,386,1091.1378173828125,1805.3885498046875,2157.289794921875,2380.498779296875,2704.2705078125,2508.42822265625,2561.60595703125,2636.425537109375,2539.481201171875,2303.416259765625,2096.60400390625,1993.7838134765625,2007.6751708984375,1893.2528076171875,1935.5501708984375,1835.7352294921875,1834.4312744140625,1827.5223388671875,1795.5279541015625,1904.3426513671875,1790.4810791015625,1872.2679443359375,1780.811767578125,1604.1328125,0.23710010945796967,0.07186202704906464,0.21454471349716187,0.263277530670166,0.21321561932563782,Timer
series_213,386,79367.5546875,78610.140625,81024.3203125,85263.578125,90973.9765625,90425.5,94898.296875,94280.796875,96234.390625,94815.75,90082.734375,86175.96875,81424.796875,81086.65625,80596.640625,83552.34375,88270.6953125,94130.9765625,95228.5703125,97806.125,95477.1640625,88400.796875,86175.5078125,82211.4453125,0.28922557830810547,0.07260728627443314,0.19848482310771942,0.19699521362781525,0.24268712103366852,Moirai
series_214,386,13440.6572265625,12191.2900390625,13183.7197265625,15166.4072265625,15344.080078125,16223.859375,15972.501953125,15442.4248046875,17666.185546875,21347.9375,21330.75,18597.8203125,14674.44921875,14934.8779296875,16482.134765625,16187.1318359375,17862.521484375,17856.77734375,17773.708984375,18941.984375,19353.201171875,20220.6015625,19604.0390625,17301.88671875,0.2724980413913727,0.07844772934913635,0.2179907262325287,0.16617004573345184,0.26489341259002686,Moirai
series_215,386,-0.34253159165382385,-0.178843691945076,0.06474075466394424,-0.989423394203186,-1.2392021417617798,-4.72179651260376,-2.284691572189331,0.5257553458213806,3.2277626991271973,3.9417550563812256,5.496749401092529,3.620760440826416,2.928999423980713,7.247757911682129,6.827075958251953,7.622373104095459,8.991064071655273,4.409409999847412,5.533679485321045,4.706407070159912,6.398718357086182,5.176156520843506,6.847103118896484,10.032210350036621,0.2504296898841858,0.05401993542909622,0.14538119733333588,0.349113792181015,0.20105530321598053,Timer
