series,feature_1,feature_2,feature_3,feature_4,feature_5,feature_6,feature_7,feature_8,feature_9,feature_10,feature_11,feature_12,feature_13,feature_14,feature_15,feature_16,feature_17,feature_18,feature_19,feature_20,feature_21,feature_22,feature_23,feature_24,feature_25,feature_26,feature_27,feature_28,feature_29,feature_30,feature_31,feature_32,feature_33,feature_34,feature_35,feature_36,feature_37,feature_38,feature_39,feature_40,feature_41,feature_42,feature_43,feature_44,feature_45,feature_46,feature_47,feature_48,feature_49,feature_50,feature_51,feature_52,feature_53,feature_54,feature_55,feature_56,feature_57,feature_58,feature_59,feature_60,feature_61,feature_62,feature_63,feature_64
series_0,-0.01341125089675188,0.3996177315711975,0.37797826528549194,0.514156699180603,-0.051585834473371506,0.32068485021591187,-0.675084114074707,-0.0830267146229744,-0.4736540913581848,-0.18682169914245605,-0.5137509703636169,-0.23622463643550873,-0.17967811226844788,0.33440831303596497,0.02657240815460682,-0.5890316367149353,-0.7466782927513123,0.23873524367809296,0.24752388894557953,-0.43075039982795715,-0.35931968688964844,0.14550712704658508,0.45392167568206787,0.20516996085643768,0.03637104108929634,-0.31862106919288635,0.2743843197822571,0.35740670561790466,0.2770552933216095,-0.16651146113872528,-0.4659441113471985,-0.005824963562190533,0.10786572843790054,-0.27672404050827026,-0.08817282319068909,-0.013911916874349117,-0.1305372714996338,-0.6847848892211914,0.043851807713508606,0.3779580593109131,0.09151214361190796,-0.1365247368812561,0.4692050814628601,-0.31840673089027405,0.5157268047332764,-0.23160231113433838,-0.3664778769016266,-0.37663060426712036,0.00033145275665447116,-0.15440508723258972,-0.25430941581726074,-0.056881725788116455,0.400190532207489,0.34910860657691956,0.14172351360321045,0.3510359823703766,-0.6225592494010925,-0.05729851499199867,-0.36191922426223755,0.002055676653981209,-0.06861085444688797,-0.9611325860023499,-0.18405693769454956,-0.08060138672590256
series_1,3.7754885852336884e-05,0.41056331992149353,0.37945571541786194,0.5049917697906494,-0.07427474856376648,0.2954704761505127,-0.6611237525939941,-0.0733417198061943,-0.4540283679962158,-0.17907194793224335,-0.4879106879234314,-0.19383619725704193,-0.17763182520866394,0.3201792240142822,0.03486156463623047,-0.5803658962249756,-0.6815432906150818,0.21227864921092987,0.22879791259765625,-0.3731846511363983,-0.3589634597301483,0.13261531293392181,0.40156060457229614,0.17874595522880554,0.02896224334836006,-0.3075760304927826,0.27843227982521057,0.32301273941993713,0.28773534297943115,-0.15600018203258514,-0.4681510627269745,-0.004377285949885845,0.08820245414972305,-0.25572144985198975,-0.09263993799686432,-0.0012955544516444206,-0.09184876829385757,-0.6659461855888367,0.03936097025871277,0.36121895909309387,0.06791939586400986,-0.16909170150756836,0.4421086013317108,-0.29516008496284485,0.48539018630981445,-0.20947499573230743,-0.34018364548683167,-0.3674440383911133,-0.0019932922441512346,-0.17836064100265503,-0.2697432339191437,-0.048742569983005524,0.3662879168987274,0.3375471532344818,0.1528255194425583,0.34590426087379456,-0.6234406232833862,-0.0400734581053257,-0.34758898615837097,0.022801587358117104,-0.06728094071149826,-0.9573859572410583,-0.18524518609046936,-0.0730658769607544
series_2,0.03212752938270569,0.263663649559021,0.29550811648368835,0.42249515652656555,-0.07173754274845123,0.201707124710083,-0.4235769212245941,-0.06999067217111588,-0.3261420726776123,-0.12571492791175842,-0.3315395712852478,-0.15703615546226501,-0.16736575961112976,0.20979003608226776,0.012588417157530785,-0.43570297956466675,-0.4623458683490753,0.10931317508220673,0.1847652643918991,-0.22148476541042328,-0.2595561742782593,0.08343662321567535,0.2847784161567688,0.1354784071445465,0.026308026164770126,-0.18293046951293945,0.21665863692760468,0.26607346534729004,0.23247964680194855,-0.11290354281663895,-0.34719595313072205,-0.047022994607686996,0.11314348876476288,-0.1784081757068634,-0.02774360030889511,0.04326385259628296,-0.012909612618386745,-0.4640118181705475,-0.044594407081604004,0.267478346824646,-0.0009004981257021427,-0.16683688759803772,0.2655594050884247,-0.20513533055782318,0.3637726306915283,-0.1610831320285797,-0.2555082142353058,-0.2577551603317261,0.02619701437652111,-0.18369373679161072,-0.17912742495536804,0.07465386390686035,0.23756422102451324,0.2606816589832306,0.10693945735692978,0.20066872239112854,-0.4515089988708496,-0.020974595099687576,-0.25350379943847656,-0.06688861548900604,-0.08651749044656754,-0.659602165222168,-0.11667525768280029,-0.06488645076751709
series_3,-0.06698985397815704,0.49769097566604614,0.4657025635242462,0.5269509553909302,-0.10853628814220428,0.3595665991306305,-0.9587763547897339,-0.013234252110123634,-0.5531060695648193,-0.20959840714931488,-0.683556079864502,-0.2568872570991516,-0.07679960876703262,0.42520755529403687,0.04254484921693802,-0.6744542121887207,-0.9543617367744446,0.3330565392971039,0.2989838123321533,-0.6636122465133667,-0.502606987953186,0.2645740807056427,0.6549842357635498,0.33665931224823,0.03331788256764412,-0.4189310073852539,0.26452645659446716,0.32380980253219604,0.21710418164730072,-0.21480488777160645,-0.5645302534103394,0.0902436152100563,0.06289885938167572,-0.39236170053482056,-0.1189645305275917,-0.06127727031707764,-0.35860082507133484,-0.8500024676322937,0.17921052873134613,0.39325302839279175,0.13660928606987,-0.05810728296637535,0.6686196327209473,-0.3411766588687897,0.6255791187286377,-0.24647574126720428,-0.4920363128185272,-0.49225854873657227,-0.09276361018419266,-0.08767035603523254,-0.30377310514450073,-0.22351093590259552,0.5117071270942688,0.4196447730064392,0.18527300655841827,0.5799573063850403,-0.8168149590492249,-0.10125890374183655,-0.42294880747795105,0.20183788239955902,0.05805756151676178,-1.1446019411087036,-0.24260850250720978,-0.0937572792172432
series_4,0.029598761349916458,0.17341433465480804,0.2523854076862335,0.38054159283638,-0.04860415682196617,0.18915745615959167,-0.32689225673675537,-0.07848405092954636,-0.28535085916519165,-0.08254189789295197,-0.27164196968078613,-0.19239886105060577,-0.19440412521362305,0.15322156250476837,-0.008864058181643486,-0.3812772035598755,-0.42595112323760986,0.0940331369638443,0.1780311018228531,-0.21661847829818726,-0.20454701781272888,0.08743183314800262,0.27221304178237915,0.13315537571907043,0.0639209896326065,-0.10190124064683914,0.20520183444023132,0.2570936381816864,0.20201632380485535,-0.10712015628814697,-0.2727225124835968,-0.0527743361890316,0.10202067345380783,-0.17501309514045715,-0.006016287952661514,0.05416705086827278,-0.01529840286821127,-0.4181996285915375,-0.04776349663734436,0.24792666733264923,-0.008008455857634544,-0.13455535471439362,0.20100048184394836,-0.16452656686306,0.3055148124694824,-0.15193869173526764,-0.22395046055316925,-0.21600930392742157,0.054498545825481415,-0.16188427805900574,-0.14073601365089417,0.1266477406024933,0.23577411472797394,0.21678082644939423,0.10607630759477615,0.1389087438583374,-0.38942989706993103,-0.015312214381992817,-0.2388255000114441,-0.12366480380296707,-0.0657888799905777,-0.5311782360076904,-0.05817794054746628,-0.08969582617282867
series_5,-0.021759245544672012,0.44221431016921997,0.39107590913772583,0.5171157121658325,-0.06308102607727051,0.3229297995567322,-0.7435710430145264,-0.08210521191358566,-0.496660441160202,-0.20879492163658142,-0.5604056715965271,-0.216326504945755,-0.17725981771945953,0.35025840997695923,0.04765000939369202,-0.6320976614952087,-0.7742965817451477,0.2570837438106537,0.2511086165904999,-0.4671154320240021,-0.3974091410636902,0.15316042304039001,0.4748050570487976,0.2095182240009308,0.008601355366408825,-0.3375312387943268,0.26240023970603943,0.3430575430393219,0.2566661536693573,-0.16289463639259338,-0.4883699119091034,0.010949169285595417,0.0935806855559349,-0.2882823944091797,-0.09626244753599167,-0.019344329833984375,-0.15744997560977936,-0.6963585615158081,0.0755872130393982,0.373734712600708,0.09337294101715088,-0.1248391792178154,0.5072713494300842,-0.3297337591648102,0.5268387794494629,-0.23670093715190887,-0.372149795293808,-0.3968278169631958,-0.03343077749013901,-0.13005182147026062,-0.2718726396560669,-0.11010624468326569,0.4118027985095978,0.3599785566329956,0.1498810052871704,0.4124890863895416,-0.66024249792099,-0.04280175641179085,-0.3585229814052582,0.07095851004123688,-0.05663043260574341,-1.0297048091888428,-0.23508107662200928,-0.06362386047840118
series_6,-0.05340619012713432,0.49432164430618286,0.44582638144493103,0.5374631881713867,-0.060548897832632065,0.36979907751083374,-0.8782193660736084,-0.0634484514594078,-0.5463494062423706,-0.23612838983535767,-0.6649121642112732,-0.2714926302433014,-0.13853028416633606,0.4078563153743744,0.04350140690803528,-0.6780232191085815,-0.9207126498222351,0.314551442861557,0.29227977991104126,-0.622789740562439,-0.45130959153175354,0.21433047950267792,0.6059933304786682,0.2920607328414917,0.019906941801309586,-0.38338765501976013,0.25284260511398315,0.3508106470108032,0.22513632476329803,-0.19515344500541687,-0.5321642160415649,0.056424397975206375,0.08623353391885757,-0.3578283190727234,-0.10785979777574539,-0.05008402466773987,-0.2870585322380066,-0.7911145091056824,0.13781806826591492,0.40594613552093506,0.1262333244085312,-0.06976895779371262,0.6169881820678711,-0.3464384973049164,0.5995506048202515,-0.2571920156478882,-0.4423857033252716,-0.4578173756599426,-0.07409835606813431,-0.06853172183036804,-0.28301289677619934,-0.18964853882789612,0.49024373292922974,0.4076725244522095,0.16104625165462494,0.5039884448051453,-0.7485303282737732,-0.08972840011119843,-0.4064346253871918,0.1434914469718933,-0.0004489884595386684,-1.125525951385498,-0.24200251698493958,-0.07869768142700195
series_7,0.04253501817584038,0.23710131645202637,0.3164079487323761,0.43663331866264343,-0.09539256244897842,0.1897323727607727,-0.366148442029953,-0.04191887751221657,-0.2907489538192749,-0.10043851286172867,-0.29005172848701477,-0.15369920432567596,-0.1517212688922882,0.21096187829971313,-0.02540786750614643,-0.38740891218185425,-0.4094325006008148,0.09568661451339722,0.18011318147182465,-0.16817601025104523,-0.24415867030620575,0.09703168272972107,0.25350886583328247,0.1522766649723053,0.07280085980892181,-0.1553158313035965,0.2247176170349121,0.2268381416797638,0.24987001717090607,-0.12886837124824524,-0.33186423778533936,-0.04338754341006279,0.10831543058156967,-0.16222259402275085,-0.038332097232341766,0.04476531967520714,-0.007035649847239256,-0.46508699655532837,-0.07240064442157745,0.27106714248657227,-0.018368756398558617,-0.18092523515224457,0.2456788271665573,-0.15215390920639038,0.3253418803215027,-0.13788707554340363,-0.2531542181968689,-0.2322016954421997,0.05821554362773895,-0.19658878445625305,-0.16951827704906464,0.11528908461332321,0.21948584914207458,0.2704654633998871,0.11305650323629379,0.15206880867481232,-0.4467918276786804,-0.04370071738958359,-0.25009068846702576,-0.08897868543863297,-0.06422080099582672,-0.5990232229232788,-0.050889257341623306,-0.07395676523447037
series_8,-0.0020163627341389656,0.36613139510154724,0.3542211353778839,0.5008547306060791,-0.06106359884142876,0.294917494058609,-0.6122569441795349,-0.08241850882768631,-0.4446573257446289,-0.1685965359210968,-0.46659040451049805,-0.21623495221138,-0.178133025765419,0.30422961711883545,0.019573578611016273,-0.5487868785858154,-0.6801565885543823,0.20692802965641022,0.23702974617481232,-0.3733566701412201,-0.33596616983413696,0.13126780092716217,0.4101475477218628,0.18526965379714966,0.038674693554639816,-0.2898465394973755,0.2700579762458801,0.34419724345207214,0.2735861539840698,-0.1539611965417862,-0.4400135278701782,-0.017975207418203354,0.11109045892953873,-0.2510370910167694,-0.07292162626981735,0.002067108638584614,-0.09427192062139511,-0.6348896622657776,0.01972244493663311,0.35316818952560425,0.07148942351341248,-0.15444403886795044,0.4238103926181793,-0.2938481271266937,0.47784504294395447,-0.214017853140831,-0.3391900956630707,-0.3496912717819214,0.017856640741229057,-0.17576414346694946,-0.23850391805171967,-0.01857953518629074,0.3656655251979828,0.3314436972141266,0.1376994550228119,0.3084813356399536,-0.5869362950325012,-0.048337895423173904,-0.3405575156211853,-0.022456159815192223,-0.07762026786804199,-0.8911218047142029,-0.16510991752147675,-0.08111866563558578
series_9,2.0283274352550507e-05,0.4056396782398224,0.3780863285064697,0.5069888234138489,-0.07713724672794342,0.29406797885894775,-0.6531649231910706,-0.07499844580888748,-0.45318132638931274,-0.17676104605197906,-0.4839468002319336,-0.1926204264163971,-0.17884649336338043,0.31792011857032776,0.03206218034029007,-0.5774664878845215,-0.6772303581237793,0.2108881026506424,0.22691243886947632,-0.3680051267147064,-0.3574572801589966,0.1342553049325943,0.39707836508750916,0.17949724197387695,0.02895404025912285,-0.3046492636203766,0.2767701745033264,0.32174310088157654,0.28667357563972473,-0.156331866979599,-0.46493253111839294,-0.005442271940410137,0.08859439939260483,-0.2539939880371094,-0.09245910495519638,0.0016997801139950752,-0.08966446667909622,-0.6605777144432068,0.03771267831325531,0.3588070571422577,0.06505954265594482,-0.16988909244537354,0.44012075662612915,-0.29206109046936035,0.4803696870803833,-0.20858964323997498,-0.33644047379493713,-0.3642199635505676,0.0009033369715325534,-0.17753811180591583,-0.26455748081207275,-0.044591449201107025,0.36570271849632263,0.33630993962287903,0.15120278298854828,0.3420717716217041,-0.6207680106163025,-0.040235716849565506,-0.3435840308666229,0.019554780796170235,-0.06824404746294022,-0.9490683078765869,-0.18359620869159698,-0.07475188374519348
series_10,-0.022471781820058823,0.3720863461494446,0.3982064425945282,0.5191836357116699,-0.010674236342310905,0.32975834608078003,-0.6363334059715271,-0.11887317150831223,-0.4774266481399536,-0.1970554143190384,-0.5084247589111328,-0.26896774768829346,-0.20989811420440674,0.32674700021743774,0.01962471194565296,-0.6151864528656006,-0.7550656199455261,0.23583543300628662,0.23988080024719238,-0.4630982577800751,-0.3454842269420624,0.1256888210773468,0.46720850467681885,0.20573753118515015,0.021562796086072922,-0.27292266488075256,0.2689567804336548,0.37463536858558655,0.2601538598537445,-0.16808202862739563,-0.4504357874393463,-0.016577716916799545,0.11360372602939606,-0.28557339310646057,-0.0714886412024498,0.007248458452522755,-0.12570033967494965,-0.6622944474220276,0.036312296986579895,0.3940131962299347,0.07349847257137299,-0.09865724295377731,0.4488222002983093,-0.31954312324523926,0.5003573298454285,-0.24568618834018707,-0.3429667353630066,-0.37192147970199585,-0.0030832078773528337,-0.12174004316329956,-0.23033861815929413,-0.028992444276809692,0.41081589460372925,0.33916035294532776,0.12002579122781754,0.32479041814804077,-0.5985428690910339,-0.06186218932271004,-0.34709012508392334,-0.032955631613731384,-0.07329708337783813,-0.9489864110946655,-0.177946537733078,-0.10242898017168045
series_11,-0.06725536286830902,0.49601227045059204,0.4596334993839264,0.5269349813461304,-0.10753335803747177,0.35870546102523804,-0.9553994536399841,-0.016308331862092018,-0.5532545447349548,-0.20981940627098083,-0.6826638579368591,-0.25550299882888794,-0.0818232074379921,0.42025530338287354,0.04588860273361206,-0.676162838935852,-0.9509672522544861,0.33115753531455994,0.29991596937179565,-0.6589174866676331,-0.5026077032089233,0.26160505414009094,0.6510611772537231,0.33168086409568787,0.030590597540140152,-0.41574084758758545,0.2625200152397156,0.32637032866477966,0.21405552327632904,-0.21203219890594482,-0.5613313317298889,0.08846233040094376,0.06457929313182831,-0.3879261910915375,-0.11682331562042236,-0.06027279049158096,-0.3530096113681793,-0.842867374420166,0.1760791391134262,0.39014896750450134,0.13632017374038696,-0.05926021561026573,0.6646601557731628,-0.3427106738090515,0.6218258142471313,-0.24584461748600006,-0.48899492621421814,-0.4902856945991516,-0.09069984406232834,-0.08865144848823547,-0.3026818633079529,-0.22371822595596313,0.508910596370697,0.41744646430015564,0.1851455122232437,0.5776594877243042,-0.8123418688774109,-0.0959363505244255,-0.4197474718093872,0.20045092701911926,0.05324505269527435,-1.141575574874878,-0.24822215735912323,-0.09134607762098312
series_12,-0.002515171654522419,0.3627259135246277,0.3708605468273163,0.5008445978164673,-0.05368373915553093,0.2896997630596161,-0.5944811701774597,-0.08524259179830551,-0.43619459867477417,-0.17502859234809875,-0.4580298066139221,-0.21030114591121674,-0.18281131982803345,0.30460548400878906,0.025806622579693794,-0.5600571036338806,-0.6629855036735535,0.19179588556289673,0.22331629693508148,-0.36111751198768616,-0.33777734637260437,0.11078502237796783,0.3976028561592102,0.18134362995624542,0.027483828365802765,-0.26617738604545593,0.2639221251010895,0.337568998336792,0.26557621359825134,-0.1563139706850052,-0.44003769755363464,-0.0322507806122303,0.11868465691804886,-0.2423313856124878,-0.07454787194728851,0.014860247261822224,-0.08292490988969803,-0.6257825493812561,0.004403992090374231,0.35475167632102966,0.05985044687986374,-0.14370383322238922,0.40964019298553467,-0.2888939380645752,0.46726852655410767,-0.21257171034812927,-0.33118125796318054,-0.33748820424079895,0.014387822709977627,-0.17364317178726196,-0.23786118626594543,-0.011177442967891693,0.3508657217025757,0.329515665769577,0.12263800948858261,0.30032509565353394,-0.5753347277641296,-0.045002762228250504,-0.333495557308197,-0.025502091273665428,-0.08105570077896118,-0.8969864249229431,-0.171690434217453,-0.07874412834644318
series_13,-0.034302253276109695,0.4693409204483032,0.41441020369529724,0.5197466611862183,-0.06756216287612915,0.3374773859977722,-0.8013882637023926,-0.06816964596509933,-0.5156863331794739,-0.21537935733795166,-0.5945992469787598,-0.22855179011821747,-0.16593897342681885,0.3712805509567261,0.04995149374008179,-0.650282084941864,-0.827501118183136,0.2747856676578522,0.25625771284103394,-0.512964129447937,-0.4156639277935028,0.1755339503288269,0.5132115483283997,0.23480558395385742,0.017003286629915237,-0.36383458971977234,0.2729315161705017,0.33873245120048523,0.26233774423599243,-0.17462021112442017,-0.5143505930900574,0.028461504727602005,0.08560971170663834,-0.31193265318870544,-0.1126733273267746,-0.030498184263706207,-0.1991436779499054,-0.7475695013999939,0.0986173003911972,0.38763195276260376,0.10531702637672424,-0.11511819809675217,0.5494253635406494,-0.3361508846282959,0.55739426612854,-0.2388366460800171,-0.40273186564445496,-0.42283910512924194,-0.05031772702932358,-0.11903312802314758,-0.2915872633457184,-0.1362650841474533,0.43602392077445984,0.3778895437717438,0.16371707618236542,0.45093199610710144,-0.7017740607261658,-0.05736823007464409,-0.38539445400238037,0.09672489017248154,-0.03237904608249664,-1.0765074491500854,-0.2328464388847351,-0.0680072158575058
series_14,-0.032736096531152725,0.46228981018066406,0.42333605885505676,0.5287002325057983,-0.0636218786239624,0.34245553612709045,-0.7847039699554443,-0.07396683841943741,-0.5157966613769531,-0.21450436115264893,-0.5875951647758484,-0.23391132056713104,-0.1666337251663208,0.37720245122909546,0.04214085638523102,-0.6491749882698059,-0.8263260722160339,0.27291733026504517,0.25043922662734985,-0.5101139545440674,-0.41277703642845154,0.1713789403438568,0.5094718933105469,0.24282149970531464,0.01693575456738472,-0.35344168543815613,0.26688987016677856,0.3411332666873932,0.261029452085495,-0.18140095472335815,-0.5091741681098938,0.022616181522607803,0.09094900637865067,-0.3126099705696106,-0.11499615758657455,-0.02689053863286972,-0.1979881376028061,-0.7421631217002869,0.08885954320430756,0.39376819133758545,0.10261404514312744,-0.11307185143232346,0.5477428436279297,-0.3336784541606903,0.5481216907501221,-0.2417319416999817,-0.3950563669204712,-0.4129219651222229,-0.0460192933678627,-0.11439254879951477,-0.2828005850315094,-0.12631231546401978,0.4387107789516449,0.3779613673686981,0.1500963270664215,0.4394163191318512,-0.6932061910629272,-0.060481492429971695,-0.3788294196128845,0.08554445952177048,-0.03445609658956528,-1.0654863119125366,-0.22731149196624756,-0.07237602025270462
series_15,0.03803303465247154,0.22813479602336884,0.3272891342639923,0.44807684421539307,-0.10217630863189697,0.19617785513401031,-0.35983705520629883,-0.04047777131199837,-0.29121315479278564,-0.08880963176488876,-0.2821892499923706,-0.15764902532100677,-0.15517987310886383,0.2138131856918335,-0.03241585195064545,-0.38606658577919006,-0.41884735226631165,0.09214939177036285,0.18090052902698517,-0.1657947450876236,-0.24423332512378693,0.10527543723583221,0.2550283968448639,0.15983492136001587,0.08736082911491394,-0.14607742428779602,0.23849593102931976,0.23114028573036194,0.2548370957374573,-0.14375093579292297,-0.33789804577827454,-0.041596390306949615,0.11080797761678696,-0.16303256154060364,-0.04508281871676445,0.052506282925605774,-0.00751612288877368,-0.4836909770965576,-0.07719221711158752,0.27937549352645874,-0.02181626670062542,-0.18105942010879517,0.2507922947406769,-0.14181779325008392,0.322628378868103,-0.13528315722942352,-0.2567574679851532,-0.23219580948352814,0.0784531831741333,-0.2046242654323578,-0.1667919158935547,0.12414432317018509,0.2290392816066742,0.277306467294693,0.11611337214708328,0.13956709206104279,-0.45447003841400146,-0.05113727226853371,-0.2601386308670044,-0.1005612388253212,-0.0618671178817749,-0.6022542119026184,-0.03709191828966141,-0.08740004152059555
series_16,0.0058309463784098625,0.33734866976737976,0.3280101716518402,0.4806530177593231,-0.05440555885434151,0.27072203159332275,-0.5587767958641052,-0.08527163416147232,-0.4130572974681854,-0.16984832286834717,-0.4387210011482239,-0.2000284194946289,-0.17229200899600983,0.27863603830337524,0.03710460662841797,-0.5279908180236816,-0.6154851317405701,0.18850092589855194,0.23310819268226624,-0.33572646975517273,-0.3293120265007019,0.09886734187602997,0.3840245306491852,0.16644009947776794,0.016459457576274872,-0.25737228989601135,0.22647692263126373,0.34317758679389954,0.23741692304611206,-0.1402014195919037,-0.40379878878593445,-0.04415164515376091,0.12936262786388397,-0.22617805004119873,-0.048714835196733475,0.008268618024885654,-0.06990640610456467,-0.5699432492256165,-0.0033669339027255774,0.3227085769176483,0.058526411652565,-0.14852654933929443,0.38000741600990295,-0.2840937674045563,0.4552604556083679,-0.2077525109052658,-0.319098562002182,-0.3109031319618225,0.008373460732400417,-0.17832036316394806,-0.2130851447582245,-0.015168756246566772,0.32070067524909973,0.31071820855140686,0.10341622680425644,0.2906705439090729,-0.5260644555091858,-0.03033236786723137,-0.3055574893951416,-0.02077116258442402,-0.09635485708713531,-0.8368750810623169,-0.18997445702552795,-0.05997069925069809
series_17,0.011659677140414715,0.378695547580719,0.3705063462257385,0.5000082850456238,-0.08349592238664627,0.2823551297187805,-0.6060872077941895,-0.07122289389371872,-0.4282917380332947,-0.15632905066013336,-0.441631019115448,-0.19082850217819214,-0.17837709188461304,0.30204659700393677,0.015674429014325142,-0.5422654151916504,-0.6360527873039246,0.1903591901063919,0.21749234199523926,-0.325465589761734,-0.3321393132209778,0.1331414133310318,0.36588507890701294,0.17043887078762054,0.05062807351350784,-0.2851180136203766,0.28684642910957336,0.31067541241645813,0.30237606167793274,-0.15899482369422913,-0.44950464367866516,-0.010236288420855999,0.08740705996751785,-0.24115975201129913,-0.08879454433917999,0.010649257339537144,-0.06454537063837051,-0.6452149748802185,0.021280331537127495,0.3535120487213135,0.05346635729074478,-0.18806251883506775,0.40582260489463806,-0.27154475450515747,0.45416557788848877,-0.19740575551986694,-0.32228031754493713,-0.34911206364631653,0.021773217245936394,-0.1966966688632965,-0.25665974617004395,-0.005723476409912109,0.3486718237400055,0.3239688575267792,0.1565370410680771,0.30069559812545776,-0.6017524600028992,-0.04483183100819588,-0.3358442485332489,-0.012805653735995293,-0.06857961416244507,-0.8956227898597717,-0.14545170962810516,-0.08751816302537918
series_18,-0.01516230870038271,0.40772634744644165,0.42072632908821106,0.511009693145752,0.04088958352804184,0.34253644943237305,-0.6618186235427856,-0.15651385486125946,-0.48660749197006226,-0.2422132045030594,-0.5610833764076233,-0.3149573802947998,-0.21837684512138367,0.3560301661491394,0.004499012604355812,-0.6397039890289307,-0.825884997844696,0.24801869690418243,0.24597623944282532,-0.5736492276191711,-0.3236022889614105,0.10102303326129913,0.5456463694572449,0.22596120834350586,-0.005360727198421955,-0.2592443525791168,0.2593883275985718,0.3776656985282898,0.23274606466293335,-0.16757790744304657,-0.4584575593471527,-0.00897697638720274,0.1354675590991974,-0.31582948565483093,-0.06249387189745903,0.007312276400625706,-0.17895571887493134,-0.6640087962150574,0.06289733946323395,0.4265706539154053,0.09120297431945801,-0.037747111171483994,0.4791446924209595,-0.3307672142982483,0.5319198966026306,-0.2969462275505066,-0.34520360827445984,-0.3837936222553253,-0.03259255737066269,-0.039929091930389404,-0.2102237045764923,-0.03084705024957657,0.45421358942985535,0.3629400134086609,0.10663356631994247,0.32566794753074646,-0.596435010433197,-0.09532459825277328,-0.36427178978919983,-0.04180099815130234,-0.0785248726606369,-0.9944390654563904,-0.16327331960201263,-0.10391879826784134
series_19,-0.05761418864130974,0.5016961097717285,0.4558599889278412,0.5299672484397888,-0.09033812582492828,0.3588744103908539,-0.920876681804657,-0.039479877799749374,-0.5471462607383728,-0.22397495806217194,-0.6739295125007629,-0.2521155774593353,-0.1130376085639,0.4138179421424866,0.044445380568504333,-0.6769227981567383,-0.9291117787361145,0.3200746476650238,0.28777074813842773,-0.6294071078300476,-0.477019727230072,0.23823590576648712,0.6184155941009521,0.3085525631904602,0.022609326988458633,-0.4035089313983917,0.2629919648170471,0.32814913988113403,0.22697342932224274,-0.20059093832969666,-0.5516300201416016,0.07287690788507462,0.07479988783597946,-0.36811989545822144,-0.11862685531377792,-0.05280786007642746,-0.3157287538051605,-0.8177353143692017,0.15879155695438385,0.39472246170043945,0.1287466585636139,-0.06878434866666794,0.6418949365615845,-0.34052568674087524,0.610683798789978,-0.2490168958902359,-0.464944988489151,-0.4735867381095886,-0.08700297027826309,-0.08025535941123962,-0.29646483063697815,-0.20557719469070435,0.4954774081707001,0.41477707028388977,0.17888544499874115,0.5442913174629211,-0.7843693494796753,-0.09080413728952408,-0.4133155047893524,0.17625616490840912,0.02545890025794506,-1.1396981477737427,-0.24574077129364014,-0.07997241616249084
series_20,0.040184974670410156,0.04833587631583214,0.09868445992469788,0.1713046431541443,-0.05222078040242195,0.07507234066724777,-0.10376130789518356,-0.019344326108694077,-0.08451705425977707,-0.007785883732140064,-0.11035346984863281,-0.10015291720628738,-0.0998157411813736,0.03152332454919815,-0.04085720330476761,-0.12976482510566711,-0.1730426400899887,-0.007503051310777664,0.10240105539560318,-0.09035226702690125,-0.09922099858522415,0.07421809434890747,0.15078546106815338,0.09076337516307831,0.06624771654605865,0.0023094462230801582,0.08889055997133255,0.08443716168403625,0.09770318865776062,-0.07495734095573425,-0.10516607761383057,-0.016118992120027542,0.08350764960050583,-0.09102868288755417,3.412598744034767e-06,0.04380444437265396,-0.007609508465975523,-0.1804513931274414,-0.06651657074689865,0.11532017588615417,-0.03240375220775604,-0.06777160614728928,0.07428271323442459,-0.029598958790302277,0.11574040353298187,-0.05927861109375954,-0.1367398351430893,-0.05877632275223732,0.04797055199742317,-0.07384111732244492,-0.07107074558734894,0.12267927825450897,0.06121822074055672,0.13347528874874115,0.058081936091184616,0.040126241743564606,-0.18606889247894287,-0.00906758476048708,-0.12209305912256241,-0.08619726449251175,-0.022399988025426865,-0.1729540079832077,0.01783152110874653,-0.039740826934576035
series_21,-0.04021827504038811,0.4719606637954712,0.41689956188201904,0.5259824395179749,-0.05541759356856346,0.3547435998916626,-0.82951420545578,-0.07997826486825943,-0.5348584651947021,-0.2274763584136963,-0.6245080828666687,-0.2594642639160156,-0.15994499623775482,0.3869348168373108,0.03916129469871521,-0.669232964515686,-0.8767561316490173,0.30042824149131775,0.27879539132118225,-0.5724608302116394,-0.4301586449146271,0.19196656346321106,0.561481237411499,0.25602036714553833,0.015548313967883587,-0.3677840530872345,0.26110175251960754,0.34928521513938904,0.23935167491436005,-0.18564963340759277,-0.5121583342552185,0.03878862038254738,0.08928515762090683,-0.3351965546607971,-0.10206323862075806,-0.0411432720720768,-0.23939670622348785,-0.7484784126281738,0.11708071827888489,0.39779922366142273,0.12175782024860382,-0.08830838650465012,0.5756645202636719,-0.35467228293418884,0.5613901615142822,-0.26175224781036377,-0.4119805693626404,-0.43830668926239014,-0.058429040014743805,-0.08611616492271423,-0.2822495102882385,-0.15561091899871826,0.46629056334495544,0.38725587725639343,0.15748633444309235,0.47302648425102234,-0.7167609930038452,-0.06341933459043503,-0.37780916690826416,0.11363834887742996,-0.019367577508091927,-1.0852315425872803,-0.24639011919498444,-0.07874669879674911
series_22,-0.021021034568548203,0.4312271773815155,0.3913106620311737,0.518337607383728,-0.05018193647265434,0.3219531774520874,-0.7156100273132324,-0.0928351953625679,-0.49118804931640625,-0.21184414625167847,-0.5526821613311768,-0.22549884021282196,-0.17785239219665527,0.3495481610298157,0.0413379892706871,-0.6253305673599243,-0.7725529074668884,0.24242666363716125,0.24745149910449982,-0.47112712264060974,-0.3873048722743988,0.13642914593219757,0.4785931706428528,0.21545672416687012,-0.002471623010933399,-0.32025429606437683,0.2515599727630615,0.35109150409698486,0.242845818400383,-0.16311398148536682,-0.4779781997203827,0.00030318356584757566,0.11214610189199448,-0.2836951017379761,-0.08886741101741791,-0.011683723889291286,-0.15899167954921722,-0.674326479434967,0.0594228059053421,0.37682250142097473,0.08894112706184387,-0.1137051209807396,0.5000890493392944,-0.3248715102672577,0.5214455723762512,-0.24035297334194183,-0.3664743900299072,-0.38322195410728455,-0.030654551461338997,-0.11995646357536316,-0.25528356432914734,-0.09328777343034744,0.40724697709083557,0.36191555857658386,0.1297631412744522,0.3894343376159668,-0.6376156210899353,-0.04926450923085213,-0.35355108976364136,0.04904133826494217,-0.06878773868083954,-1.0050338506698608,-0.23010271787643433,-0.06182921677827835
series_23,0.021486729383468628,0.013625829480588436,0.05125396326184273,0.08675017207860947,-0.020386990159749985,0.03826628252863884,-0.05216721072793007,-0.03364940360188484,-0.05022303760051727,0.01915300264954567,-0.05630502477288246,-0.060827843844890594,-0.08419375121593475,-0.012284614145755768,-0.026444176211953163,-0.07955560088157654,-0.11753261089324951,-0.032310131937265396,0.05830969288945198,-0.07391209155321121,-0.06319957226514816,0.05417899414896965,0.11306039243936539,0.05867938697338104,0.04499075189232826,0.040085479617118835,0.057910412549972534,0.05854799970984459,0.049671053886413574,-0.0473296158015728,-0.03634476661682129,-0.006908093579113483,0.06483645737171173,-0.07133975625038147,0.0026643762830644846,0.04088016226887703,-0.019809726625680923,-0.09327884018421173,-0.019690295681357384,0.06195942685008049,-0.03249848634004593,-0.029031090438365936,0.03715595230460167,-0.007291661109775305,0.06838618218898773,-0.03481653705239296,-0.07867854833602905,-0.023014454171061516,0.02425234764814377,-0.040892213582992554,-0.04679815471172333,0.09343626350164413,0.03867577388882637,0.06722398102283478,0.024351786822080612,0.02270003780722618,-0.10872598737478256,-0.0015133216511458158,-0.08693249523639679,-0.062416598200798035,-0.01307232677936554,-0.07670830190181732,0.014974894933402538,-0.037816669791936874
series_24,0.011080647818744183,0.36022764444351196,0.3569864332675934,0.4874601364135742,-0.05966143682599068,0.2800843417644501,-0.5843698978424072,-0.07278662174940109,-0.4141170382499695,-0.16266892850399017,-0.43582308292388916,-0.1973162740468979,-0.1709422767162323,0.29220443964004517,0.027659961953759193,-0.5325318574905396,-0.6207822561264038,0.17743384838104248,0.22457382082939148,-0.32804223895072937,-0.33091044425964355,0.10543438792228699,0.3717026114463806,0.16737237572669983,0.03498191386461258,-0.26528292894363403,0.26466628909111023,0.3302643597126007,0.27571919560432434,-0.14841024577617645,-0.43246200680732727,-0.031101632863283157,0.11335880309343338,-0.2311408519744873,-0.06592204421758652,0.006286517716944218,-0.06277497857809067,-0.6148684024810791,-0.003047885140404105,0.3445608913898468,0.05466330796480179,-0.1680547595024109,0.38691097497940063,-0.27674737572669983,0.46005702018737793,-0.19612349569797516,-0.324414998292923,-0.3332909643650055,0.01611919514834881,-0.19851866364479065,-0.24368533492088318,-0.005273118615150452,0.32770124077796936,0.32134106755256653,0.13077300786972046,0.287819504737854,-0.5654590725898743,-0.04123258963227272,-0.33107098937034607,-0.027394501492381096,-0.08624967187643051,-0.8714625239372253,-0.16119229793548584,-0.0730128288269043
series_25,-0.0026900218799710274,0.4146977663040161,0.3796525299549103,0.509406566619873,-0.07358817756175995,0.30116385221481323,-0.6699373722076416,-0.0783582255244255,-0.4652867317199707,-0.18292447924613953,-0.4986594617366791,-0.1997506469488144,-0.18112412095069885,0.32600826025009155,0.03169076144695282,-0.5869646072387695,-0.7007634043693542,0.22171859443187714,0.23179395496845245,-0.38942644000053406,-0.36048591136932373,0.13942021131515503,0.4126904606819153,0.18538275361061096,0.027980279177427292,-0.31418415904045105,0.27724117040634155,0.32699456810951233,0.28546541929244995,-0.15751615166664124,-0.46921205520629883,-0.0021632863208651543,0.08802541345357895,-0.2624672055244446,-0.09468286484479904,-0.003069746308028698,-0.1035616546869278,-0.6701152920722961,0.04729989171028137,0.3639217019081116,0.07277031242847443,-0.16312256455421448,0.4544147253036499,-0.30045080184936523,0.4894166886806488,-0.2162715643644333,-0.34247472882270813,-0.37145793437957764,-0.003430136712267995,-0.1665440797805786,-0.2671479284763336,-0.054899781942367554,0.37867140769958496,0.3407626152038574,0.15308119356632233,0.3538754880428314,-0.6298413872718811,-0.042852338403463364,-0.34840020537376404,0.02664400078356266,-0.06527596712112427,-0.9657154083251953,-0.18848729133605957,-0.07511796057224274
series_26,0.028604630380868912,0.2735801339149475,0.34466031193733215,0.4642186164855957,-0.05514312908053398,0.23239877820014954,-0.4320516586303711,-0.09168650954961777,-0.3604732155799866,-0.12509030103683472,-0.36235547065734863,-0.2063637524843216,-0.2060360461473465,0.24412119388580322,-0.022257274016737938,-0.4825691282749176,-0.5502691864967346,0.13758139312267303,0.18250709772109985,-0.26944267749786377,-0.2439022809267044,0.10013940930366516,0.3132479190826416,0.15826760232448578,0.045183658599853516,-0.18077914416790009,0.26305094361305237,0.28280457854270935,0.25962546467781067,-0.12700900435447693,-0.37631669640541077,-0.03746954724192619,0.1139029785990715,-0.20098648965358734,-0.05646098777651787,0.058707237243652344,-0.031017132103443146,-0.5257858633995056,-0.02870616503059864,0.31746646761894226,0.004525722470134497,-0.13800323009490967,0.3076358437538147,-0.21028415858745575,0.386147677898407,-0.19432973861694336,-0.2634412944316864,-0.2846972942352295,0.051008790731430054,-0.15935155749320984,-0.1715434491634369,0.09558095037937164,0.30338653922080994,0.2841106355190277,0.1217525377869606,0.19430547952651978,-0.49063268303871155,-0.05383821576833725,-0.2819119095802307,-0.09891795367002487,-0.0830206423997879,-0.7220684885978699,-0.08123509585857391,-0.09464913606643677
series_27,-0.07046893239021301,0.4953177571296692,0.4588358402252197,0.5299021601676941,-0.11363978683948517,0.36319637298583984,-0.9751515984535217,-0.008747095242142677,-0.5562587380409241,-0.20601004362106323,-0.6956644058227539,-0.2645342946052551,-0.059314243495464325,0.4298307001590729,0.039675310254096985,-0.6716744899749756,-0.9736486673355103,0.33805832266807556,0.31292465329170227,-0.6887518167495728,-0.5163081288337708,0.2756991982460022,0.6805245876312256,0.3522680401802063,0.030107703059911728,-0.42204833030700684,0.2549082636833191,0.33248043060302734,0.1979328989982605,-0.21926695108413696,-0.5635245442390442,0.09694995731115341,0.06829140335321426,-0.4004770517349243,-0.11080790311098099,-0.06589566916227341,-0.38251635432243347,-0.8496693968772888,0.18772903084754944,0.3910287320613861,0.14383551478385925,-0.04642414674162865,0.6861594915390015,-0.3436897397041321,0.63177490234375,-0.24894267320632935,-0.5020924806594849,-0.49814173579216003,-0.09190977364778519,-0.08243471384048462,-0.29479292035102844,-0.23822526633739471,0.5226097702980042,0.42637544870376587,0.18093591928482056,0.5938841700553894,-0.8251621127128601,-0.10783973336219788,-0.42176368832588196,0.21368439495563507,0.062125787138938904,-1.1395622491836548,-0.2509292662143707,-0.09384595602750778
series_28,-0.024502281099557877,0.4004419147968292,0.4068579077720642,0.5202276110649109,-0.04804582521319389,0.33112797141075134,-0.6758042573928833,-0.08776769787073135,-0.4865328073501587,-0.19595560431480408,-0.5232138633728027,-0.2522377669811249,-0.1832633763551712,0.3474383056163788,0.010010289028286934,-0.5944113731384277,-0.7864875793457031,0.23596179485321045,0.24049021303653717,-0.45313021540641785,-0.35131463408470154,0.15177525579929352,0.4764063358306885,0.22891296446323395,0.04961996525526047,-0.31453949213027954,0.2897181510925293,0.3487798273563385,0.2852284610271454,-0.18577221035957336,-0.4813316762447357,-0.0002709432737901807,0.10863891243934631,-0.2878800928592682,-0.10596999526023865,0.0007616029470227659,-0.15050870180130005,-0.7120972275733948,0.036601126194000244,0.3934211730957031,0.09872186183929443,-0.1264178454875946,0.4885009527206421,-0.31664666533470154,0.5116925239562988,-0.24209579825401306,-0.3728225529193878,-0.3806595504283905,0.00823428388684988,-0.1432933807373047,-0.267408162355423,-0.03697746992111206,0.423220157623291,0.362228661775589,0.14178220927715302,0.3448430895805359,-0.6385124921798706,-0.07324522733688354,-0.37672340869903564,-0.014532072469592094,-0.05224362015724182,-0.9699550271034241,-0.15642504394054413,-0.10076675564050674
series_29,-0.038447413593530655,0.47831451892852783,0.41993004083633423,0.5208365321159363,-0.0671786516904831,0.3431202471256256,-0.8262320756912231,-0.06759878247976303,-0.5231176614761353,-0.22255122661590576,-0.6155669689178467,-0.23322714865207672,-0.15827924013137817,0.37889736890792847,0.05168594419956207,-0.6592673063278198,-0.8496140837669373,0.28349605202674866,0.26613032817840576,-0.5403971076011658,-0.42885062098503113,0.18366053700447083,0.5375046730041504,0.24806782603263855,0.011658268980681896,-0.3700295388698578,0.265871524810791,0.3395939767360687,0.24916784465312958,-0.17716056108474731,-0.5209574103355408,0.03667618706822395,0.08638161420822144,-0.3218783140182495,-0.11050669848918915,-0.036570802330970764,-0.22248877584934235,-0.7549961805343628,0.10948018729686737,0.38823753595352173,0.11190229654312134,-0.10189922899007797,0.5674257278442383,-0.33914950489997864,0.567844569683075,-0.24334849417209625,-0.4140690267086029,-0.43205201625823975,-0.05928251892328262,-0.1066453754901886,-0.29176831245422363,-0.15380507707595825,0.4475207030773163,0.38647064566612244,0.16322502493858337,0.47043901681900024,-0.7139706611633301,-0.06042482331395149,-0.3886014223098755,0.11511164158582687,-0.026165561750531197,-1.0921239852905273,-0.243085578083992,-0.06636668741703033
series_30,0.003983917646110058,0.38453441858291626,0.3728724420070648,0.4969426095485687,-0.07318063080310822,0.2834467589855194,-0.6247792840003967,-0.07104954868555069,-0.4376453459262848,-0.16949933767318726,-0.4573906362056732,-0.19223850965499878,-0.17247304320335388,0.30879470705986023,0.025634879246354103,-0.5610880851745605,-0.654668390750885,0.19180603325366974,0.2206467241048813,-0.35088634490966797,-0.34637537598609924,0.1215745359659195,0.3875042200088501,0.176765576004982,0.03137866035103798,-0.28788408637046814,0.27545467019081116,0.3176816701889038,0.28292542695999146,-0.1562480330467224,-0.4534173905849457,-0.011660153977572918,0.09548557549715042,-0.24459753930568695,-0.082828089594841,0.005924892611801624,-0.0833338126540184,-0.6401408314704895,0.01781262271106243,0.35461869835853577,0.057598650455474854,-0.1696450114250183,0.4173840582370758,-0.2869766652584076,0.46005451679229736,-0.20297430455684662,-0.33147701621055603,-0.35067716240882874,0.005079990718513727,-0.18566247820854187,-0.2620913088321686,-0.02073872834444046,0.3481909930706024,0.3292517364025116,0.14547453820705414,0.31786707043647766,-0.6000158190727234,-0.038044873625040054,-0.33167019486427307,0.0007027331739664078,-0.06881396472454071,-0.909074604511261,-0.17170310020446777,-0.0753588005900383
series_31,0.03638759255409241,0.12423352897167206,0.21988153457641602,0.33854836225509644,-0.07737131416797638,0.15326529741287231,-0.23529933393001556,-0.04952939972281456,-0.21328109502792358,-0.04947658255696297,-0.20400772988796234,-0.15182377398014069,-0.15283426642417908,0.12076357752084732,-0.036676470190286636,-0.2776762843132019,-0.33371999859809875,0.045014142990112305,0.15596331655979156,-0.14677955210208893,-0.1801430881023407,0.0896066427230835,0.2351853996515274,0.13662751019001007,0.07539328932762146,-0.059053804725408554,0.17539747059345245,0.2025555670261383,0.18060605227947235,-0.11178183555603027,-0.2283082902431488,-0.04205850884318352,0.1113719716668129,-0.13970543444156647,-0.009151944890618324,0.060647837817668915,-0.014066553674638271,-0.35214748978614807,-0.08317072689533234,0.2127469927072525,-0.03545447438955307,-0.11759433150291443,0.1633560210466385,-0.09297715872526169,0.24387848377227783,-0.10662121325731277,-0.21785472333431244,-0.15293361246585846,0.0769672766327858,-0.15500102937221527,-0.11486466228961945,0.15351815521717072,0.16381721198558807,0.21790385246276855,0.08612322062253952,0.0841064602136612,-0.33181312680244446,-0.02068757638335228,-0.20701846480369568,-0.12825842201709747,-0.0483100563287735,-0.4044978618621826,-0.012731029652059078,-0.0741150751709938
series_32,0.011559191159904003,0.3467927873134613,0.3237605392932892,0.47581422328948975,-0.06661031395196915,0.26042377948760986,-0.5711967349052429,-0.07924626022577286,-0.41580861806869507,-0.1661197543144226,-0.4386298656463623,-0.18557441234588623,-0.17474737763404846,0.2767038345336914,0.035777747631073,-0.5344361662864685,-0.613504946231842,0.19163058698177338,0.2298232764005661,-0.3309444189071655,-0.32791492342948914,0.11186744272708893,0.37352919578552246,0.15780191123485565,0.014708644710481167,-0.26743146777153015,0.23922017216682434,0.32109397649765015,0.24401286244392395,-0.13684003055095673,-0.4106643497943878,-0.02674887701869011,0.10485097765922546,-0.22830751538276672,-0.053708598017692566,0.004768305458128452,-0.0652870461344719,-0.5704538226127625,0.007133556995540857,0.3185872733592987,0.05617690831422806,-0.15966388583183289,0.3769412040710449,-0.2823726236820221,0.44088560342788696,-0.20572100579738617,-0.31170186400413513,-0.32138219475746155,0.007220080588012934,-0.17565837502479553,-0.22637274861335754,-0.015614591538906097,0.32443809509277344,0.3019079566001892,0.12461289018392563,0.2995699346065521,-0.5414122939109802,-0.019544687122106552,-0.29959791898727417,-0.006755096837878227,-0.09012783318758011,-0.8395721316337585,-0.19003674387931824,-0.06052017956972122
series_33,0.0219806469976902,0.34474247694015503,0.36585092544555664,0.495080828666687,-0.09567664563655853,0.2652111351490021,-0.5499082207679749,-0.06474188715219498,-0.39604341983795166,-0.13436438143253326,-0.3974744379520416,-0.18513865768909454,-0.17434118688106537,0.2821769118309021,-0.0028192272875458,-0.5027045011520386,-0.5819686651229858,0.1649145632982254,0.20890848338603973,-0.2762264907360077,-0.3101128339767456,0.1326715648174286,0.33037111163139343,0.16565477848052979,0.07155013829469681,-0.25646305084228516,0.28822219371795654,0.29128918051719666,0.30732885003089905,-0.16089388728141785,-0.4294447600841522,-0.013261283747851849,0.08629181236028671,-0.22351759672164917,-0.08236923813819885,0.023859791457653046,-0.040764547884464264,-0.6194721460342407,0.0013888610992580652,0.3415645658969879,0.03440997377038002,-0.20393945276737213,0.3682180941104889,-0.2399321049451828,0.42054426670074463,-0.18156124651432037,-0.3051234781742096,-0.3290953040122986,0.04316222667694092,-0.21284741163253784,-0.24090561270713806,0.03477459400892258,0.3263280689716339,0.3120713531970978,0.15896464884281158,0.2550402879714966,-0.5787726044654846,-0.04963633418083191,-0.3218475580215454,-0.041772302240133286,-0.0667630136013031,-0.8282048106193542,-0.10634812712669373,-0.09734918177127838
series_34,-0.0010572122409939766,0.35764026641845703,0.37168511748313904,0.4903119206428528,-0.009594498202204704,0.2885968089103699,-0.582330584526062,-0.11842259019613266,-0.4395579397678375,-0.1970895379781723,-0.4796352982521057,-0.2358105182647705,-0.2007881999015808,0.30454158782958984,0.029404783621430397,-0.5822726488113403,-0.6914419531822205,0.19759389758110046,0.22147955000400543,-0.42627787590026855,-0.3199089467525482,0.08312886953353882,0.4355149269104004,0.18494272232055664,-0.01141293067485094,-0.2414254993200302,0.24197982251644135,0.34669095277786255,0.22594355046749115,-0.1434423327445984,-0.42781397700309753,-0.0299326591193676,0.13019093871116638,-0.25786131620407104,-0.05542098358273506,0.01761982962489128,-0.10840389877557755,-0.588276207447052,0.010372830554842949,0.3627576529979706,0.058347105979919434,-0.09389271587133408,0.4055667519569397,-0.29432180523872375,0.4738020896911621,-0.24058939516544342,-0.31353631615638733,-0.33873817324638367,-0.012539752759039402,-0.11927711963653564,-0.2119094878435135,-0.00640694797039032,0.368947297334671,0.32551926374435425,0.09883994609117508,0.2970646023750305,-0.5483828186988831,-0.04740437492728233,-0.3255089223384857,-0.04023948311805725,-0.09565097093582153,-0.8888846039772034,-0.18089625239372253,-0.07595724612474442
series_35,-0.05907345935702324,0.49953320622444153,0.44917479157447815,0.5306234359741211,-0.09431342780590057,0.3540964424610138,-0.9184712171554565,-0.03926345333456993,-0.5471941828727722,-0.2213393896818161,-0.6711920499801636,-0.24581937491893768,-0.11582524329423904,0.40668874979019165,0.05083704739809036,-0.6810780763626099,-0.9212363958358765,0.3155764937400818,0.2871602177619934,-0.6191204190254211,-0.4826570153236389,0.23419895768165588,0.6111293435096741,0.3018295168876648,0.017422068864107132,-0.397637277841568,0.26017481088638306,0.3278101086616516,0.21974022686481476,-0.19816234707832336,-0.5482859015464783,0.07085768133401871,0.07757698744535446,-0.35969462990760803,-0.11679300665855408,-0.04947321489453316,-0.3090178370475769,-0.80750972032547,0.15321791172027588,0.38715359568595886,0.126933753490448,-0.07198935002088547,0.6383671164512634,-0.3413194417953491,0.60136878490448,-0.24534718692302704,-0.460895836353302,-0.4693024754524231,-0.08548403531312943,-0.0856752097606659,-0.2960098385810852,-0.20796728134155273,0.4894551634788513,0.41158750653266907,0.17847390472888947,0.545461118221283,-0.780673623085022,-0.08135472983121872,-0.4065238833427429,0.18141546845436096,0.022200552746653557,-1.1354349851608276,-0.25802797079086304,-0.07626966387033463
series_36,0.03181997314095497,0.036978933960199356,0.06358605623245239,0.12875612080097198,-0.03503315895795822,0.06256097555160522,-0.11683875322341919,-0.042052388191223145,-0.08218414336442947,-0.014769134111702442,-0.09589194506406784,-0.07031302154064178,-0.0936521589756012,-0.008336134254932404,-0.0013281089486554265,-0.11323963105678558,-0.1586553454399109,0.004801315255463123,0.0772516205906868,-0.08095122128725052,-0.1021905466914177,0.07809361070394516,0.1498136818408966,0.0678224265575409,0.0334172397851944,0.0014571017818525434,0.0690174400806427,0.09564071893692017,0.08517957478761673,-0.05586915835738182,-0.07908575236797333,-0.02210334688425064,0.06942781060934067,-0.09049052000045776,0.012849381193518639,0.04163680225610733,-0.008596452884376049,-0.15396322309970856,-0.032340310513973236,0.06599538028240204,-0.024297675117850304,-0.045191191136837006,0.056370239704847336,-0.05601542815566063,0.12652969360351562,-0.057228934019804,-0.12637072801589966,-0.05075796693563461,0.006978610996156931,-0.06311555951833725,-0.059934213757514954,0.08723866194486618,0.04631771892309189,0.07966244965791702,0.0439152717590332,0.05783555284142494,-0.1466340720653534,0.009643482975661755,-0.0885327011346817,-0.07152865827083588,-0.01835586689412594,-0.15625759959220886,-0.021312108263373375,-0.040282588452100754
series_37,-0.01282451767474413,0.4306985139846802,0.39023271203041077,0.5105608701705933,-0.06866592168807983,0.31471875309944153,-0.7119694948196411,-0.07337114959955215,-0.4815508723258972,-0.19017314910888672,-0.5236509442329407,-0.21253804862499237,-0.17778745293617249,0.34223729372024536,0.03668098896741867,-0.607365608215332,-0.7458629012107849,0.2400151789188385,0.23538807034492493,-0.42830413579940796,-0.37426090240478516,0.1500915288925171,0.44390231370925903,0.19913579523563385,0.029213283210992813,-0.33337464928627014,0.2839849591255188,0.3328433334827423,0.28764456510543823,-0.16652914881706238,-0.48598864674568176,0.005751480348408222,0.08771467953920364,-0.27956461906433105,-0.10462221503257751,-0.013897961936891079,-0.13185197114944458,-0.7031020522117615,0.061610400676727295,0.377137690782547,0.08661119639873505,-0.14996030926704407,0.4837660491466522,-0.3174721896648407,0.512370228767395,-0.22532635927200317,-0.36437615752220154,-0.3883777856826782,-0.01676640845835209,-0.15670564770698547,-0.2800862193107605,-0.07561099529266357,0.3978860080242157,0.3514667749404907,0.15808965265750885,0.38279539346694946,-0.6530936360359192,-0.04749849811196327,-0.36363688111305237,0.04026543349027634,-0.05446021258831024,-1.0016028881072998,-0.19817158579826355,-0.07536864280700684
series_38,-0.023851748555898666,0.4527180790901184,0.4082256853580475,0.5257642269134521,-0.031031502410769463,0.3426036238670349,-0.7453179955482483,-0.09669940918684006,-0.5068557858467102,-0.22564058005809784,-0.579888105392456,-0.2434111088514328,-0.18468987941741943,0.3617902398109436,0.04883752018213272,-0.6447435617446899,-0.796618640422821,0.25837647914886475,0.2643444836139679,-0.5072721838951111,-0.39178019762039185,0.13974103331565857,0.5004236102104187,0.21938279271125793,0.0035837991163134575,-0.32773205637931824,0.25432950258255005,0.3624008595943451,0.24795477092266083,-0.1594463288784027,-0.490800678730011,0.009152610786259174,0.10159646719694138,-0.3020545244216919,-0.0863194465637207,-0.023159310221672058,-0.17020413279533386,-0.7022067904472351,0.07494522631168365,0.39271780848503113,0.09394287317991257,-0.10729768127202988,0.5117499828338623,-0.3302602469921112,0.5443653464317322,-0.2436303049325943,-0.37535181641578674,-0.4040522575378418,-0.03446920961141586,-0.10974958539009094,-0.2654874920845032,-0.11344841122627258,0.4252345561981201,0.3719135820865631,0.13726924359798431,0.4039890468120575,-0.658954381942749,-0.05708049610257149,-0.37589210271835327,0.06081734597682953,-0.061573326587677,-1.0526446104049683,-0.22563961148262024,-0.06952869892120361
series_39,0.03784980624914169,0.18938682973384857,0.29196658730506897,0.40817728638648987,-0.08809002488851547,0.17560838162899017,-0.30176809430122375,-0.04528936371207237,-0.2619675099849701,-0.07682672888040543,-0.2518552541732788,-0.1430516391992569,-0.15496453642845154,0.17851294577121735,-0.026600735262036324,-0.35210978984832764,-0.36986473202705383,0.07796753197908401,0.16161386668682098,-0.1488335132598877,-0.218767449259758,0.08850707113742828,0.23692728579044342,0.15445303916931152,0.06478791683912277,-0.10962363332509995,0.20084749162197113,0.219980388879776,0.2260809987783432,-0.12140453606843948,-0.2921110689640045,-0.04988538846373558,0.11354037374258041,-0.1533426195383072,-0.02766517549753189,0.057153597474098206,-0.0023389155976474285,-0.4182572364807129,-0.08187881112098694,0.25012296438217163,-0.03603047877550125,-0.15567032992839813,0.20988744497299194,-0.12014681845903397,0.2959786653518677,-0.12128113955259323,-0.2343180775642395,-0.1935150921344757,0.06961189210414886,-0.18265369534492493,-0.1352168321609497,0.13820111751556396,0.19606871902942657,0.2500181198120117,0.08476350456476212,0.13030363619327545,-0.39608705043792725,-0.032689418643713,-0.23268407583236694,-0.10827068239450455,-0.06179589405655861,-0.5206589102745056,-0.03684556484222412,-0.07780340313911438
series_40,-0.0035265954211354256,0.35734444856643677,0.33577606081962585,0.48253580927848816,-0.04643167927861214,0.28358012437820435,-0.6055727005004883,-0.09143175929784775,-0.43608546257019043,-0.1806018203496933,-0.46811264753341675,-0.2085275650024414,-0.17847058176994324,0.28629422187805176,0.04145164042711258,-0.5569942593574524,-0.6561073660850525,0.20118938386440277,0.2406904250383377,-0.3784298598766327,-0.34527379274368286,0.10799488425254822,0.413589209318161,0.1718570590019226,0.007394890300929546,-0.27534011006355286,0.23834525048732758,0.3488149046897888,0.24029512703418732,-0.14021439850330353,-0.42315661907196045,-0.022593017667531967,0.11451755464076996,-0.24556058645248413,-0.05009641498327255,0.0020967209711670876,-0.09065818041563034,-0.5916844010353088,0.016356734558939934,0.3357124626636505,0.06563961505889893,-0.14042159914970398,0.4016900062561035,-0.3015483319759369,0.46823468804359436,-0.21548615396022797,-0.3298037052154541,-0.3390786647796631,-0.0009305265848524868,-0.16671544313430786,-0.22929136455059052,-0.03258436918258667,0.3442735970020294,0.31836214661598206,0.1195695623755455,0.31866106390953064,-0.5583434700965881,-0.02272168919444084,-0.3167024254798889,-0.005051279440522194,-0.08706355094909668,-0.875764787197113,-0.20432128012180328,-0.06600520014762878
series_41,0.016898546367883682,0.36215534806251526,0.3721599280834198,0.5013982653617859,-0.08897042274475098,0.27562350034713745,-0.5762810707092285,-0.07195273786783218,-0.4154706597328186,-0.14817242324352264,-0.4223911762237549,-0.1883922666311264,-0.17819850146770477,0.29500943422317505,0.0025378779973834753,-0.5245407819747925,-0.6119214296340942,0.178852841258049,0.21276727318763733,-0.3031047284603119,-0.3205585777759552,0.13302363455295563,0.3493083715438843,0.17137256264686584,0.059099745005369186,-0.2707783877849579,0.28675615787506104,0.3017432987689972,0.305040568113327,-0.15889006853103638,-0.44034871459007263,-0.011788922362029552,0.08665500581264496,-0.23361553251743317,-0.08623480796813965,0.019782911986112595,-0.05452197045087814,-0.6311022639274597,0.01215648464858532,0.34915658831596375,0.04320744425058365,-0.19397664070129395,0.3897683024406433,-0.25533735752105713,0.437308132648468,-0.19197139143943787,-0.31167444586753845,-0.33950909972190857,0.03329205513000488,-0.20070554316043854,-0.24625712633132935,0.016397379338741302,0.34128907322883606,0.320197731256485,0.1557125747203827,0.2775067389011383,-0.5914968848228455,-0.04881636053323746,-0.3272016942501068,-0.028309842571616173,-0.06808622926473618,-0.8640196919441223,-0.12530019879341125,-0.09316477179527283
series_42,-0.018571648746728897,0.4215850532054901,0.41600140929222107,0.5289013385772705,0.010936545208096504,0.3398668169975281,-0.6744517087936401,-0.13434158265590668,-0.5009118914604187,-0.23098936676979065,-0.5582171082496643,-0.2785302698612213,-0.21663300693035126,0.359002023935318,0.02584097720682621,-0.6453477740287781,-0.7962908148765564,0.2531861662864685,0.24639271199703217,-0.5256114602088928,-0.3423651158809662,0.11393268406391144,0.49538329243659973,0.214663565158844,-0.00014386790280696005,-0.2866310179233551,0.25556617975234985,0.3726423680782318,0.24307985603809357,-0.15662270784378052,-0.4647180140018463,-0.011580134741961956,0.11667440086603165,-0.3035491108894348,-0.0753771960735321,0.0013989368453621864,-0.1517028957605362,-0.6638604998588562,0.06098702549934387,0.4098380506038666,0.07926435768604279,-0.08321989327669144,0.48190075159072876,-0.326033353805542,0.5264406800270081,-0.2657373249530792,-0.33491161465644836,-0.38468238711357117,-0.02549976296722889,-0.07242673635482788,-0.22793233394622803,-0.05903127044439316,0.43623825907707214,0.355388343334198,0.11163478344678879,0.3470540940761566,-0.6138713955879211,-0.0751933753490448,-0.36254408955574036,-0.0026171188801527023,-0.07770445942878723,-1.010578989982605,-0.19007043540477753,-0.08862918615341187
series_43,-0.07929070293903351,0.4839949905872345,0.4664058983325958,0.5222625732421875,-0.1346912533044815,0.3585723638534546,-1.0049961805343628,0.03158736601471901,-0.5544393062591553,-0.1835738718509674,-0.6927721500396729,-0.26635003089904785,-0.006138562224805355,0.44192084670066833,0.03822872042655945,-0.6582944393157959,-0.987449586391449,0.3421444594860077,0.3287477195262909,-0.7212195992469788,-0.5444043874740601,0.2947161793708801,0.720296323299408,0.38111412525177,0.04102085158228874,-0.4339018762111664,0.2568652629852295,0.33168694376945496,0.18407891690731049,-0.23743480443954468,-0.5756797790527344,0.11398529261350632,0.05379180610179901,-0.42474085092544556,-0.1036401316523552,-0.07820384949445724,-0.4290092885494232,-0.8874405026435852,0.20386792719364166,0.38984233140945435,0.14753560721874237,-0.03290089592337608,0.7067900896072388,-0.33928993344306946,0.6470702290534973,-0.2405707985162735,-0.5369614958763123,-0.5134373307228088,-0.09165147691965103,-0.10274165868759155,-0.3062403202056885,-0.2530516982078552,0.5314709544181824,0.42982199788093567,0.18482910096645355,0.6236950755119324,-0.8539636731147766,-0.12508919835090637,-0.4346383213996887,0.23450639843940735,0.09623894095420837,-1.1385769844055176,-0.24098844826221466,-0.11082473397254944
series_44,0.01521532516926527,0.22103150188922882,0.2869654595851898,0.4162401258945465,-0.02508494071662426,0.23263347148895264,-0.4064501225948334,-0.10140249133110046,-0.35207295417785645,-0.11229941248893738,-0.32895174622535706,-0.22778409719467163,-0.2062886357307434,0.20112477242946625,0.0010872724233195186,-0.44689443707466125,-0.5449855923652649,0.111091747879982,0.18548549711704254,-0.31179359555244446,-0.22911757230758667,0.07154767215251923,0.35271915793418884,0.14975525438785553,0.03914772346615791,-0.13561519980430603,0.23941288888454437,0.3154841959476471,0.21224988996982574,-0.11997285485267639,-0.33265629410743713,-0.04501987621188164,0.1172088161110878,-0.21922099590301514,-0.020074721425771713,0.05605415999889374,-0.057376451790332794,-0.48950186371803284,-0.03304967284202576,0.3075396418571472,0.017420055344700813,-0.10635622590780258,0.2675948143005371,-0.2134607434272766,0.36273330450057983,-0.18572139739990234,-0.26411840319633484,-0.2642151117324829,0.05051836371421814,-0.16331687569618225,-0.17778606712818146,0.1067797988653183,0.2944487929344177,0.25783732533454895,0.11277266591787338,0.17328143119812012,-0.45631009340286255,-0.026273395866155624,-0.2938670516014099,-0.13650105893611908,-0.07007881999015808,-0.6502307057380676,-0.07163925468921661,-0.1032600998878479
series_45,0.003246973268687725,0.3971553444862366,0.3636523187160492,0.501039981842041,-0.07362186908721924,0.28863826394081116,-0.6404208540916443,-0.07833016663789749,-0.4512503147125244,-0.1762518286705017,-0.4772074222564697,-0.19451801478862762,-0.1821218729019165,0.3135271966457367,0.03028167225420475,-0.5723438858985901,-0.672441303730011,0.21198207139968872,0.2286902666091919,-0.36578676104545593,-0.34770673513412476,0.13114683330059052,0.39335137605667114,0.1725536435842514,0.02822750061750412,-0.30131271481513977,0.2724888324737549,0.3241894841194153,0.2801995575428009,-0.15191993117332458,-0.4531402289867401,-0.011125545017421246,0.09297601133584976,-0.24988412857055664,-0.08545254170894623,0.0017046155408024788,-0.08582396060228348,-0.6418233513832092,0.0358666330575943,0.3531136214733124,0.06654609739780426,-0.16910895705223083,0.4303906261920929,-0.2960805594921112,0.47295811772346497,-0.21261915564537048,-0.32913896441459656,-0.35715290904045105,0.0024505022447556257,-0.17265793681144714,-0.25760000944137573,-0.04042551666498184,0.3621126115322113,0.3285501003265381,0.14859169721603394,0.3343491852283478,-0.6067013740539551,-0.03661453351378441,-0.3343510329723358,0.01606951840221882,-0.07316067814826965,-0.931190550327301,-0.186486154794693,-0.0717415139079094
series_46,-0.008980047889053822,0.3946838974952698,0.3710557520389557,0.5087248086929321,-0.035318244248628616,0.31601330637931824,-0.6557662487030029,-0.10077493637800217,-0.4774475693702698,-0.19518323242664337,-0.513871431350708,-0.24343162775039673,-0.1917085349559784,0.3304908871650696,0.024406680837273598,-0.5970572233200073,-0.7447508573532104,0.2340245097875595,0.24535077810287476,-0.446466326713562,-0.3446725904941559,0.12893812358379364,0.45430073142051697,0.19589149951934814,0.02095630019903183,-0.30021607875823975,0.2656189501285553,0.3558589220046997,0.26155221462249756,-0.15255242586135864,-0.454738050699234,-0.009996484033763409,0.10932988673448563,-0.27818864583969116,-0.07722094655036926,-0.00391546543687582,-0.1288362741470337,-0.6521196961402893,0.04533590376377106,0.3784560263156891,0.086077980697155,-0.12460320442914963,0.45752713084220886,-0.32028234004974365,0.4994480609893799,-0.24275784194469452,-0.344314843416214,-0.37284061312675476,-0.004404911305755377,-0.1344747245311737,-0.2457568347454071,-0.04646790772676468,0.40174171328544617,0.34358975291252136,0.1332397311925888,0.3427663743495941,-0.6118717193603516,-0.0514473132789135,-0.3516369163990021,-0.0026450883597135544,-0.07257223129272461,-0.9489357471466064,-0.18554021418094635,-0.08068022131919861
series_47,0.04025260731577873,0.06723557412624359,0.14248955249786377,0.22435294091701508,-0.051986388862133026,0.10072046518325806,-0.13050763309001923,-0.023457467555999756,-0.12798984348773956,-0.011384979821741581,-0.14114870131015778,-0.13090795278549194,-0.13136698305606842,0.05975450202822685,-0.053894855082035065,-0.17786827683448792,-0.24414274096488953,-0.0054084379225969315,0.11782323569059372,-0.12134647369384766,-0.10408354550600052,0.07450076937675476,0.185654416680336,0.11516515165567398,0.08427420258522034,-0.0006458357675001025,0.1251959502696991,0.12327486276626587,0.1258174479007721,-0.08502420783042908,-0.14612729847431183,-0.02118503674864769,0.10609543323516846,-0.10452660173177719,-0.0035160777624696493,0.056989721953868866,-0.02391742169857025,-0.24313029646873474,-0.08212970197200775,0.15414269268512726,-0.03390220180153847,-0.07290511578321457,0.09838050603866577,-0.037004973739385605,0.15780943632125854,-0.08260735869407654,-0.15741446614265442,-0.08681370317935944,0.06831709295511246,-0.09641611576080322,-0.08128394186496735,0.1530018001794815,0.10516589879989624,0.1665315479040146,0.06792052835226059,0.04681815579533577,-0.2358420193195343,-0.027499934658408165,-0.16715800762176514,-0.10990671813488007,-0.023892270401120186,-0.23767437040805817,0.030237236991524696,-0.059589505195617676
series_48,0.012814710848033428,0.3146146833896637,0.32035985589027405,0.4664030969142914,-0.06167449429631233,0.2535552978515625,-0.5270017981529236,-0.07324013859033585,-0.3941565752029419,-0.15371231734752655,-0.4065578579902649,-0.18874423205852509,-0.1672217696905136,0.2610481083393097,0.025003502145409584,-0.49852660298347473,-0.5805259346961975,0.17197032272815704,0.22396808862686157,-0.30464205145835876,-0.3093935549259186,0.10244192183017731,0.3606237769126892,0.16098088026046753,0.030697163194417953,-0.2464262843132019,0.2380521595478058,0.3198119103908539,0.24868668615818024,-0.13559550046920776,-0.3940584659576416,-0.03651242330670357,0.11404681950807571,-0.21899789571762085,-0.043856486678123474,0.01135654840618372,-0.056244440376758575,-0.5551964640617371,-0.01725621707737446,0.3116476833820343,0.04709962010383606,-0.1609865128993988,0.3495049774646759,-0.26496797800064087,0.4275391697883606,-0.1934441328048706,-0.3094266951084137,-0.3035706579685211,0.020468419417738914,-0.19207151234149933,-0.21687012910842896,0.01872367411851883,0.30595317482948303,0.29733237624168396,0.11773731559515,0.2659836709499359,-0.5168050527572632,-0.025882292538881302,-0.2978460192680359,-0.03965521603822708,-0.08655713498592377,-0.7861452698707581,-0.1581127643585205,-0.06853562593460083
series_49,0.022675227373838425,0.34312304854393005,0.36099526286125183,0.49139460921287537,-0.09483782947063446,0.2634246051311493,-0.5483049154281616,-0.06590075045824051,-0.39423540234565735,-0.13429559767246246,-0.39607366919517517,-0.18377470970153809,-0.1746787577867508,0.2785818576812744,-0.00033476404496468604,-0.5010329484939575,-0.5779281854629517,0.16346141695976257,0.21071472764015198,-0.2745848298072815,-0.3089481592178345,0.13123750686645508,0.32924067974090576,0.16244052350521088,0.0703076496720314,-0.2548762857913971,0.285836398601532,0.29247501492500305,0.30466732382774353,-0.15901495516300201,-0.426577627658844,-0.014155830256640911,0.0867108628153801,-0.22224685549736023,-0.0789819061756134,0.023646634072065353,-0.03746639937162399,-0.6141131520271301,0.0012274219188839197,0.3383868634700775,0.03470805659890175,-0.20473907887935638,0.3641287088394165,-0.24021123349666595,0.41947805881500244,-0.18132051825523376,-0.302727609872818,-0.3281615376472473,0.04290524125099182,-0.21338579058647156,-0.24040324985980988,0.03390458598732948,0.32336077094078064,0.3091066777706146,0.1580384224653244,0.2545064091682434,-0.5743567943572998,-0.04697541519999504,-0.3195332884788513,-0.04029320180416107,-0.06861192733049393,-0.8245306015014648,-0.10918606072664261,-0.09655685722827911
series_50,-0.021953780204057693,0.3753001391887665,0.3831554651260376,0.5151548385620117,0.0071332696825265884,0.32655826210975647,-0.6217356324195862,-0.13530124723911285,-0.48111891746520996,-0.21318812668323517,-0.5241870284080505,-0.2910812497138977,-0.2224472612142563,0.3247832655906677,0.018102044239640236,-0.6160191297531128,-0.7782517075538635,0.23738954961299896,0.24253980815410614,-0.4990333616733551,-0.32184332609176636,0.10796786844730377,0.4906004071235657,0.2024456411600113,0.008146367035806179,-0.25533005595207214,0.2531232535839081,0.38607385754585266,0.23026248812675476,-0.15637807548046112,-0.43424054980278015,-0.02198043093085289,0.12691718339920044,-0.28568607568740845,-0.0630616694688797,0.015106097795069218,-0.1428566575050354,-0.6380185484886169,0.04626011848449707,0.39567336440086365,0.07692693918943405,-0.0737614706158638,0.44903287291526794,-0.321931928396225,0.5039733648300171,-0.2633213400840759,-0.3316749036312103,-0.3620123565196991,-0.01029596570879221,-0.08351138234138489,-0.2072208821773529,-0.030693382024765015,0.42262861132621765,0.3357773721218109,0.1118544265627861,0.30949079990386963,-0.5775123834609985,-0.07068220525979996,-0.3519805371761322,-0.03964221477508545,-0.08165536820888519,-0.9445712566375732,-0.17383067309856415,-0.09450426697731018
series_51,-0.04109451547265053,0.4857989251613617,0.42275092005729675,0.5249056816101074,-0.07620880007743835,0.3402811288833618,-0.8402413725852966,-0.06413894146680832,-0.5271319150924683,-0.2234814614057541,-0.6261615753173828,-0.2266973853111267,-0.15593597292900085,0.379970908164978,0.055443502962589264,-0.6667526960372925,-0.852254331111908,0.2854633927345276,0.2674800455570221,-0.5426772832870483,-0.4409540295600891,0.18825416266918182,0.5398244261741638,0.2506888508796692,0.007166909985244274,-0.3711017072200775,0.2625589370727539,0.33361971378326416,0.24024902284145355,-0.17619282007217407,-0.5236158967018127,0.040847767144441605,0.08638886362314224,-0.3198462724685669,-0.11163541674613953,-0.034752100706100464,-0.23007619380950928,-0.7545506954193115,0.11470715701580048,0.3818875849246979,0.1105913370847702,-0.1007537767291069,0.5775306224822998,-0.33674195408821106,0.5677222013473511,-0.24063056707382202,-0.4160046875476837,-0.4345245957374573,-0.06451373547315598,-0.10372152924537659,-0.2914391756057739,-0.16647210717201233,0.4494699537754059,0.3900282680988312,0.16720256209373474,0.48340171575546265,-0.7237375378608704,-0.058316122740507126,-0.3875540494918823,0.13303321599960327,-0.02188556082546711,-1.1016697883605957,-0.2545551061630249,-0.06206701323390007
series_52,0.01424581091850996,0.2729690372943878,0.3050191402435303,0.4554375410079956,-0.05483321473002434,0.24272507429122925,-0.47862109541893005,-0.09334663301706314,-0.3756638765335083,-0.1322031021118164,-0.36948075890541077,-0.19995084404945374,-0.19343192875385284,0.23587454855442047,0.015378320589661598,-0.49232667684555054,-0.5506733059883118,0.1602102369070053,0.21031245589256287,-0.29144272208213806,-0.2817906439304352,0.10450920462608337,0.3329092562198639,0.14498642086982727,0.034967586398124695,-0.20607884228229523,0.23827369511127472,0.32062000036239624,0.24055896699428558,-0.13012200593948364,-0.36376965045928955,-0.04494192823767662,0.1046585664153099,-0.21423687040805817,-0.03163282945752144,0.03130846098065376,-0.032966114580631256,-0.5230134129524231,-0.011065887287259102,0.30436062812805176,0.02294095791876316,-0.15256693959236145,0.31137901544570923,-0.2518480122089386,0.39641082286834717,-0.1903134137392044,-0.2790049612522125,-0.29115280508995056,0.03181570768356323,-0.1768931746482849,-0.18934686481952667,0.05162626504898071,0.298989862203598,0.26925772428512573,0.11765196174383163,0.23072457313537598,-0.488097220659256,-0.02205735072493553,-0.27132079005241394,-0.06996407359838486,-0.08771467953920364,-0.7354289889335632,-0.14040257036685944,-0.08288563787937164
series_53,-0.01397057343274355,0.42931652069091797,0.3845917284488678,0.5063257813453674,-0.06507063657045364,0.31141144037246704,-0.7124879956245422,-0.07658474892377853,-0.47894608974456787,-0.19580882787704468,-0.5275298357009888,-0.20650114119052887,-0.1782039999961853,0.33460572361946106,0.04668255150318146,-0.6116929054260254,-0.7352991700172424,0.23697981238365173,0.2412426918745041,-0.42716479301452637,-0.38097602128982544,0.14193139970302582,0.444504976272583,0.1924668550491333,0.017739050090312958,-0.3269103467464447,0.2734021544456482,0.33579036593437195,0.2737349569797516,-0.160131573677063,-0.4822017550468445,0.004961361177265644,0.08913265913724899,-0.274986207485199,-0.09435968101024628,-0.013230311684310436,-0.12709034979343414,-0.6875887513160706,0.05899365246295929,0.36871078610420227,0.08378878235816956,-0.1457892656326294,0.47653132677078247,-0.31859853863716125,0.5101153254508972,-0.22393649816513062,-0.3604510426521301,-0.38699060678482056,-0.021319309249520302,-0.15647128224372864,-0.27808886766433716,-0.08373361080884933,0.3897702991962433,0.34870705008506775,0.15353499352931976,0.38699689507484436,-0.6451202034950256,-0.037351127713918686,-0.35601556301116943,0.05045831948518753,-0.05982833355665207,-1.0018713474273682,-0.2157665491104126,-0.0692133679986
series_54,-0.02371998503804207,0.45041394233703613,0.40414682030677795,0.5139289498329163,-0.036289896816015244,0.33837732672691345,-0.7499042749404907,-0.0859910324215889,-0.5000916719436646,-0.2235766500234604,-0.5741007924079895,-0.2407526820898056,-0.17450456321239471,0.35878822207450867,0.046541906893253326,-0.6321494579315186,-0.7980853915214539,0.2533137798309326,0.2634951174259186,-0.49891796708106995,-0.39025619626045227,0.1407962143421173,0.503638744354248,0.22175274789333344,0.010792802087962627,-0.33649030327796936,0.2606769800186157,0.35829871892929077,0.2553810179233551,-0.1642737090587616,-0.4936318099498749,0.011664425022900105,0.10266907513141632,-0.2987334728240967,-0.08903108537197113,-0.027058623731136322,-0.17494624853134155,-0.7103855013847351,0.06911805272102356,0.3893933892250061,0.10057714581489563,-0.11270638555288315,0.5108352899551392,-0.33253392577171326,0.5453629493713379,-0.24120864272117615,-0.3867219388484955,-0.4036215841770172,-0.03527095168828964,-0.12198713421821594,-0.27698683738708496,-0.10919622331857681,0.41894277930259705,0.37280622124671936,0.143087238073349,0.40503302216529846,-0.6575391888618469,-0.056046608835458755,-0.3787047564983368,0.05825807899236679,-0.05770629644393921,-1.0422981977462769,-0.22075359523296356,-0.0678163394331932
series_55,0.015315438620746136,0.29790326952934265,0.39551812410354614,0.5256701707839966,-0.09616431593894958,0.2662211060523987,-0.4688577353954315,-0.06893357634544373,-0.3830845355987549,-0.1221330463886261,-0.3733820617198944,-0.193362295627594,-0.1816246062517166,0.28785523772239685,-0.039360009133815765,-0.4831390082836151,-0.5612358450889587,0.159587100148201,0.1991962194442749,-0.24690522253513336,-0.2942768335342407,0.12842267751693726,0.31665053963661194,0.1965899020433426,0.08532026410102844,-0.21370312571525574,0.27779093384742737,0.2924827039241791,0.2993205487728119,-0.16964519023895264,-0.40651145577430725,-0.03389624133706093,0.10607921332120895,-0.2100011110305786,-0.08489298820495605,0.049461010843515396,-0.04314254969358444,-0.5978928208351135,-0.03190714120864868,0.34873586893081665,0.00743842264637351,-0.17949357628822327,0.35211658477783203,-0.20204563438892365,0.40285220742225647,-0.17277997732162476,-0.30250102281570435,-0.294393926858902,0.08044681698083878,-0.20518019795417786,-0.19675421714782715,0.08576825261116028,0.32542315125465393,0.3223779797554016,0.12565124034881592,0.2049672156572342,-0.5511960387229919,-0.06738834083080292,-0.31213146448135376,-0.08854717016220093,-0.06403209269046783,-0.7714428305625916,-0.07036366313695908,-0.10752133280038834
series_56,-0.004969772882759571,0.3925867974758148,0.3576923906803131,0.4899907112121582,-0.05657759681344032,0.29081547260284424,-0.6531953811645508,-0.0808701440691948,-0.4478279650211334,-0.1852765679359436,-0.4875965714454651,-0.19860927760601044,-0.17347058653831482,0.3083789646625519,0.04779059439897537,-0.5776723623275757,-0.6792997121810913,0.20463986694812775,0.23727615177631378,-0.38946911692619324,-0.3620171546936035,0.11396145820617676,0.4191465377807617,0.17736971378326416,0.00831750687211752,-0.29690614342689514,0.2542409896850586,0.3424449861049652,0.2562101185321808,-0.14646846055984497,-0.45239970088005066,-0.013890783302485943,0.10853923112154007,-0.25288745760917664,-0.06949001550674438,-0.004569794051349163,-0.09882190078496933,-0.630750834941864,0.028147784993052483,0.3505919873714447,0.06992800533771515,-0.14797838032245636,0.43061256408691406,-0.3057313859462738,0.48755019903182983,-0.2130240947008133,-0.34305545687675476,-0.35776063799858093,-0.010617339052259922,-0.17142808437347412,-0.25602003931999207,-0.05321533977985382,0.3525480031967163,0.3325958251953125,0.13157139718532562,0.3443441092967987,-0.5929398536682129,-0.027808446437120438,-0.3345629572868347,0.01961379684507847,-0.08066911995410919,-0.931267499923706,-0.21152304112911224,-0.05985100194811821
series_57,-0.01789078488945961,0.44796136021614075,0.3957904279232025,0.5205454230308533,-0.07199490070343018,0.3197123408317566,-0.7387133836746216,-0.07831025868654251,-0.49606120586395264,-0.20278455317020416,-0.5538067817687988,-0.2115979641675949,-0.1776461899280548,0.35331830382347107,0.040411703288555145,-0.6272755861282349,-0.7694063782691956,0.2530202269554138,0.24301482737064362,-0.4544150233268738,-0.3912631869316101,0.1567607969045639,0.4626184105873108,0.20905032753944397,0.014738972298800945,-0.340406596660614,0.2718948721885681,0.3338715136051178,0.2692398726940155,-0.16439621150493622,-0.4912280738353729,0.011327479965984821,0.09005947411060333,-0.285214900970459,-0.10539498925209045,-0.016146738082170486,-0.15287166833877563,-0.7033140063285828,0.07618407905101776,0.37641945481300354,0.09029634296894073,-0.13584764301776886,0.5089026093482971,-0.32215604186058044,0.523496150970459,-0.23282107710838318,-0.3687664568424225,-0.39563828706741333,-0.029542023316025734,-0.13394537568092346,-0.2749498784542084,-0.10197792202234268,0.4113718867301941,0.36107680201530457,0.15552890300750732,0.4062036871910095,-0.6664157509803772,-0.048837412148714066,-0.3625921607017517,0.06702090799808502,-0.053464725613594055,-1.0288496017456055,-0.22129862010478973,-0.06565971672534943
series_58,-0.007619981653988361,0.3947959244251251,0.3872515559196472,0.5189974308013916,-0.03358333185315132,0.30828580260276794,-0.6311805248260498,-0.10793782025575638,-0.4716535210609436,-0.19907911121845245,-0.5043572783470154,-0.2401481717824936,-0.20216570794582367,0.3331010937690735,0.015547173097729683,-0.6023997664451599,-0.7255630493164062,0.22893430292606354,0.23100215196609497,-0.4234321415424347,-0.33761024475097656,0.12118193507194519,0.4305982291698456,0.19044557213783264,0.01720518246293068,-0.288910448551178,0.26818984746932983,0.3496585786342621,0.2684328854084015,-0.15500985085964203,-0.4494408071041107,-0.02338540181517601,0.11742600798606873,-0.26255977153778076,-0.08111651241779327,0.010734581388533115,-0.11047761887311935,-0.6404554843902588,0.03531886637210846,0.37813982367515564,0.06863752752542496,-0.12756386399269104,0.4484054148197174,-0.3116951286792755,0.4908154606819153,-0.2398073375225067,-0.3300745189189911,-0.35977140069007874,-0.0031710427720099688,-0.12668192386627197,-0.23062875866889954,-0.032878369092941284,0.39261165261268616,0.342117577791214,0.12539196014404297,0.32422497868537903,-0.5975208878517151,-0.05960869416594505,-0.3379499316215515,-0.010670198127627373,-0.07945692539215088,-0.9483644962310791,-0.18536712229251862,-0.08061425387859344
series_59,-0.06872737407684326,0.49308180809020996,0.46385306119918823,0.5283650159835815,-0.11041523516178131,0.36440813541412354,-0.9664338827133179,-0.011795664206147194,-0.5564735531806946,-0.2055048942565918,-0.6876317262649536,-0.26454228162765503,-0.06973917782306671,0.42846059799194336,0.03936363756656647,-0.6733720302581787,-0.9660624265670776,0.34254398941993713,0.30481013655662537,-0.6764897704124451,-0.5077148079872131,0.2748839855194092,0.6677471399307251,0.345278799533844,0.03776494786143303,-0.4234413206577301,0.2623552680015564,0.327474445104599,0.2143937051296234,-0.21928663551807404,-0.5640106797218323,0.09427953511476517,0.06022120639681816,-0.40126049518585205,-0.11802193522453308,-0.06522031128406525,-0.36963003873825073,-0.8550881743431091,0.1869964599609375,0.39457643032073975,0.14227381348609924,-0.053463395684957504,0.6758400201797485,-0.3457154929637909,0.6296983957290649,-0.25102299451828003,-0.4965425133705139,-0.49798524379730225,-0.09152429550886154,-0.0853554904460907,-0.3003820478916168,-0.2281251847743988,0.5210463404655457,0.4189395010471344,0.18452589213848114,0.5879395604133606,-0.8231381773948669,-0.10315512865781784,-0.4223787486553192,0.20355762541294098,0.06498201191425323,-1.1410757303237915,-0.24227099120616913,-0.09947767853736877
series_60,0.027544941753149033,0.3322245478630066,0.3495495617389679,0.47496649622917175,-0.071316659450531,0.2492368519306183,-0.5276815295219421,-0.06753229349851608,-0.3816506266593933,-0.1464526504278183,-0.3953629434108734,-0.1835431009531021,-0.17208980023860931,0.27282387018203735,0.009777793660759926,-0.5045744776725769,-0.5613946318626404,0.160543292760849,0.20861025154590607,-0.2771094739437103,-0.3032134175300598,0.10414081811904907,0.33061185479164124,0.1536685973405838,0.044978100806474686,-0.24017684161663055,0.2614273726940155,0.2951795160770416,0.2762371003627777,-0.14177806675434113,-0.4071921408176422,-0.031394872814416885,0.1045047789812088,-0.21077564358711243,-0.05918553099036217,0.018806103616952896,-0.03769918531179428,-0.5709715485572815,-0.0165571141988039,0.32618144154548645,0.03234817832708359,-0.18123987317085266,0.3405638337135315,-0.24959982931613922,0.417813777923584,-0.18673507869243622,-0.29941970109939575,-0.3114502429962158,0.024386433884501457,-0.1979551911354065,-0.22659210860729218,0.03290748596191406,0.3005910813808441,0.29931411147117615,0.1352090984582901,0.25034648180007935,-0.5348990559577942,-0.03565260395407677,-0.3007509112358093,-0.04172365739941597,-0.08165615051984787,-0.8005215525627136,-0.1329629123210907,-0.0740911141037941
series_61,-0.03214343264698982,0.471564382314682,0.4190838038921356,0.5287253260612488,-0.058634091168642044,0.3411058187484741,-0.7941359877586365,-0.08007476478815079,-0.5209283828735352,-0.22302602231502533,-0.6019248962402344,-0.23306508362293243,-0.17206846177577972,0.37647002935409546,0.04646986722946167,-0.6582428216934204,-0.8279995322227478,0.27858713269233704,0.25812020897865295,-0.5230311751365662,-0.41497960686683655,0.1705525666475296,0.5134445428848267,0.2362218201160431,0.007826368324458599,-0.35540148615837097,0.2634914815425873,0.3416152894496918,0.2514213025569916,-0.170595183968544,-0.508736789226532,0.024908576160669327,0.08901222795248032,-0.3128688931465149,-0.10724067687988281,-0.027509644627571106,-0.19915124773979187,-0.7314785122871399,0.09894847869873047,0.3894839584827423,0.1013326644897461,-0.10758941620588303,0.5504966378211975,-0.335432231426239,0.5514873266220093,-0.24347476661205292,-0.39014893770217896,-0.41846632957458496,-0.05107270926237106,-0.1034936010837555,-0.27956637740135193,-0.13799160718917847,0.441508024930954,0.37941139936447144,0.15350280702114105,0.4475305676460266,-0.6969156861305237,-0.05882648006081581,-0.37752920389175415,0.0993756428360939,-0.03747594356536865,-1.0793592929840088,-0.23881356418132782,-0.06703028082847595
series_62,-0.014710483141243458,0.4259878993034363,0.3869733512401581,0.5071529746055603,-0.07527812570333481,0.30713149905204773,-0.7078503370285034,-0.06637582927942276,-0.47586143016815186,-0.1897357851266861,-0.5181201696395874,-0.20412129163742065,-0.16670817136764526,0.3376827538013458,0.039323173463344574,-0.6029935479164124,-0.7364682555198669,0.2277345210313797,0.2346852868795395,-0.4176309406757355,-0.3827158510684967,0.14204531908035278,0.4433949291706085,0.20161011815071106,0.021551597863435745,-0.3276732861995697,0.27424710988998413,0.32966065406799316,0.2745380401611328,-0.16820448637008667,-0.48278042674064636,0.0048498110845685005,0.0943034291267395,-0.2701185941696167,-0.10101437568664551,-0.011654834263026714,-0.13532237708568573,-0.6909215450286865,0.04938134551048279,0.3690498173236847,0.08403798937797546,-0.14974939823150635,0.4813140630722046,-0.3157559335231781,0.5018967986106873,-0.21937203407287598,-0.3671674430370331,-0.37915071845054626,-0.020047934725880623,-0.16294759511947632,-0.2812614440917969,-0.07632232457399368,0.3853878080844879,0.3517201840877533,0.1513344794511795,0.38188910484313965,-0.6446259617805481,-0.040651801973581314,-0.3545936346054077,0.046721868216991425,-0.05458337813615799,-0.9862483143806458,-0.20918017625808716,-0.06723682582378387
series_63,0.03555624559521675,0.23317863047122955,0.31616538763046265,0.4397960901260376,-0.10268525779247284,0.1954451948404312,-0.37681958079338074,-0.04164836183190346,-0.2931096851825714,-0.09914466738700867,-0.2892473340034485,-0.14962883293628693,-0.1452023833990097,0.2092600017786026,-0.021034980192780495,-0.38582220673561096,-0.4117065370082855,0.09353293478488922,0.18544939160346985,-0.16673395037651062,-0.2578469216823578,0.09936866164207458,0.2618315517902374,0.1569882184267044,0.07527092099189758,-0.15688857436180115,0.22642551362514496,0.23517614603042603,0.24989436566829681,-0.13749343156814575,-0.33640411496162415,-0.04128384217619896,0.10880570858716965,-0.16631260514259338,-0.036680277436971664,0.04538246989250183,-0.007995090447366238,-0.4744727909564972,-0.07247833907604218,0.2724400758743286,-0.015487460419535637,-0.18616613745689392,0.2520466446876526,-0.15455292165279388,0.32592451572418213,-0.13339731097221375,-0.26271262764930725,-0.2342970222234726,0.06416771560907364,-0.21232382953166962,-0.1774861067533493,0.11306207627058029,0.22138972580432892,0.2755989730358124,0.11299309879541397,0.15759527683258057,-0.45395123958587646,-0.03773970901966095,-0.2542438805103302,-0.08894672244787216,-0.06264287233352661,-0.6032750010490417,-0.05546323582530022,-0.07938773930072784
series_64,0.02866937592625618,0.2545432150363922,0.324253648519516,0.4574756324291229,-0.08274142444133759,0.22314870357513428,-0.42155352234840393,-0.06263311952352524,-0.33031243085861206,-0.108229860663414,-0.3263285160064697,-0.17807981371879578,-0.1697356253862381,0.2271561622619629,-0.012761453166604042,-0.43405938148498535,-0.4845890998840332,0.1217225193977356,0.19290803372859955,-0.21348883211612701,-0.26828184723854065,0.10777781903743744,0.2871358394622803,0.15541978180408478,0.06881673634052277,-0.1784868836402893,0.24662937223911285,0.2747991681098938,0.259442538022995,-0.14047639071941376,-0.3595496714115143,-0.04765092954039574,0.11959388107061386,-0.18251442909240723,-0.0463065579533577,0.04365883395075798,-0.013445860706269741,-0.514221727848053,-0.0513031929731369,0.29292061924934387,0.003711686935275793,-0.17313534021377563,0.28601571917533875,-0.19599033892154694,0.3689073324203491,-0.15909793972969055,-0.2746131420135498,-0.26217445731163025,0.058567389845848083,-0.2043427675962448,-0.17858412861824036,0.09060121327638626,0.26095497608184814,0.280183881521225,0.11780133098363876,0.1830780804157257,-0.4776984453201294,-0.04402134194970131,-0.275586873292923,-0.09129135310649872,-0.07843291759490967,-0.6752009391784668,-0.08187346905469894,-0.08716899156570435
series_65,0.014045360498130322,0.36437976360321045,0.3609665036201477,0.4951089918613434,-0.08739515393972397,0.27319616079330444,-0.5866186618804932,-0.07063782960176468,-0.4188215136528015,-0.15108631551265717,-0.4281464219093323,-0.18639740347862244,-0.17700687050819397,0.2920190095901489,0.01229790411889553,-0.530055582523346,-0.6166467070579529,0.18380720913410187,0.21785540878772736,-0.31073281168937683,-0.32552656531333923,0.13263505697250366,0.3559197783470154,0.16648198664188385,0.05262821540236473,-0.27675706148147583,0.28148528933525085,0.30585137009620667,0.2963311970233917,-0.1561608612537384,-0.43826723098754883,-0.011827620677649975,0.08655910938978195,-0.2345975935459137,-0.08151869475841522,0.013872296549379826,-0.05651254206895828,-0.6265886425971985,0.015138281509280205,0.3441891372203827,0.04779632389545441,-0.1905187964439392,0.39142483472824097,-0.26461905241012573,0.4405806362628937,-0.19337116181850433,-0.31451380252838135,-0.3408749997615814,0.026593273505568504,-0.19863468408584595,-0.24997904896736145,0.004572130739688873,0.3389320373535156,0.3164699375629425,0.15502898395061493,0.28827571868896484,-0.5884421467781067,-0.04140244796872139,-0.32406705617904663,-0.01767030917108059,-0.06922437250614166,-0.8678753972053528,-0.14135359227657318,-0.08711791038513184
series_66,0.019384916871786118,0.3177875280380249,0.38806548714637756,0.4938400983810425,0.01072518341243267,0.28819385170936584,-0.5017339587211609,-0.141325905919075,-0.43286845088005066,-0.16772638261318207,-0.4526314437389374,-0.28954288363456726,-0.2523197829723358,0.2975797653198242,-0.03378988802433014,-0.5611463189125061,-0.7255510091781616,0.19329485297203064,0.19535551965236664,-0.43246346712112427,-0.23242491483688354,0.08603459596633911,0.4364503026008606,0.1994026154279709,0.034598346799612045,-0.18379826843738556,0.28658854961395264,0.3479629158973694,0.2576311230659485,-0.13519856333732605,-0.3956938683986664,-0.03126665577292442,0.13269756734371185,-0.2658417820930481,-0.06704451143741608,0.05840061604976654,-0.10337965935468674,-0.6030454039573669,0.021998686715960503,0.3924928307533264,0.05153445154428482,-0.06440611928701401,0.3805440664291382,-0.256529837846756,0.45705151557922363,-0.26799124479293823,-0.28567978739738464,-0.3219671845436096,0.03977889567613602,-0.08213244378566742,-0.16964533925056458,0.07427691668272018,0.4190734624862671,0.303492933511734,0.11918794363737106,0.2271883636713028,-0.5269020795822144,-0.08702722936868668,-0.34892067313194275,-0.13383598625659943,-0.08551366627216339,-0.8398258090019226,-0.06847012042999268,-0.12073957920074463
series_67,-0.054587479680776596,0.49291592836380005,0.4482581913471222,0.5266536474227905,-0.08662694692611694,0.357543021440506,-0.8964352607727051,-0.04464566335082054,-0.5443881750106812,-0.21873576939105988,-0.6517518758773804,-0.2502923011779785,-0.12249377369880676,0.411764919757843,0.041136935353279114,-0.6705396175384521,-0.9200463891029358,0.3144207298755646,0.27299827337265015,-0.6097888350486755,-0.4590492248535156,0.22859883308410645,0.5968221426010132,0.29827117919921875,0.025184664875268936,-0.40141767263412476,0.2694973945617676,0.3309866189956665,0.24216009676456451,-0.20136520266532898,-0.5470967888832092,0.06138567999005318,0.07664314657449722,-0.36268696188926697,-0.1268705427646637,-0.0479072704911232,-0.2942931354045868,-0.8116963505744934,0.14675197005271912,0.40004774928092957,0.12705780565738678,-0.08006467670202255,0.630225419998169,-0.34533700346946716,0.5993548631668091,-0.25183165073394775,-0.45018038153648376,-0.4621317684650421,-0.08069261163473129,-0.0870223343372345,-0.29846641421318054,-0.18576622009277344,0.4872798025608063,0.40589043498039246,0.17042554914951324,0.5274600386619568,-0.7688997983932495,-0.08603759855031967,-0.4068377912044525,0.1551501601934433,0.017300141975283623,-1.1240525245666504,-0.2389150708913803,-0.08053449541330338
series_68,0.04422491043806076,0.06273563206195831,0.16015833616256714,0.22301870584487915,-0.05009151250123978,0.10655562579631805,-0.1343957483768463,-0.0356353223323822,-0.12488359957933426,0.007342790253460407,-0.14580468833446503,-0.15418823063373566,-0.16804322600364685,0.05420135334134102,-0.0794856995344162,-0.19994355738162994,-0.2678244709968567,-0.027756016701459885,0.11450597643852234,-0.1444023847579956,-0.0879824161529541,0.05316675081849098,0.18596267700195312,0.13949421048164368,0.0962885245680809,0.034410279244184494,0.13660356402397156,0.1207924485206604,0.11510463804006577,-0.07068344950675964,-0.13570266962051392,-0.009686983190476894,0.10030017048120499,-0.12414882332086563,-0.008415911346673965,0.07002023607492447,-0.042735107243061066,-0.24712277948856354,-0.056702662259340286,0.17431335151195526,-0.05874941870570183,-0.05438157543540001,0.09948345273733139,-0.010266630910336971,0.158879816532135,-0.08496305346488953,-0.15582701563835144,-0.10071834921836853,0.07977937906980515,-0.07533665746450424,-0.07953578978776932,0.19366630911827087,0.13446690142154694,0.15954908728599548,0.08019911497831345,0.04390622302889824,-0.2537304759025574,-0.018874134868383408,-0.1749705672264099,-0.13209298253059387,-0.02613845281302929,-0.22571240365505219,0.05073215067386627,-0.06448724865913391
series_69,0.019921299070119858,0.32007265090942383,0.3270138204097748,0.4603591561317444,-0.0678320974111557,0.24083268642425537,-0.5243495106697083,-0.07418736070394516,-0.38000333309173584,-0.14987176656723022,-0.3922187089920044,-0.1725320965051651,-0.1696126013994217,0.2553294003009796,0.02694650925695896,-0.502091646194458,-0.5450245141983032,0.1545802354812622,0.21241888403892517,-0.2790164053440094,-0.30847471952438354,0.09456565976142883,0.33287620544433594,0.14539965987205505,0.026289578527212143,-0.2363623082637787,0.24115626513957977,0.3032166659832001,0.25500497221946716,-0.13073143362998962,-0.39458855986595154,-0.033800672739744186,0.10601598769426346,-0.20867404341697693,-0.04220162332057953,0.02320992946624756,-0.03332486003637314,-0.5401806235313416,-0.01609020121395588,0.3080367147922516,0.027979278936982155,-0.17717958986759186,0.3304229974746704,-0.2550010085105896,0.4123569428920746,-0.18319715559482574,-0.29145440459251404,-0.30530911684036255,0.017068324610590935,-0.19675078988075256,-0.21992602944374084,0.024486005306243896,0.28658655285835266,0.2897559404373169,0.12277527898550034,0.2601398825645447,-0.5178162455558777,-0.017567556351423264,-0.28484129905700684,-0.029874766245484352,-0.08475282043218613,-0.7826254963874817,-0.15987634658813477,-0.06748947501182556
series_70,-0.02309698984026909,0.39940640330314636,0.3727121949195862,0.5098972916603088,-0.022372623905539513,0.32554370164871216,-0.671880841255188,-0.10750196129083633,-0.4860689342021942,-0.20882628858089447,-0.5327396988868713,-0.25425291061401367,-0.19252189993858337,0.32995542883872986,0.040363334119319916,-0.6114367246627808,-0.7653742432594299,0.23790724575519562,0.2544952630996704,-0.4763924181461334,-0.35838305950164795,0.12196372449398041,0.4797770082950592,0.2015378624200821,0.008363830856978893,-0.2973468005657196,0.2515615224838257,0.3749941289424896,0.24003717303276062,-0.15582424402236938,-0.4549150764942169,-0.01425024401396513,0.12040568143129349,-0.28209173679351807,-0.06892315298318863,-0.005453838966786861,-0.14282441139221191,-0.654079258441925,0.047047510743141174,0.37781819701194763,0.08865191042423248,-0.10795830935239792,0.4695316553115845,-0.32951709628105164,0.5151742696762085,-0.24621422588825226,-0.35116568207740784,-0.3750847578048706,-0.015328892506659031,-0.12173837423324585,-0.2390853464603424,-0.06625333428382874,0.4051002562046051,0.3477488160133362,0.11988300830125809,0.35433217883110046,-0.6059467196464539,-0.0522843562066555,-0.3542746901512146,0.007424244657158852,-0.07699643820524216,-0.9690316319465637,-0.2102738320827484,-0.07770940661430359
series_71,0.033350322395563126,0.04203912988305092,0.15401381254196167,0.2172812819480896,-0.047112345695495605,0.1067299172282219,-0.12535180151462555,-0.02750300243496895,-0.11145918816328049,0.010827374644577503,-0.13338160514831543,-0.1451728790998459,-0.16064687073230743,0.05046719312667847,-0.07377809286117554,-0.1855175644159317,-0.25659748911857605,-0.018478548154234886,0.10280222445726395,-0.13625992834568024,-0.08973509073257446,0.056902799755334854,0.18142320215702057,0.13697734475135803,0.0995560884475708,0.032127074897289276,0.13309334218502045,0.12722045183181763,0.11000078916549683,-0.07445026934146881,-0.13629844784736633,-0.018703598529100418,0.10300985723733902,-0.11371566355228424,-0.011255089193582535,0.069711834192276,-0.039323657751083374,-0.24972450733184814,-0.06403277814388275,0.1657072752714157,-0.05590596795082092,-0.041721779853105545,0.09741053730249405,-0.01735920086503029,0.1642112135887146,-0.08093084394931793,-0.15432749688625336,-0.08969499915838242,0.07482943683862686,-0.08336200565099716,-0.0705326646566391,0.18188846111297607,0.11876234412193298,0.1558484137058258,0.06784700602293015,0.037432633340358734,-0.23584873974323273,-0.02204272523522377,-0.1696782410144806,-0.13414266705513,-0.021075652912259102,-0.21686266362667084,0.045439399778842926,-0.05324506759643555
series_72,0.008857387118041515,0.36696502566337585,0.3647337257862091,0.4951913058757782,-0.06317825615406036,0.28444409370422363,-0.5943694114685059,-0.0740552470088005,-0.42282670736312866,-0.1655873954296112,-0.44508373737335205,-0.199332132935524,-0.17262907326221466,0.2992432117462158,0.02214335836470127,-0.5393121838569641,-0.634397566318512,0.18456844985485077,0.22649209201335907,-0.33595603704452515,-0.3358137309551239,0.11327804625034332,0.37952011823654175,0.17432504892349243,0.03716132789850235,-0.27295857667922974,0.2681838274002075,0.32957038283348083,0.28010377287864685,-0.15252208709716797,-0.43805447220802307,-0.025002915412187576,0.10943631082773209,-0.2361469566822052,-0.07087526470422745,0.004427400417625904,-0.07162245362997055,-0.6259589791297913,0.002477629343047738,0.3499286472797394,0.05563008785247803,-0.1656058430671692,0.39812174439430237,-0.27813801169395447,0.4631677567958832,-0.19840550422668457,-0.33160102367401123,-0.33895912766456604,0.016768096014857292,-0.1927734613418579,-0.2468344271183014,-0.0079566091299057,0.3377474844455719,0.3269693851470947,0.13632173836231232,0.2931083142757416,-0.5769502520561218,-0.04493504390120506,-0.3333951532840729,-0.024176282808184624,-0.08156925439834595,-0.8834843039512634,-0.1592969000339508,-0.07632181793451309
series_73,0.00023206602782011032,0.4081110954284668,0.3764931857585907,0.5068663954734802,-0.07776685059070587,0.29536110162734985,-0.657453179359436,-0.07497858256101608,-0.45672380924224854,-0.17681404948234558,-0.48646995425224304,-0.19501622021198273,-0.17921662330627441,0.3202824592590332,0.030126990750432014,-0.5783339738845825,-0.6838909983634949,0.21530777215957642,0.22878608107566833,-0.37279441952705383,-0.3568243086338043,0.13732127845287323,0.40071457624435425,0.18062284588813782,0.031184140592813492,-0.3091925084590912,0.278043270111084,0.32254499197006226,0.2880827486515045,-0.15732955932617188,-0.4647831618785858,-0.00428346823900938,0.0874045118689537,-0.2562423348426819,-0.09341821819543839,-0.0006370796472765505,-0.09340358525514603,-0.6636312007904053,0.04179149866104126,0.359963983297348,0.06848912686109543,-0.17054501175880432,0.44367069005966187,-0.2948402166366577,0.4819507598876953,-0.21137839555740356,-0.3383544385433197,-0.3662065863609314,0.0006075712735764682,-0.17524856328964233,-0.26561763882637024,-0.04653061926364899,0.36990121006965637,0.33614233136177063,0.15345610678195953,0.34477952122688293,-0.6232880353927612,-0.04085616394877434,-0.3443320691585541,0.021568508818745613,-0.06640833616256714,-0.95079505443573,-0.18339429795742035,-0.07518736273050308
series_74,-0.006063808687031269,0.4036833643913269,0.39628276228904724,0.5173713564872742,-0.02109728567302227,0.3191430866718292,-0.6479319334030151,-0.11522265523672104,-0.4779514670372009,-0.20494435727596283,-0.5195756554603577,-0.24685128033161163,-0.20763444900512695,0.3398250639438629,0.014685215428471565,-0.611847460269928,-0.745189368724823,0.2398642599582672,0.22854503989219666,-0.4498858153820038,-0.33694931864738464,0.12591113150119781,0.44477033615112305,0.1951940357685089,0.008721697144210339,-0.29186639189720154,0.27299535274505615,0.34984061121940613,0.27388259768486023,-0.14935746788978577,-0.4617862403392792,-0.01239281427115202,0.10877186059951782,-0.27955561876296997,-0.08297301083803177,0.0054375166073441505,-0.12045296281576157,-0.6531740427017212,0.050541117787361145,0.3881186544895172,0.06736484915018082,-0.11001046746969223,0.4594757854938507,-0.3144678473472595,0.5014393329620361,-0.24801233410835266,-0.33362990617752075,-0.37398526072502136,-0.011095785535871983,-0.11138325929641724,-0.2304030954837799,-0.03903087228536606,0.40720438957214355,0.3482758402824402,0.13120804727077484,0.33842960000038147,-0.6131120324134827,-0.06445302069187164,-0.3451630175113678,-0.007466321811079979,-0.0798172801733017,-0.9744768142700195,-0.17991937696933746,-0.08667274564504623
series_75,-0.06167842075228691,0.4920007586479187,0.44431376457214355,0.5287390947341919,-0.09929539263248444,0.35650765895843506,-0.9261968731880188,-0.03309955820441246,-0.5482299327850342,-0.21338412165641785,-0.6694239377975464,-0.24997438490390778,-0.10461598634719849,0.41078007221221924,0.04946593940258026,-0.6776164770126343,-0.9337441921234131,0.32142746448516846,0.28896448016166687,-0.6283031105995178,-0.48809343576431274,0.2419094294309616,0.622702956199646,0.3126368522644043,0.020610880106687546,-0.4028480648994446,0.2571506202220917,0.3320465385913849,0.21578426659107208,-0.20505863428115845,-0.5482394099235535,0.0725475326180458,0.07871846109628677,-0.36657094955444336,-0.11889971792697906,-0.05425485968589783,-0.32170358300209045,-0.8133142590522766,0.15597191452980042,0.38781461119651794,0.13460838794708252,-0.06898676604032516,0.6468961238861084,-0.3474833071231842,0.6040875911712646,-0.2495221644639969,-0.4675164520740509,-0.4707513749599457,-0.08536063879728317,-0.08788752555847168,-0.2948067784309387,-0.21122997999191284,0.4949663281440735,0.4097541570663452,0.17362473905086517,0.554179847240448,-0.7826475501060486,-0.08042075484991074,-0.40376895666122437,0.18295489251613617,0.027806786820292473,-1.125548243522644,-0.26163560152053833,-0.07731306552886963
series_76,0.00932880025357008,0.3698809742927551,0.3938390910625458,0.5159845352172852,-0.0797758623957634,0.29187077283859253,-0.5947813987731934,-0.07048217207193375,-0.4274604916572571,-0.15634600818157196,-0.44213759899139404,-0.2055407613515854,-0.17814971506595612,0.3125598728656769,-0.003615295747295022,-0.542207658290863,-0.6475627422332764,0.1944434493780136,0.21518296003341675,-0.32642510533332825,-0.3343693017959595,0.1375449299812317,0.37320348620414734,0.1877351999282837,0.061567019671201706,-0.2782553434371948,0.29320019483566284,0.31155985593795776,0.3093644678592682,-0.1711224913597107,-0.4514186680316925,-0.011631916277110577,0.09410852193832397,-0.24129241704940796,-0.0940798819065094,0.011979718692600727,-0.07693616300821304,-0.659568727016449,0.010431347414851189,0.3658488392829895,0.05081190913915634,-0.17503264546394348,0.4102020263671875,-0.26781517267227173,0.4553045332431793,-0.19884537160396576,-0.3369728624820709,-0.34704792499542236,0.029467446729540825,-0.1931913197040558,-0.2490813434123993,0.009941421449184418,0.35848596692085266,0.33478912711143494,0.15553075075149536,0.28596267104148865,-0.6055422425270081,-0.05910594388842583,-0.3399477005004883,-0.03531407192349434,-0.06419914960861206,-0.8913735151290894,-0.12681443989276886,-0.09580661356449127
series_77,-0.036708954721689224,0.47188788652420044,0.4105760157108307,0.5221555233001709,-0.07650452852249146,0.3386046886444092,-0.8109883069992065,-0.06462886184453964,-0.5225207805633545,-0.21222001314163208,-0.5999124050140381,-0.23099437355995178,-0.1637660264968872,0.3766498565673828,0.04608231782913208,-0.6511024832725525,-0.843549907207489,0.2842905819416046,0.2551952302455902,-0.5218797922134399,-0.41701263189315796,0.18628938496112823,0.5195378065109253,0.24125558137893677,0.021022025495767593,-0.3723107874393463,0.27372366189956665,0.33769237995147705,0.2610047459602356,-0.17881295084953308,-0.5142382979393005,0.031119156628847122,0.08384466916322708,-0.31637364625930786,-0.11917039752006531,-0.03207504749298096,-0.21120095252990723,-0.7543975710868835,0.10857890546321869,0.38807806372642517,0.11113530397415161,-0.11488359421491623,0.5629279613494873,-0.3395971357822418,0.5596880912780762,-0.2433086633682251,-0.4052087664604187,-0.4249613583087921,-0.05212736874818802,-0.11269047856330872,-0.2901970446109772,-0.14339104294776917,0.4456924796104431,0.3774539530277252,0.16714458167552948,0.46000435948371887,-0.7097317576408386,-0.060454439371824265,-0.3862990736961365,0.1033080518245697,-0.02627735026180744,-1.0769296884536743,-0.2335743010044098,-0.06747473776340485
series_78,0.006761978380382061,0.33958280086517334,0.3287537395954132,0.47921404242515564,-0.06932801753282547,0.26234865188598633,-0.5661783814430237,-0.08064191788434982,-0.415569007396698,-0.15889304876327515,-0.4259830117225647,-0.18654890358448029,-0.17336638271808624,0.2789187431335449,0.028867440298199654,-0.5259507298469543,-0.6106712222099304,0.17693114280700684,0.22435103356838226,-0.3280772864818573,-0.3257618248462677,0.10977934300899506,0.37244606018066406,0.1655522882938385,0.02295355498790741,-0.26342251896858215,0.24443893134593964,0.32892563939094543,0.2513333857059479,-0.14085862040519714,-0.41130712628364563,-0.030137117952108383,0.11058691143989563,-0.23097103834152222,-0.05521766468882561,0.01345036644488573,-0.06616564840078354,-0.5761730670928955,0.0029296858701854944,0.3264298141002655,0.04766678065061569,-0.16096249222755432,0.3787514567375183,-0.27593204379081726,0.44075995683670044,-0.1981033831834793,-0.3155975341796875,-0.31963250041007996,0.017659945413470268,-0.18152818083763123,-0.22899870574474335,-0.0015405563171952963,0.321228951215744,0.3065774440765381,0.12345918267965317,0.28632137179374695,-0.545766294002533,-0.02707235887646675,-0.3039871156215668,-0.02158454619348049,-0.08439438045024872,-0.8319483399391174,-0.1748649775981903,-0.06658346951007843
series_79,0.02413465455174446,0.2815650701522827,0.31768864393234253,0.4566105008125305,-0.07347411662340164,0.22879663109779358,-0.46340495347976685,-0.06852523237466812,-0.35461515188217163,-0.1312093883752823,-0.35841119289398193,-0.17411577701568604,-0.16601169109344482,0.23900379240512848,0.00586090050637722,-0.45901617407798767,-0.5117897987365723,0.137840136885643,0.20260491967201233,-0.24733467400074005,-0.285695880651474,0.09845025837421417,0.3130358159542084,0.15514710545539856,0.04101463407278061,-0.20738014578819275,0.23404419422149658,0.2909252941608429,0.24864821135997772,-0.13033664226531982,-0.3679813742637634,-0.04563196375966072,0.11639674752950668,-0.1952410787343979,-0.03875855728983879,0.029948879033327103,-0.030092768371105194,-0.5154864192008972,-0.03762492537498474,0.293707937002182,0.015159251168370247,-0.16680991649627686,0.3082994222640991,-0.22510649263858795,0.38910555839538574,-0.1704769730567932,-0.2857588827610016,-0.2749407887458801,0.034445762634277344,-0.193823903799057,-0.19380569458007812,0.06052495166659355,0.27003470063209534,0.284343957901001,0.11467374116182327,0.21885105967521667,-0.48737284541130066,-0.032645467668771744,-0.27462488412857056,-0.06586811691522598,-0.08424615859985352,-0.715197741985321,-0.12142730504274368,-0.07110823690891266
series_80,0.03213983401656151,0.28390422463417053,0.3302152454853058,0.46200817823410034,-0.10704489052295685,0.22435393929481506,-0.4607759118080139,-0.05599295720458031,-0.34404850006103516,-0.11224222928285599,-0.33585596084594727,-0.16593427956104279,-0.16403859853744507,0.2367686778306961,-0.014365000650286674,-0.43936556577682495,-0.49505460262298584,0.12357108294963837,0.19944854080677032,-0.2163732498884201,-0.2750484347343445,0.12193843722343445,0.29107987880706787,0.154258131980896,0.07880301028490067,-0.20884181559085846,0.26180896162986755,0.25932252407073975,0.27883127331733704,-0.14829866588115692,-0.382095605134964,-0.01970815286040306,0.08964702486991882,-0.19433064758777618,-0.05610504373908043,0.038203220814466476,-0.018363527953624725,-0.5412929654121399,-0.030195506289601326,0.30140379071235657,0.006670394446700811,-0.20506614446640015,0.30259183049201965,-0.19623415172100067,0.3619442880153656,-0.1585790365934372,-0.2776983678340912,-0.2859206795692444,0.057594507932662964,-0.2138252556324005,-0.21140435338020325,0.08102652430534363,0.2756636142730713,0.28497305512428284,0.14959661662578583,0.19877152144908905,-0.5162528157234192,-0.039353612810373306,-0.2824711501598358,-0.06618518382310867,-0.06583262979984283,-0.7031204104423523,-0.07472693175077438,-0.09327612817287445
series_81,-0.01657709851861,0.4394374489784241,0.38522863388061523,0.5166374444961548,-0.0715176910161972,0.3178902864456177,-0.727458655834198,-0.07861078530550003,-0.4931783378124237,-0.19912567734718323,-0.5452985763549805,-0.21392062306404114,-0.1778324842453003,0.3479849696159363,0.03820285201072693,-0.6173927187919617,-0.7655622363090515,0.2509286105632782,0.24389316141605377,-0.44903892278671265,-0.3834987282752991,0.15555672347545624,0.46004343032836914,0.2063572108745575,0.018249597400426865,-0.33916378021240234,0.27148088812828064,0.3378121256828308,0.2698744833469391,-0.16350845992565155,-0.48460519313812256,0.00868306029587984,0.09165524691343307,-0.2830426096916199,-0.10220644623041153,-0.01591997593641281,-0.14919333159923553,-0.6971917748451233,0.07282619178295135,0.37342846393585205,0.0918956845998764,-0.13918766379356384,0.5021460652351379,-0.3229576647281647,0.5194910168647766,-0.23366108536720276,-0.3668532073497772,-0.3911052644252777,-0.02357039786875248,-0.13738438487052917,-0.27138373255729675,-0.09524224698543549,0.40904197096824646,0.3568923771381378,0.15500305593013763,0.3978174328804016,-0.6575830578804016,-0.047828491777181625,-0.36068040132522583,0.0574149563908577,-0.05628161132335663,-1.0132224559783936,-0.21605533361434937,-0.06720317900180817
series_82,-0.02176448330283165,0.343349426984787,0.3530179262161255,0.4937361180782318,-0.0012370478361845016,0.31363239884376526,-0.6183968782424927,-0.1279687136411667,-0.4551854729652405,-0.20000211894512177,-0.501325249671936,-0.2648646831512451,-0.2097584456205368,0.28395402431488037,0.04181067645549774,-0.6061797142028809,-0.709989607334137,0.23836784064769745,0.2579437792301178,-0.4526379406452179,-0.36137160658836365,0.10908928513526917,0.4691006541252136,0.17945115268230438,-0.002254609949886799,-0.2517766058444977,0.23233897984027863,0.3813662528991699,0.21834483742713928,-0.14827463030815125,-0.41677525639533997,-0.015916448086500168,0.11076156049966812,-0.2723948359489441,-0.0342487096786499,0.004511022008955479,-0.11657866090536118,-0.6060305237770081,0.043338313698768616,0.3585464358329773,0.07375575602054596,-0.08572792261838913,0.4129543602466583,-0.32803380489349365,0.48198387026786804,-0.24998609721660614,-0.34016814827919006,-0.3608938157558441,-0.0163388941437006,-0.1261005401611328,-0.21057617664337158,-0.04753158986568451,0.3833461105823517,0.3145435154438019,0.1160471960902214,0.3307451605796814,-0.5629413723945618,-0.025750141590833664,-0.3133228123188019,-0.01926894299685955,-0.08278381824493408,-0.9075160622596741,-0.22183740139007568,-0.08736412227153778
series_83,-0.06321653723716736,0.5024231672286987,0.4499470889568329,0.5395387411117554,-0.09455227851867676,0.36225080490112305,-0.9371150732040405,-0.03928729519248009,-0.5524920225143433,-0.22489061951637268,-0.6919867992401123,-0.2607504427433014,-0.1038268655538559,0.41551893949508667,0.04603251814842224,-0.684237539768219,-0.9466487169265747,0.3258199393749237,0.3038439154624939,-0.6522284150123596,-0.4958706796169281,0.24708347022533417,0.6414746642112732,0.3193266689777374,0.01602742448449135,-0.4001203775405884,0.24894286692142487,0.33661454916000366,0.19990454614162445,-0.20433300733566284,-0.5469651818275452,0.078262098133564,0.08418834954500198,-0.3694480061531067,-0.10810156166553497,-0.05624404549598694,-0.3365502953529358,-0.809771716594696,0.1643107384443283,0.3899519443511963,0.13404682278633118,-0.05502643808722496,0.6580273509025574,-0.3434084951877594,0.6125015616416931,-0.25039219856262207,-0.4725130498409271,-0.477578341960907,-0.08824989944696426,-0.0696234405040741,-0.2833116054534912,-0.22553592920303345,0.5058136582374573,0.42162010073661804,0.17530269920825958,0.5563271641731262,-0.7901362180709839,-0.09396942704916,-0.40786799788475037,0.19343850016593933,0.025891421362757683,-1.1392359733581543,-0.2643594443798065,-0.07677698135375977
series_84,0.03699865937232971,0.2300872802734375,0.3466968834400177,0.45626625418663025,-0.09076738357543945,0.2148420512676239,-0.3716120421886444,-0.05866220220923424,-0.2992817163467407,-0.09200035035610199,-0.29605966806411743,-0.1846022754907608,-0.17812618613243103,0.21840743720531464,-0.056711483746767044,-0.4049624502658844,-0.4401398003101349,0.09806910902261734,0.1832621842622757,-0.18383005261421204,-0.23499272763729095,0.10613873600959778,0.2579340934753418,0.16260036826133728,0.09748874604701996,-0.14001134037971497,0.2561172842979431,0.23911793529987335,0.27256032824516296,-0.13913264870643616,-0.3448913097381592,-0.027955349534749985,0.09917701035737991,-0.1719779372215271,-0.04390566796064377,0.06603211164474487,-0.009191728197038174,-0.49771663546562195,-0.059446781873703,0.3017179071903229,-0.0329764261841774,-0.17699074745178223,0.25256651639938354,-0.14598312973976135,0.32885879278182983,-0.14406262338161469,-0.2539466321468353,-0.2585032284259796,0.08319757878780365,-0.1953577697277069,-0.16523492336273193,0.14231565594673157,0.2542080879211426,0.28283390402793884,0.13797307014465332,0.13462507724761963,-0.479532390832901,-0.053164444863796234,-0.26328244805336,-0.11510933190584183,-0.0537605807185173,-0.6149412393569946,-0.02086254023015499,-0.1020796149969101
series_85,-0.018748681992292404,0.45785969495773315,0.40514230728149414,0.5355209708213806,-0.039431434124708176,0.3313010334968567,-0.7288509011268616,-0.10218419879674911,-0.5144987106323242,-0.224823996424675,-0.576691210269928,-0.2379276603460312,-0.19731014966964722,0.36794888973236084,0.03715556114912033,-0.6536733508110046,-0.7866050601005554,0.26770082116127014,0.2518579959869385,-0.49265316128730774,-0.3830566704273224,0.14197596907615662,0.47224175930023193,0.2088581919670105,0.002170155756175518,-0.3282669484615326,0.2576861083507538,0.3468456566333771,0.2502657473087311,-0.15453612804412842,-0.4797379672527313,-0.002086515538394451,0.10101750493049622,-0.2917192578315735,-0.09437751770019531,-0.012867673300206661,-0.15740396082401276,-0.6799163222312927,0.07999342679977417,0.3880844712257385,0.08802493661642075,-0.1183188185095787,0.5126149654388428,-0.33104565739631653,0.524243950843811,-0.24722903966903687,-0.35104355216026306,-0.3925025463104248,-0.03307376056909561,-0.09779605269432068,-0.25629401206970215,-0.10767056047916412,0.4264642298221588,0.3649330735206604,0.1366492360830307,0.40046432614326477,-0.6581096053123474,-0.05599227920174599,-0.3596016764640808,0.06688786298036575,-0.06063288450241089,-1.0473802089691162,-0.23127397894859314,-0.06533882766962051
series_86,-0.0027231769636273384,0.4124535024166107,0.37881138920783997,0.497728168964386,-0.04076443240046501,0.30603569746017456,-0.6715754270553589,-0.08707010000944138,-0.46693694591522217,-0.19973231852054596,-0.5097006559371948,-0.21413491666316986,-0.18095383048057556,0.3262181282043457,0.043437689542770386,-0.600361704826355,-0.709635317325592,0.22061394155025482,0.2446930855512619,-0.4182792603969574,-0.3630746603012085,0.11291436851024628,0.43626224994659424,0.18325799703598022,0.011050785891711712,-0.30041417479515076,0.2624801993370056,0.34083807468414307,0.2633267939090729,-0.1501474529504776,-0.4634362459182739,-0.0092025650665164,0.10236011445522308,-0.26605555415153503,-0.07433445751667023,-0.00988761242479086,-0.11233460158109665,-0.6511055827140808,0.0353536456823349,0.36586400866508484,0.07995595037937164,-0.14285267889499664,0.44353339076042175,-0.31493517756462097,0.49339190125465393,-0.22816535830497742,-0.3456055819988251,-0.3723616302013397,-0.013529391027987003,-0.15824750065803528,-0.267560213804245,-0.06034751981496811,0.37566933035850525,0.3420909643173218,0.13636736571788788,0.35760262608528137,-0.6127923727035522,-0.032140765339136124,-0.3472181558609009,0.025145189836621284,-0.07348677515983582,-0.9671691060066223,-0.2072920799255371,-0.07042275369167328
series_87,0.03754943609237671,0.051938362419605255,0.09207705408334732,0.1770419031381607,-0.042472053319215775,0.08106523007154465,-0.12512631714344025,-0.04594665393233299,-0.11382532864809036,-0.018665755167603493,-0.11593379825353622,-0.08414975553750992,-0.11375502496957779,0.01794290542602539,-0.004861721768975258,-0.15194851160049438,-0.20710964500904083,0.0013247131137177348,0.09032551199197769,-0.10576064139604568,-0.1133757010102272,0.07091708481311798,0.18604399263858795,0.09137429296970367,0.02347784861922264,0.0010386958019807935,0.08753028512001038,0.12339658290147781,0.09677653759717941,-0.06713557988405228,-0.11404012888669968,-0.021026737987995148,0.0786687433719635,-0.11265082657337189,0.006848856806755066,0.05201846733689308,-0.021411336958408356,-0.195622056722641,-0.05104506015777588,0.10642029345035553,-0.03118104673922062,-0.046855516731739044,0.07731171697378159,-0.05425180494785309,0.1454697847366333,-0.07420655339956284,-0.1571037769317627,-0.06254828721284866,0.030554862692952156,-0.07582789659500122,-0.07324884831905365,0.11299781501293182,0.0719902515411377,0.11618253588676453,0.0469539649784565,0.0625779926776886,-0.18651504814624786,0.010352197103202343,-0.12319257855415344,-0.09580501914024353,-0.026804719120264053,-0.208738312125206,-0.015084183774888515,-0.04700233414769173
series_88,0.023716773837804794,0.32474231719970703,0.35286232829093933,0.4793221056461334,-0.07907328754663467,0.2517911195755005,-0.5183926820755005,-0.06256142258644104,-0.37456828355789185,-0.14163728058338165,-0.3878237009048462,-0.1809188723564148,-0.1649934947490692,0.26631417870521545,0.007651815190911293,-0.4902808368206024,-0.5474404692649841,0.15024660527706146,0.2103390097618103,-0.2603304982185364,-0.3097754120826721,0.10708704590797424,0.3240118622779846,0.1587023138999939,0.05248231068253517,-0.23272095620632172,0.26144474744796753,0.29481327533721924,0.2785578668117523,-0.1466318964958191,-0.4076096713542938,-0.03410222753882408,0.10766714066267014,-0.20510245859622955,-0.06025101616978645,0.022984955459833145,-0.03215617686510086,-0.5759382843971252,-0.025594772771000862,0.32162052392959595,0.029298635199666023,-0.18721553683280945,0.34075090289115906,-0.2388755828142166,0.41471394896507263,-0.17630694806575775,-0.30149734020233154,-0.30674058198928833,0.033154942095279694,-0.2124718427658081,-0.22483372688293457,0.03699672222137451,0.2934732139110565,0.3048650920391083,0.13363111019134521,0.24233706295490265,-0.536780595779419,-0.041627466678619385,-0.30458205938339233,-0.04726262763142586,-0.08047036081552505,-0.7933171987533569,-0.12454542517662048,-0.07893025130033493
series_89,-0.021892357617616653,0.45646172761917114,0.40409380197525024,0.5204824209213257,-0.07048222422599792,0.3236667513847351,-0.7548414468765259,-0.07574682682752609,-0.49928438663482666,-0.20815181732177734,-0.5654818415641785,-0.21153795719146729,-0.17502787709236145,0.3560184836387634,0.04680190980434418,-0.634836733341217,-0.7775202989578247,0.2554951012134552,0.2453610748052597,-0.4640949070453644,-0.40073660016059875,0.15728864073753357,0.47186240553855896,0.2133886069059372,0.011581282131373882,-0.34386616945266724,0.2705141007900238,0.33322033286094666,0.26693370938301086,-0.16546380519866943,-0.49875304102897644,0.015357975848019123,0.08865528553724289,-0.28920793533325195,-0.10711776465177536,-0.01820969581604004,-0.16024324297904968,-0.7134937047958374,0.07953821122646332,0.3773743510246277,0.09143383800983429,-0.13221749663352966,0.5169559717178345,-0.3229997456073761,0.5320128798484802,-0.2316460758447647,-0.3761047422885895,-0.4017982482910156,-0.03646016865968704,-0.13316816091537476,-0.2804451286792755,-0.11279772222042084,0.41365429759025574,0.36612650752067566,0.15659171342849731,0.41901037096977234,-0.6750156283378601,-0.04815293475985527,-0.3688321113586426,0.0779556930065155,-0.0497465580701828,-1.0458341836929321,-0.22800445556640625,-0.06445415318012238
series_90,0.012032794766128063,0.23658563196659088,0.30632320046424866,0.45408907532691956,0.06544701009988785,0.30129367113113403,-0.4660875201225281,-0.1740378886461258,-0.4420120120048523,-0.14159883558750153,-0.39310526847839355,-0.34531307220458984,-0.2923263609409332,0.2151288241147995,-0.007865427061915398,-0.5719800591468811,-0.6603935360908508,0.18607138097286224,0.27070942521095276,-0.43011096119880676,-0.26046255230903625,0.07335485517978668,0.43052250146865845,0.12886078655719757,0.07103413343429565,-0.12207233160734177,0.27093711495399475,0.3946031630039215,0.2101791948080063,-0.12475539743900299,-0.3143290877342224,-0.04862294718623161,0.12242837995290756,-0.25485265254974365,0.014357082545757294,0.029397744685411453,-0.072179414331913,-0.5275538563728333,0.025383038446307182,0.37150701880455017,0.08561784774065018,-0.07178568094968796,0.2871456742286682,-0.29025235772132874,0.3778305649757385,-0.2501257061958313,-0.24969497323036194,-0.31816256046295166,0.038042597472667694,-0.12807708978652954,-0.1932196021080017,0.05828213691711426,0.39335912466049194,0.24275079369544983,0.13405437767505646,0.1981903314590454,-0.49622753262519836,-0.024401310831308365,-0.3135082423686981,-0.13041499257087708,-0.07497427612543106,-0.7549402117729187,-0.11321769654750824,-0.14664226770401
series_91,-0.06981837749481201,0.48742908239364624,0.4791373014450073,0.5264716148376465,-0.11581061035394669,0.3661890923976898,-0.9899500608444214,0.007079726085066795,-0.5563164949417114,-0.19495722651481628,-0.6938524842262268,-0.2719966173171997,-0.03105264902114868,0.4412243068218231,0.03257860988378525,-0.6664919257164001,-0.9773171544075012,0.349910706281662,0.324042409658432,-0.7109590172767639,-0.5288742780685425,0.294585257768631,0.7041479349136353,0.3707953095436096,0.04476853832602501,-0.43408581614494324,0.26175516843795776,0.3265574872493744,0.20733089745044708,-0.22927279770374298,-0.5766013264656067,0.11081931740045547,0.04764556139707565,-0.4279327988624573,-0.10838224738836288,-0.07641766965389252,-0.40417325496673584,-0.8797032237052917,0.20373807847499847,0.3991057276725769,0.1456250548362732,-0.03808062896132469,0.6897662281990051,-0.3413466513156891,0.646139919757843,-0.2472497969865799,-0.5219334363937378,-0.5168113708496094,-0.09176135808229446,-0.09308353066444397,-0.3050783574581146,-0.2382180541753769,0.5335723757743835,0.4265564978122711,0.184310182929039,0.6097080707550049,-0.8490533828735352,-0.11971598118543625,-0.4325680732727051,0.2186940312385559,0.09113005548715591,-1.146059274673462,-0.2291882187128067,-0.1178118884563446
series_92,0.0015886826440691948,0.3726170063018799,0.39783501625061035,0.5200187563896179,-0.06212588772177696,0.3033572733402252,-0.6059589385986328,-0.07948806136846542,-0.44069159030914307,-0.16342519223690033,-0.4585840106010437,-0.22271226346492767,-0.18705224990844727,0.32035884261131287,0.001214684802107513,-0.5636965036392212,-0.672213613986969,0.21008466184139252,0.22159434854984283,-0.3550412356853485,-0.3375740647315979,0.13519218564033508,0.390977144241333,0.1900968849658966,0.05655822157859802,-0.279384583234787,0.29179471731185913,0.3290029466152191,0.30497244000434875,-0.17194226384162903,-0.4512110948562622,-0.017122548073530197,0.10040407627820969,-0.2507951855659485,-0.09044564515352249,0.008739513345062733,-0.08374161273241043,-0.6657227873802185,0.016049636527895927,0.3759740889072418,0.05707668513059616,-0.16025006771087646,0.4191925525665283,-0.28361740708351135,0.4708938002586365,-0.2101098746061325,-0.340361088514328,-0.35377436876296997,0.025316474959254265,-0.18072128295898438,-0.2454487383365631,0.0016309248749166727,0.37204456329345703,0.33663323521614075,0.14689922332763672,0.29632291197776794,-0.6060526967048645,-0.060483768582344055,-0.3438339829444885,-0.03569423407316208,-0.06573744118213654,-0.9104677438735962,-0.1393319070339203,-0.09848155081272125
series_93,-0.04709639772772789,0.5015830993652344,0.45886847376823425,0.5525686740875244,-0.05048317834734917,0.37034159898757935,-0.8599840402603149,-0.07893248647451401,-0.5506401062011719,-0.24281452596187592,-0.6643337607383728,-0.271438330411911,-0.15543785691261292,0.4144502282142639,0.03684311360120773,-0.6894726157188416,-0.9073178768157959,0.3167988359928131,0.28158965706825256,-0.6173155903816223,-0.44250455498695374,0.2064097374677658,0.584690511226654,0.2830660939216614,0.012830863706767559,-0.3741972744464874,0.25357893109321594,0.34597477316856384,0.22956036031246185,-0.1876993179321289,-0.5288600325584412,0.04905419424176216,0.08460807800292969,-0.3550471365451813,-0.11052289605140686,-0.04180563986301422,-0.26840344071388245,-0.7762996554374695,0.13690315186977386,0.41320517659187317,0.11340467631816864,-0.07100074738264084,0.6119200587272644,-0.34111204743385315,0.5877189636230469,-0.25575804710388184,-0.420439213514328,-0.4492855668067932,-0.07366416603326797,-0.05576017498970032,-0.2731149196624756,-0.1805587112903595,0.49202582240104675,0.407347172498703,0.15469522774219513,0.4909836947917938,-0.7446967959403992,-0.09330497682094574,-0.3994014859199524,0.13921037316322327,-0.006924854125827551,-1.1366089582443237,-0.2373323291540146,-0.07922826707363129
series_94,-0.027765538543462753,0.4489033818244934,0.40674641728401184,0.5132754445075989,-0.0663420632481575,0.3272572159767151,-0.7605970501899719,-0.06902287155389786,-0.5005054473876953,-0.20578062534332275,-0.5589398145675659,-0.21980689465999603,-0.16382716596126556,0.3601994216442108,0.04531243443489075,-0.6325953006744385,-0.7943175435066223,0.24956722557544708,0.2436991184949875,-0.4767153561115265,-0.40251442790031433,0.15525849163532257,0.4867537319660187,0.2254151999950409,0.015347282402217388,-0.34538260102272034,0.27253079414367676,0.33718428015708923,0.26639243960380554,-0.1755542755126953,-0.5035017132759094,0.015682552009820938,0.09379299730062485,-0.29588764905929565,-0.10881904512643814,-0.020881060510873795,-0.17474107444286346,-0.7245813012123108,0.07081978023052216,0.38335856795310974,0.09693152457475662,-0.12687450647354126,0.5234293341636658,-0.33104556798934937,0.5303596258163452,-0.2336873561143875,-0.38685014843940735,-0.401745468378067,-0.03845936805009842,-0.1376434862613678,-0.2898308336734772,-0.10663390159606934,0.4140298664569855,0.36854568123817444,0.15031147003173828,0.4214598834514618,-0.6748319864273071,-0.04960368201136589,-0.36930572986602783,0.0721498355269432,-0.042417675256729126,-1.0375310182571411,-0.22539672255516052,-0.06912516057491302
series_95,0.024424422532320023,0.26959824562072754,0.35151273012161255,0.4827868342399597,-0.08369328081607819,0.24463507533073425,-0.4475615918636322,-0.06184617802500725,-0.35090166330337524,-0.10952559858560562,-0.3404592275619507,-0.19188861548900604,-0.17246979475021362,0.25248420238494873,-0.025272870436310768,-0.45102664828300476,-0.5133457183837891,0.13883072137832642,0.19982951879501343,-0.23309467732906342,-0.28070732951164246,0.11764650046825409,0.3026561439037323,0.172538161277771,0.08338432013988495,-0.1929977983236313,0.26360657811164856,0.2855806052684784,0.28022241592407227,-0.15540623664855957,-0.37547820806503296,-0.04086386784911156,0.1095232143998146,-0.1988392323255539,-0.055082056671381,0.03626701235771179,-0.028970547020435333,-0.5555477142333984,-0.04299722611904144,0.31930384039878845,0.006321126129478216,-0.1773288995027542,0.3099568486213684,-0.20147763192653656,0.3794812560081482,-0.1629159152507782,-0.29052606225013733,-0.2792622148990631,0.06700818985700607,-0.2089737355709076,-0.1934041678905487,0.09086324274539948,0.2885102927684784,0.29659584164619446,0.12974025309085846,0.18947848677635193,-0.5126612782478333,-0.05475431680679321,-0.290603369474411,-0.09496848285198212,-0.06697093695402145,-0.7115558385848999,-0.07102014869451523,-0.09942105412483215
series_96,0.019449885934591293,0.30425891280174255,0.3273783028125763,0.4681370258331299,-0.07246445119380951,0.23503878712654114,-0.4777698814868927,-0.07224028557538986,-0.36951911449432373,-0.14617209136486053,-0.383363276720047,-0.1650773137807846,-0.16450783610343933,0.2513231635093689,0.028689781203866005,-0.48501917719841003,-0.5253857970237732,0.15190765261650085,0.20597492158412933,-0.2562325894832611,-0.3038081228733063,0.0894472599029541,0.3186992406845093,0.15442512929439545,0.019353244453668594,-0.21828317642211914,0.21813996136188507,0.29939988255500793,0.23825104534626007,-0.13202878832817078,-0.3789443075656891,-0.05485115572810173,0.12367402017116547,-0.19579632580280304,-0.04819665104150772,0.03166445344686508,-0.027111269533634186,-0.5220766067504883,-0.03161260485649109,0.29478248953819275,0.024288678541779518,-0.16876380145549774,0.32758069038391113,-0.23416249454021454,0.41156482696533203,-0.17975158989429474,-0.28254908323287964,-0.2736152708530426,0.023459820076823235,-0.1933310329914093,-0.19134244322776794,0.02911694347858429,0.27587977051734924,0.28912073373794556,0.08832111209630966,0.24866066873073578,-0.48810356855392456,-0.028617877513170242,-0.2824350893497467,-0.03920542821288109,-0.097540944814682,-0.7589780688285828,-0.1578022688627243,-0.06140124425292015
series_97,0.01565523073077202,0.359285831451416,0.35340163111686707,0.48921123147010803,-0.08684556186199188,0.26635992527008057,-0.576383113861084,-0.07156901806592941,-0.4134223461151123,-0.15120024979114532,-0.422913134098053,-0.18189509212970734,-0.176467627286911,0.2852785885334015,0.015069695189595222,-0.5257202386856079,-0.604386031627655,0.17777881026268005,0.21672818064689636,-0.30414485931396484,-0.32248377799987793,0.12739473581314087,0.3500595688819885,0.16174836456775665,0.046378131955862045,-0.2708551585674286,0.2746773362159729,0.3028799593448639,0.2884889543056488,-0.15108832716941833,-0.43151846528053284,-0.014668780378997326,0.08793631196022034,-0.2297580987215042,-0.0761166661977768,0.015767287462949753,-0.05154118686914444,-0.6106250882148743,0.01067592017352581,0.3368648588657379,0.04373255372047424,-0.19000110030174255,0.38258326053619385,-0.2617475688457489,0.4333379566669464,-0.19101516902446747,-0.3084658980369568,-0.33497852087020874,0.0251824539154768,-0.19724278151988983,-0.24637478590011597,0.00706685334444046,0.32965126633644104,0.3121891915798187,0.15089018642902374,0.28430578112602234,-0.5779995918273926,-0.03680235520005226,-0.3164481520652771,-0.017275696620345116,-0.07250435650348663,-0.8549327254295349,-0.14534476399421692,-0.08314934372901917
series_98,0.019745778292417526,0.23667779564857483,0.2552347183227539,0.40224501490592957,-0.025334293022751808,0.20574435591697693,-0.3875831663608551,-0.11710626631975174,-0.3524523973464966,-0.13333702087402344,-0.35130590200424194,-0.19482673704624176,-0.21403490006923676,0.1852319836616516,0.02943415753543377,-0.453073114156723,-0.5246829390525818,0.13048513233661652,0.1858011931180954,-0.3086263835430145,-0.22956299781799316,0.06437720358371735,0.3395214378833771,0.13654813170433044,-0.009564572013914585,-0.1466490626335144,0.18701882660388947,0.2999154329299927,0.17201285064220428,-0.09788379073143005,-0.3040059506893158,-0.05849104002118111,0.11915605515241623,-0.2037065625190735,-0.015864696353673935,0.05336242541670799,-0.05233898013830185,-0.4340979754924774,-0.01634049601852894,0.2587904632091522,0.016639264300465584,-0.092507503926754,0.2701601982116699,-0.21676947176456451,0.3712928891181946,-0.20656992495059967,-0.23388653993606567,-0.23659047484397888,0.017951173707842827,-0.11643941700458527,-0.14099057018756866,0.0683121383190155,0.27771884202957153,0.23218730092048645,0.07430583983659744,0.20299352705478668,-0.40806451439857483,-0.01601581647992134,-0.2531404197216034,-0.09136619418859482,-0.09378647804260254,-0.6476814150810242,-0.13709327578544617,-0.07282188534736633
series_99,-0.03328719362616539,0.46500492095947266,0.40427035093307495,0.5155652761459351,-0.072098009288311,0.3309134244918823,-0.7979598045349121,-0.06975986808538437,-0.5146151185035706,-0.21403107047080994,-0.590478777885437,-0.21942903101444244,-0.1615666151046753,0.36716505885124207,0.05184584856033325,-0.6493183374404907,-0.821329653263092,0.26889875531196594,0.25445958971977234,-0.5087857246398926,-0.42016834020614624,0.17002573609352112,0.5096950531005859,0.23322927951812744,0.004780258052051067,-0.35881534218788147,0.264156311750412,0.3365896940231323,0.24850989878177643,-0.1721704751253128,-0.5100389122962952,0.026663992553949356,0.08974965661764145,-0.3061797320842743,-0.10845112800598145,-0.027253657579421997,-0.19954939186573029,-0.7283110022544861,0.09420719742774963,0.3781723082065582,0.10428594052791595,-0.11393731087446213,0.5493661761283875,-0.33759358525276184,0.5433053970336914,-0.23938563466072083,-0.3948141038417816,-0.4154130816459656,-0.05257873982191086,-0.11906665563583374,-0.28832608461380005,-0.13792848587036133,0.429950088262558,0.37550970911979675,0.1562383621931076,0.4552890956401825,-0.6949067711830139,-0.047430265694856644,-0.3705067038536072,0.10595398396253586,-0.03601010888814926,-1.0639197826385498,-0.24894152581691742,-0.061754260212183
series_100,0.03749504312872887,0.08551408350467682,0.2080388367176056,0.306564599275589,-0.0478886254131794,0.15991631150245667,-0.1934424638748169,-0.059054840356111526,-0.19768232107162476,-0.013250219635665417,-0.17788814008235931,-0.19174596667289734,-0.18602725863456726,0.0981731042265892,-0.06040750443935394,-0.27845972776412964,-0.34890198707580566,0.01939927600324154,0.14640125632286072,-0.1802510768175125,-0.1369420886039734,0.07237869501113892,0.2401304990053177,0.13824236392974854,0.09003669023513794,0.00367658119648695,0.1859130710363388,0.20220476388931274,0.16027961671352386,-0.10778950154781342,-0.1979852169752121,-0.02808045968413353,0.09821555763483047,-0.15407569706439972,-0.0034072918351739645,0.07325128465890884,-0.03247327357530594,-0.34484902024269104,-0.06467786431312561,0.2374848872423172,-0.039219290018081665,-0.08043064177036285,0.13084331154823303,-0.06167390197515488,0.20824654400348663,-0.10666091740131378,-0.19729465246200562,-0.14875489473342896,0.096707284450531,-0.1370452344417572,-0.11110182851552963,0.18604734539985657,0.19021455943584442,0.1994871348142624,0.09291470795869827,0.06195337697863579,-0.3251101076602936,-0.015175060369074345,-0.2227296084165573,-0.1625480353832245,-0.029786666855216026,-0.3506806492805481,0.030127229169011116,-0.09486164152622223
series_101,0.03268676623702049,0.28227055072784424,0.26388019323349,0.4143676161766052,-0.07350122928619385,0.19362901151180267,-0.4547988474369049,-0.0713333711028099,-0.34520772099494934,-0.1424025148153305,-0.35618728399276733,-0.14278368651866913,-0.16381141543388367,0.20970194041728973,0.04418475553393364,-0.45726993680000305,-0.47298434376716614,0.13637414574623108,0.20698848366737366,-0.23880980908870697,-0.27400830388069153,0.08286863565444946,0.29872018098831177,0.12142044305801392,0.0022892234846949577,-0.20971792936325073,0.1910696178674698,0.2708410322666168,0.20633737742900848,-0.10056215524673462,-0.34036698937416077,-0.040473129600286484,0.09485764056444168,-0.18482595682144165,-0.01753276214003563,0.024882078170776367,-0.016431622207164764,-0.44528815150260925,-0.024931149557232857,0.2500607669353485,0.018685543909668922,-0.17594343423843384,0.2751026749610901,-0.2331904023885727,0.3590916097164154,-0.17393437027931213,-0.2519699037075043,-0.2585963308811188,0.009098275564610958,-0.1748129278421402,-0.1933642029762268,0.031194988638162613,0.24382270872592926,0.24413102865219116,0.10229279845952988,0.24043579399585724,-0.4446461796760559,0.00892482977360487,-0.23450422286987305,-0.01637292094528675,-0.09387350082397461,-0.6827061772346497,-0.17215688526630402,-0.04549819231033325
series_102,-0.03267042711377144,0.38777124881744385,0.35936471819877625,0.5180338621139526,-0.009614525362849236,0.31937551498413086,-0.6451936960220337,-0.128486767411232,-0.49783316254615784,-0.22213248908519745,-0.5439351201057434,-0.2735893130302429,-0.2094462811946869,0.32818591594696045,0.04228123277425766,-0.6277408599853516,-0.7899730205535889,0.2529120147228241,0.25071221590042114,-0.5166394114494324,-0.346485435962677,0.11434707045555115,0.4996926784515381,0.20749875903129578,-0.01722303405404091,-0.27252036333084106,0.21988961100578308,0.38806456327438354,0.19413238763809204,-0.15717166662216187,-0.42982563376426697,-0.023813452571630478,0.12556308507919312,-0.2891846001148224,-0.06506281346082687,0.008592219091951847,-0.16088101267814636,-0.6243556141853333,0.057067111134529114,0.37477290630340576,0.08432727307081223,-0.0749053880572319,0.475365549325943,-0.3360441029071808,0.5026289224624634,-0.26464974880218506,-0.3345853388309479,-0.35061344504356384,-0.022483685985207558,-0.07015055418014526,-0.20444005727767944,-0.07305318117141724,0.4219433069229126,0.33168962597846985,0.09543023258447647,0.3465576767921448,-0.5755312442779541,-0.05513666197657585,-0.3366571366786957,0.0048996452242136,-0.08296293020248413,-0.956579864025116,-0.2234203815460205,-0.07428713142871857
series_103,0.025589875876903534,0.023726576939225197,0.08326373249292374,0.12317224591970444,-0.02648763544857502,0.0523279570043087,-0.0586845725774765,-0.012249862775206566,-0.059152428060770035,0.013471589423716068,-0.08412035554647446,-0.07493353635072708,-0.10449109226465225,0.009746194817125797,-0.03940315544605255,-0.10191739350557327,-0.15137510001659393,-0.029439305886626244,0.06040378659963608,-0.08470718562602997,-0.061335861682891846,0.04901404678821564,0.12490441650152206,0.0943792387843132,0.05770133063197136,0.036102067679166794,0.07779248803853989,0.05975944176316261,0.06278745085000992,-0.055149953812360764,-0.06843339651823044,-0.012975352816283703,0.0888683870434761,-0.07841185480356216,-0.002788435434922576,0.03763541579246521,-0.030003806576132774,-0.13476088643074036,-0.059529587626457214,0.08300035446882248,-0.03204488754272461,-0.030070167034864426,0.05432663485407829,0.004638612736016512,0.09207428991794586,-0.05433082953095436,-0.09724593162536621,-0.03353263810276985,0.039773765951395035,-0.04363464564085007,-0.04357541725039482,0.12034590542316437,0.056740958243608475,0.10058552026748657,0.03358336165547371,0.0349765308201313,-0.13629934191703796,-0.014210202731192112,-0.12289629876613617,-0.08640985935926437,-0.023457134142518044,-0.10592755675315857,0.03148363158106804,-0.03976627439260483
series_104,-0.01253317017108202,0.41404467821121216,0.3899170458316803,0.5176815390586853,-0.0474383719265461,0.3263532519340515,-0.6862156391143799,-0.08259328454732895,-0.47739261388778687,-0.19394217431545258,-0.5253740549087524,-0.23837123811244965,-0.18069761991500854,0.3421032428741455,0.027620302513241768,-0.5980552434921265,-0.7547448873519897,0.242676243185997,0.24694399535655975,-0.43791043758392334,-0.36273717880249023,0.14440497756004333,0.4571468234062195,0.20654787123203278,0.033938661217689514,-0.322311133146286,0.2767736315727234,0.3548696041107178,0.2813832461833954,-0.16728666424751282,-0.47374048829078674,-0.004502098076045513,0.10697948932647705,-0.27859365940093994,-0.09307971596717834,-0.016049806028604507,-0.1341642588376999,-0.6959369778633118,0.04780201613903046,0.3842778503894806,0.09269380569458008,-0.13397154211997986,0.4766151010990143,-0.31901252269744873,0.5241800546646118,-0.2325303703546524,-0.3693472743034363,-0.38166844844818115,-0.006193512585014105,-0.14939644932746887,-0.25837963819503784,-0.06520343571901321,0.40475496649742126,0.3554382622241974,0.14333979785442352,0.35839560627937317,-0.6316747069358826,-0.06223590299487114,-0.36959758400917053,0.009297261014580727,-0.0682099238038063,-0.9838036298751831,-0.18559637665748596,-0.07915066182613373
series_105,0.009734566323459148,0.38724184036254883,0.37384340167045593,0.5015912652015686,-0.08232897520065308,0.28446540236473083,-0.6180973649024963,-0.07037300616502762,-0.4323704242706299,-0.16148807108402252,-0.4513663053512573,-0.18973295390605927,-0.17668114602565765,0.30613231658935547,0.020911844447255135,-0.5504331588745117,-0.6424227356910706,0.1937786489725113,0.21954916417598724,-0.3328251540660858,-0.3392235040664673,0.13161790370941162,0.37150153517723083,0.17126940190792084,0.04531990736722946,-0.2898561656475067,0.28469425439834595,0.3124045729637146,0.2997983992099762,-0.15794365108013153,-0.45451244711875916,-0.009177635423839092,0.08695799857378006,-0.2433188259601593,-0.09029929339885712,0.008300197310745716,-0.06813561171293259,-0.650319516658783,0.024413032457232475,0.3554023206233978,0.05596184730529785,-0.18614161014556885,0.4130855202674866,-0.2757278382778168,0.46165168285369873,-0.19863072037696838,-0.32581332325935364,-0.3529789447784424,0.015967248007655144,-0.19533243775367737,-0.2608066499233246,-0.015787973999977112,0.35023659467697144,0.32709839940071106,0.15512435138225555,0.3104844093322754,-0.6067110896110535,-0.04367725923657417,-0.33904704451560974,-0.003948604688048363,-0.06850747764110565,-0.9105292558670044,-0.15426726639270782,-0.0830325335264206
series_106,0.009107383899390697,0.30202651023864746,0.3469638228416443,0.4728960692882538,-0.022800197824835777,0.2528434991836548,-0.484112411737442,-0.12578536570072174,-0.406649649143219,-0.16067007184028625,-0.41633158922195435,-0.2218458503484726,-0.21892644464969635,0.26697736978530884,0.010411785915493965,-0.5401892066001892,-0.6306437849998474,0.16178877651691437,0.19267772138118744,-0.3735879957675934,-0.2671874761581421,0.07241007685661316,0.3890790045261383,0.1707276999950409,-0.007757813669741154,-0.18843211233615875,0.24007998406887054,0.33159342408180237,0.2147582322359085,-0.13137617707252502,-0.3871484100818634,-0.04470342770218849,0.12664982676506042,-0.23812521994113922,-0.04835982248187065,0.05497642233967781,-0.07765387743711472,-0.537772536277771,-0.002750264247879386,0.3387588560581207,0.026478903368115425,-0.08746650069952011,0.3476733863353729,-0.2520595192909241,0.43299436569213867,-0.22928108274936676,-0.27903035283088684,-0.29875826835632324,0.021383559331297874,-0.11594367027282715,-0.17194484174251556,0.05749472975730896,0.3458804190158844,0.2918064594268799,0.09174006432294846,0.2361421436071396,-0.49728333950042725,-0.04458893463015556,-0.3032534420490265,-0.09089281409978867,-0.09497428685426712,-0.7940751910209656,-0.13496293127536774,-0.08788999915122986
series_107,-0.07333579659461975,0.49096164107322693,0.46586892008781433,0.5200512409210205,-0.12172404676675797,0.3579567074775696,-0.9761689901351929,0.006609207019209862,-0.5554538369178772,-0.1966206580400467,-0.6816645264625549,-0.25770628452301025,-0.050800323486328125,0.43092507123947144,0.042049989104270935,-0.6661598682403564,-0.969055712223053,0.3376398980617523,0.3034153878688812,-0.6823239326477051,-0.5137221217155457,0.2772112190723419,0.6760600805282593,0.3535940647125244,0.040545228868722916,-0.4298172891139984,0.2661772668361664,0.32406383752822876,0.21197925508022308,-0.224636048078537,-0.5718178153038025,0.09837541729211807,0.05555449053645134,-0.4075956642627716,-0.12034137547016144,-0.0655481368303299,-0.3835773169994354,-0.8716320991516113,0.1900082379579544,0.39181894063949585,0.14225724339485168,-0.054364707320928574,0.684021532535553,-0.341801255941391,0.6343057751655579,-0.2454073280096054,-0.508591890335083,-0.5004239082336426,-0.09337591379880905,-0.0979718267917633,-0.31057465076446533,-0.2311241328716278,0.5185847878456116,0.4192603826522827,0.18622802197933197,0.6001318097114563,-0.8320755362510681,-0.10780463367700577,-0.4302542805671692,0.21276530623435974,0.07710325717926025,-1.1408010721206665,-0.23749376833438873,-0.10274627059698105
series_108,0.0368870347738266,0.20288003981113434,0.33036285638809204,0.4383707642555237,-0.07368515431880951,0.21495376527309418,-0.33959195017814636,-0.06253132224082947,-0.2887209951877594,-0.07249420881271362,-0.27635544538497925,-0.20959684252738953,-0.19028601050376892,0.20220470428466797,-0.07004276663064957,-0.38852250576019287,-0.4455365836620331,0.08641254156827927,0.17750342190265656,-0.19309192895889282,-0.207709401845932,0.10401955246925354,0.2606659531593323,0.1596379280090332,0.10826350003480911,-0.10680650919675827,0.2657897174358368,0.2448333203792572,0.2649618685245514,-0.13813072443008423,-0.3223758637905121,-0.031628649681806564,0.11062236875295639,-0.1694934070110321,-0.03656061738729477,0.07522079348564148,-0.012825972400605679,-0.4858397841453552,-0.06310796737670898,0.3022242784500122,-0.03336670249700546,-0.15476608276367188,0.23794615268707275,-0.1348685473203659,0.3139986991882324,-0.14489881694316864,-0.24270743131637573,-0.24510546028614044,0.09860917180776596,-0.18332643806934357,-0.14918062090873718,0.16200417280197144,0.25891968607902527,0.2737230956554413,0.139959916472435,0.10768377035856247,-0.46069154143333435,-0.06308075040578842,-0.26683658361434937,-0.14422479271888733,-0.05104534700512886,-0.577701985836029,0.004393585957586765,-0.11439067125320435
series_109,-0.030363675206899643,0.4491008222103119,0.3971468508243561,0.5219583511352539,-0.07502150535583496,0.32819417119026184,-0.7733938097953796,-0.07104381173849106,-0.508226752281189,-0.20543000102043152,-0.574776291847229,-0.2232826203107834,-0.16539421677589417,0.36544662714004517,0.04472719877958298,-0.6418946981430054,-0.8126705288887024,0.27119287848472595,0.24820078909397125,-0.49169477820396423,-0.41113731265068054,0.1713874787092209,0.49745818972587585,0.23006978631019592,0.01187912654131651,-0.35321828722953796,0.26418325304985046,0.34001338481903076,0.2530013620853424,-0.1763426959514618,-0.4984290599822998,0.018254999071359634,0.09539946913719177,-0.3000665605068207,-0.11089089512825012,-0.024865377694368362,-0.1880650371313095,-0.7202069163322449,0.08716194331645966,0.37984779477119446,0.10478228330612183,-0.11770199984312057,0.5391196608543396,-0.33893629908561707,0.5367438197135925,-0.24350835382938385,-0.3889252841472626,-0.40404975414276123,-0.04305572807788849,-0.12103641033172607,-0.27486512064933777,-0.12497749924659729,0.428856760263443,0.36681294441223145,0.15099944174289703,0.43679162859916687,-0.67952960729599,-0.04911953583359718,-0.36301904916763306,0.08550309389829636,-0.043294213712215424,-1.0405163764953613,-0.24158070981502533,-0.06226843222975731
series_110,-0.016434933990240097,0.44023221731185913,0.4184130132198334,0.5310535430908203,-0.04020996019244194,0.3401557207107544,-0.7155531644821167,-0.09653373807668686,-0.5018185973167419,-0.21081142127513885,-0.5530495643615723,-0.24967245757579803,-0.19189614057540894,0.3692092299461365,0.019839191809296608,-0.6289233565330505,-0.7947483658790588,0.2604595124721527,0.2403516322374344,-0.4815575182437897,-0.3639272153377533,0.15107403695583344,0.4753907024860382,0.22090300917625427,0.028228934854269028,-0.33150336146354675,0.2800145447254181,0.34988167881965637,0.28439316153526306,-0.17066621780395508,-0.4884534478187561,0.003733803518116474,0.09761909395456314,-0.3004791736602783,-0.10615061223506927,-0.011432132683694363,-0.15575692057609558,-0.7137285470962524,0.07106824219226837,0.4046693742275238,0.09006927907466888,-0.1230214461684227,0.5068325996398926,-0.3255343437194824,0.5326864719390869,-0.24908848106861115,-0.36340904235839844,-0.39781346917152405,-0.021220335736870766,-0.11334967613220215,-0.2616070806980133,-0.07595604658126831,0.43123719096183777,0.3656688630580902,0.1438669115304947,0.37816178798675537,-0.6582099795341492,-0.07269171625375748,-0.37280726432800293,0.026612581685185432,-0.05581989884376526,-1.0271522998809814,-0.185886412858963,-0.08422029763460159
series_111,0.030426770448684692,0.18264859914779663,0.26895520091056824,0.3991081118583679,-0.06112772598862648,0.19115951657295227,-0.3251553177833557,-0.06916337460279465,-0.28137508034706116,-0.0828738734126091,-0.2707388401031494,-0.17586304247379303,-0.1757674515247345,0.16965200006961823,-0.016269365325570107,-0.3703373074531555,-0.4152146875858307,0.0853024423122406,0.17462396621704102,-0.19475452601909637,-0.213157519698143,0.08887787163257599,0.264082133769989,0.1453157365322113,0.05931929498910904,-0.11175619065761566,0.2071707844734192,0.2587983310222626,0.21268899738788605,-0.11139975488185883,-0.28977784514427185,-0.056389112025499344,0.11895763128995895,-0.16884024441242218,-0.012009046971797943,0.05824819207191467,-0.010433441959321499,-0.4218786656856537,-0.0645749568939209,0.25272053480148315,-0.02047414891421795,-0.13768841326236725,0.21323302388191223,-0.15331044793128967,0.31774914264678955,-0.1367894858121872,-0.23857484757900238,-0.21215848624706268,0.0666586384177208,-0.1750641167163849,-0.13497142493724823,0.1299762725830078,0.21982644498348236,0.24108733236789703,0.09418920427560806,0.13549482822418213,-0.3981022834777832,-0.027273260056972504,-0.24340850114822388,-0.12310202419757843,-0.06826230883598328,-0.5391045212745667,-0.051850661635398865,-0.08408556878566742
series_112,-0.008081835694611073,0.3921142816543579,0.377633661031723,0.5153895020484924,-0.06984403729438782,0.30384743213653564,-0.6487630605697632,-0.06965213268995285,-0.4582423269748688,-0.179911807179451,-0.49235039949417114,-0.2115470916032791,-0.16792014241218567,0.325810968875885,0.028067948296666145,-0.5738421678543091,-0.7052409052848816,0.2211689054965973,0.23747991025447845,-0.38566526770591736,-0.36342328786849976,0.13811542093753815,0.42205357551574707,0.19959712028503418,0.034141529351472855,-0.30742064118385315,0.2660931944847107,0.33713313937187195,0.2729584574699402,-0.1660439372062683,-0.45950964093208313,-0.014912243001163006,0.10911639779806137,-0.2558579444885254,-0.09098169207572937,-0.007255769334733486,-0.11299450695514679,-0.6654461026191711,0.02382473461329937,0.3617735803127289,0.08074946701526642,-0.15184253454208374,0.4535675048828125,-0.302483469247818,0.49241068959236145,-0.214927077293396,-0.3561243712902069,-0.3570745885372162,0.0023798036854714155,-0.17337876558303833,-0.25366729497909546,-0.04721830040216446,0.37599125504493713,0.3447701036930084,0.13460992276668549,0.341101735830307,-0.6112986207008362,-0.050571542233228683,-0.3481025695800781,0.007248373702168465,-0.07108035683631897,-0.9368128776550293,-0.18766173720359802,-0.07126891613006592
series_113,-0.05100540444254875,0.49623963236808777,0.44696077704429626,0.5344842672348022,-0.08200103044509888,0.35532644391059875,-0.8894070386886597,-0.05399712547659874,-0.5404473543167114,-0.2260345220565796,-0.6579825282096863,-0.24477550387382507,-0.13020804524421692,0.40474462509155273,0.047784119844436646,-0.6791433691978455,-0.9032625555992126,0.3071439862251282,0.2789856493473053,-0.5978362560272217,-0.4681603014469147,0.21688121557235718,0.5901927351951599,0.28992959856987,0.010953809134662151,-0.38549575209617615,0.2567659914493561,0.3321492373943329,0.2257733792066574,-0.19468195736408234,-0.5396966338157654,0.058608341962099075,0.08653732389211655,-0.3475797772407532,-0.11647451668977737,-0.04623520001769066,-0.284439355134964,-0.7871319651603699,0.13613273203372955,0.39226531982421875,0.12252891063690186,-0.07662113755941391,0.6204736828804016,-0.34134241938591003,0.5890777111053467,-0.24805818498134613,-0.44367262721061707,-0.4540002644062042,-0.08040104061365128,-0.08352985978126526,-0.2884296774864197,-0.19222348928451538,0.4794238209724426,0.40835824608802795,0.16575324535369873,0.5201389193534851,-0.7570645809173584,-0.0760994479060173,-0.3959176242351532,0.16210980713367462,0.003674281993880868,-1.1249730587005615,-0.25820156931877136,-0.07033969461917877
series_114,0.009618780575692654,0.23724643886089325,0.22135159373283386,0.39517220854759216,-0.039509665220975876,0.18762682378292084,-0.3486500382423401,-0.10423039644956589,-0.33137986063957214,-0.15501447021961212,-0.35460567474365234,-0.15545304119586945,-0.17149773240089417,0.1580609679222107,0.0731247067451477,-0.410152792930603,-0.43619105219841003,0.17974621057510376,0.1982204169034958,-0.2472686916589737,-0.25987833738327026,0.07577827572822571,0.3162184953689575,0.12417641282081604,-0.048070330172777176,-0.1710151582956314,0.09019887447357178,0.2937149107456207,0.1323387771844864,-0.09426063299179077,-0.25829291343688965,-0.06972791254520416,0.11804314702749252,-0.16622179746627808,-0.006516419351100922,0.03772175684571266,-0.03926033526659012,-0.3693651258945465,-0.0117045808583498,0.18114981055259705,0.004399412777274847,-0.10648453235626221,0.2677380442619324,-0.21131183207035065,0.3672548532485962,-0.17737771570682526,-0.22738459706306458,-0.16906721889972687,-0.026074731722474098,-0.10917755961418152,-0.09386556595563889,-0.00868505984544754,0.2179136425256729,0.20908747613430023,0.016406405717134476,0.23011450469493866,-0.33040547370910645,-0.01183254737406969,-0.19046783447265625,-0.013690425083041191,-0.1039133071899414,-0.6130245923995972,-0.2070489376783371,-0.035528168082237244
series_115,-0.0791471004486084,0.47690755128860474,0.47313228249549866,0.5133214592933655,-0.1392962485551834,0.3587423264980316,-1.00442373752594,0.040259841829538345,-0.5582826137542725,-0.1742027848958969,-0.6820272207260132,-0.2641577124595642,0.006477476097643375,0.44695737957954407,0.03446529060602188,-0.6494477987289429,-0.9895688891410828,0.3501557409763336,0.32329466938972473,-0.7254589200019836,-0.5404492020606995,0.30128002166748047,0.7228698134422302,0.3895014822483063,0.05143864080309868,-0.44467443227767944,0.2634585499763489,0.326090931892395,0.19672179222106934,-0.24264079332351685,-0.5839237570762634,0.1160707101225853,0.04033699259161949,-0.44095340371131897,-0.11228889971971512,-0.0779004693031311,-0.4343370199203491,-0.9057159423828125,0.21257834136486053,0.3911341428756714,0.15094968676567078,-0.03936069831252098,0.709595799446106,-0.34003642201423645,0.6487970352172852,-0.24377906322479248,-0.5403875112533569,-0.5164267420768738,-0.08985219150781631,-0.11499461531639099,-0.31622159481048584,-0.24648180603981018,0.5363884568214417,0.4231182336807251,0.18282541632652283,0.6352801322937012,-0.8622831702232361,-0.12526407837867737,-0.44145363569259644,0.23411540687084198,0.11329420655965805,-1.1358376741409302,-0.22432494163513184,-0.12636122107505798
series_116,0.028218071907758713,0.25553810596466064,0.3647595942020416,0.4822603762149811,-0.091715507209301,0.2427433431148529,-0.4227626621723175,-0.061904389411211014,-0.3349047899246216,-0.10198509693145752,-0.32423046231269836,-0.19592894613742828,-0.17819616198539734,0.2452009916305542,-0.04975495487451553,-0.42868122458457947,-0.5004687905311584,0.11716179549694061,0.19364877045154572,-0.2149488478899002,-0.25938698649406433,0.11812646687030792,0.29027259349823,0.1749628633260727,0.10490633547306061,-0.17295198142528534,0.2800905704498291,0.2680942714214325,0.2904164791107178,-0.15905341506004333,-0.37970471382141113,-0.025525707751512527,0.10311592370271683,-0.19101621210575104,-0.05999111011624336,0.05822009593248367,-0.02626962959766388,-0.5560627579689026,-0.050706371665000916,0.3231077492237091,-0.008068857714533806,-0.18312892317771912,0.2968510687351227,-0.17371168732643127,0.35892045497894287,-0.1568709760904312,-0.28177598118782043,-0.2805121839046478,0.08890750259160995,-0.21446719765663147,-0.19176065921783447,0.12109945714473724,0.2891559302806854,0.3037082254886627,0.14903193712234497,0.15687710046768188,-0.5193305611610413,-0.06359060108661652,-0.29639339447021484,-0.11644995957612991,-0.05749356746673584,-0.6860362887382507,-0.02793053351342678,-0.1138690859079361
series_117,-0.059192534536123276,0.4907245635986328,0.44757235050201416,0.5239121913909912,-0.09225156158208847,0.3551885783672333,-0.9067683219909668,-0.035516973584890366,-0.5435689091682434,-0.21467222273349762,-0.653251051902771,-0.24675187468528748,-0.111899733543396,0.40828317403793335,0.049534931778907776,-0.6744994521141052,-0.9198985695838928,0.3122895359992981,0.27754026651382446,-0.6111510396003723,-0.47479110956192017,0.22728398442268372,0.6058014631271362,0.3032178580760956,0.020833436399698257,-0.3975469768047333,0.26280850172042847,0.33015522360801697,0.22839248180389404,-0.2055000215768814,-0.5483911633491516,0.0648426041007042,0.07715900987386703,-0.360948771238327,-0.12396323680877686,-0.05054672062397003,-0.30355992913246155,-0.8132293820381165,0.14408518373966217,0.3925210237503052,0.12947607040405273,-0.07785182446241379,0.6333969831466675,-0.3463687002658844,0.5951110124588013,-0.24862490594387054,-0.45860299468040466,-0.4614029824733734,-0.08346905559301376,-0.09473428130149841,-0.3015591502189636,-0.19537054002285004,0.48423025012016296,0.4046880900859833,0.1686546951532364,0.5391101837158203,-0.7698047161102295,-0.0769776701927185,-0.4022875428199768,0.16933086514472961,0.022901473566889763,-1.1226516962051392,-0.25352784991264343,-0.07864773273468018
series_118,-0.03561200574040413,0.4475059509277344,0.39997586607933044,0.5326852798461914,-0.06886941939592361,0.3316313922405243,-0.7504616975784302,-0.07686898857355118,-0.5038537979125977,-0.21847833693027496,-0.5835813283920288,-0.22444547712802887,-0.16958267986774445,0.3569725751876831,0.056545108556747437,-0.6404072642326355,-0.7950140833854675,0.26656344532966614,0.25703951716423035,-0.4799024760723114,-0.4183025062084198,0.15467916429042816,0.49399662017822266,0.22895579040050507,0.005155171267688274,-0.3347221612930298,0.23686425387859344,0.3482568562030792,0.22914902865886688,-0.1784864366054535,-0.4840976893901825,0.0037471698597073555,0.11347894370555878,-0.28346651792526245,-0.10109148919582367,-0.019560866057872772,-0.17988045513629913,-0.7003761529922485,0.0704769641160965,0.369078665971756,0.10188521444797516,-0.1105494275689125,0.5294183492660522,-0.328947514295578,0.5350347757339478,-0.23647622764110565,-0.38600173592567444,-0.38374367356300354,-0.040466777980327606,-0.11871924996376038,-0.2583301067352295,-0.1347089409828186,0.41987016797065735,0.37008535861968994,0.13075555860996246,0.42647305130958557,-0.6567444801330566,-0.048342976719141006,-0.36253371834754944,0.088053397834301,-0.05535915493965149,-1.0387077331542969,-0.25742772221565247,-0.055415164679288864
series_119,0.04121425747871399,0.19572336971759796,0.27608540654182434,0.3968674838542938,-0.08761224895715714,0.1683475524187088,-0.3160642087459564,-0.0350012443959713,-0.2581160068511963,-0.088510662317276,-0.2539117634296417,-0.14452607929706573,-0.1363915652036667,0.17549115419387817,-0.02028350718319416,-0.33540868759155273,-0.36031314730644226,0.07465723156929016,0.1786193698644638,-0.1474124789237976,-0.2193535417318344,0.08679104596376419,0.2457212209701538,0.14312511682510376,0.07462798804044724,-0.12578317523002625,0.2006310224533081,0.21694855391979218,0.22602710127830505,-0.11898162961006165,-0.29236775636672974,-0.046901196241378784,0.1152254045009613,-0.15016716718673706,-0.014181792736053467,0.046014249324798584,-0.0010186576982960105,-0.41173693537712097,-0.08854874223470688,0.24044398963451385,-0.020953206345438957,-0.17372024059295654,0.20603053271770477,-0.13248877227306366,0.2923637628555298,-0.12158674746751785,-0.2387203723192215,-0.1979953944683075,0.06369591504335403,-0.19623279571533203,-0.15329667925834656,0.12822166085243225,0.18623362481594086,0.2511914074420929,0.09730485826730728,0.12917418777942657,-0.3950473666191101,-0.03308919072151184,-0.23339450359344482,-0.09741313010454178,-0.058041274547576904,-0.5150977969169617,-0.03553223982453346,-0.07316301763057709
series_120,0.0015462813898921013,0.37179815769195557,0.37297311425209045,0.5025544166564941,-0.04489818587899208,0.30051690340042114,-0.6077688932418823,-0.08611666411161423,-0.44142603874206543,-0.17740154266357422,-0.4687384068965912,-0.22605247795581818,-0.1868893802165985,0.30711954832077026,0.02237403579056263,-0.5649286508560181,-0.6751689910888672,0.20470142364501953,0.23442362248897552,-0.3718680143356323,-0.33685874938964844,0.11637069284915924,0.406686395406723,0.17874349653720856,0.037486668676137924,-0.27375125885009766,0.27258414030075073,0.34283044934272766,0.27652910351753235,-0.15691706538200378,-0.44170811772346497,-0.024190355092287064,0.11238643527030945,-0.2481616735458374,-0.07231494039297104,0.0038556205108761787,-0.08709787577390671,-0.6409016847610474,0.013121126219630241,0.3628695607185364,0.07026651501655579,-0.14926208555698395,0.41101664304733276,-0.2959047257900238,0.4759383797645569,-0.2173638492822647,-0.33781516551971436,-0.34902167320251465,0.014549880288541317,-0.1749631017446518,-0.24247971177101135,-0.017224974930286407,0.36373311281204224,0.33132126927375793,0.1359909325838089,0.3033292889595032,-0.5841423869132996,-0.04717356339097023,-0.3442850708961487,-0.02680189721286297,-0.07959301024675369,-0.9098573327064514,-0.1642933338880539,-0.08522534370422363
series_121,-0.016979891806840897,0.4404814839363098,0.39978548884391785,0.5195379257202148,-0.07768705487251282,0.31835898756980896,-0.7293157577514648,-0.06927723437547684,-0.49129724502563477,-0.19200627505779266,-0.5377715826034546,-0.21286851167678833,-0.17356154322624207,0.35374540090560913,0.03337077796459198,-0.6157936453819275,-0.7665866017341614,0.2498285323381424,0.23378586769104004,-0.4412999451160431,-0.3835632801055908,0.16174116730690002,0.4540078341960907,0.21240681409835815,0.029157713055610657,-0.34349557757377625,0.2832437753677368,0.3283471167087555,0.28606489300727844,-0.1722477376461029,-0.49345213174819946,0.011362885124981403,0.08570443093776703,-0.2857270836830139,-0.11503830552101135,-0.015245749615132809,-0.14926882088184357,-0.7175682187080383,0.07068777084350586,0.38051024079322815,0.09027412533760071,-0.14574821293354034,0.5054532289505005,-0.3188917934894562,0.5192075967788696,-0.22855783998966217,-0.3719317615032196,-0.39274728298187256,-0.022765973582863808,-0.14675018191337585,-0.2806956171989441,-0.08691561967134476,0.4104292690753937,0.3580310642719269,0.15958845615386963,0.39734503626823425,-0.6678816080093384,-0.05390685424208641,-0.3672895133495331,0.0523294061422348,-0.04705596715211868,-1.0160298347473145,-0.20119675993919373,-0.07328329980373383
series_122,-0.00758091825991869,0.3389712870121002,0.37689831852912903,0.5037199258804321,-0.023865951225161552,0.2927435636520386,-0.5659992694854736,-0.11097037047147751,-0.4381159245967865,-0.1805623322725296,-0.46109676361083984,-0.24220727384090424,-0.20489202439785004,0.2990139126777649,0.016596490517258644,-0.5757170915603638,-0.6814865469932556,0.2031371146440506,0.22191882133483887,-0.3957672417163849,-0.3188925087451935,0.10493676364421844,0.4162149727344513,0.18447206914424896,0.015137339942157269,-0.2404889464378357,0.25857406854629517,0.35296857357025146,0.24775275588035583,-0.15397347509860992,-0.42273104190826416,-0.03691836819052696,0.1246534213423729,-0.249979168176651,-0.05928609147667885,0.023704897612333298,-0.09174685925245285,-0.6076424717903137,0.006030081305652857,0.360948771238327,0.05070016533136368,-0.10849087685346603,0.40092068910598755,-0.29170337319374084,0.46690213680267334,-0.23081491887569427,-0.31906527280807495,-0.33664456009864807,0.007547108922153711,-0.13756303489208221,-0.2059052288532257,0.0077559202909469604,0.36828261613845825,0.3215143382549286,0.11076215654611588,0.28250396251678467,-0.5506559014320374,-0.05629485473036766,-0.3194842040538788,-0.05471561849117279,-0.08849085867404938,-0.8784028887748718,-0.16625139117240906,-0.09005095064640045
series_123,-0.06741727888584137,0.4984908699989319,0.46237167716026306,0.5265107154846191,-0.10928914695978165,0.36087143421173096,-0.9562875032424927,-0.013249749317765236,-0.5536623597145081,-0.20961129665374756,-0.6826578378677368,-0.26007765531539917,-0.0808953121304512,0.42657217383384705,0.04045899212360382,-0.6728417873382568,-0.9591184854507446,0.33686158061027527,0.2952726185321808,-0.6626326441764832,-0.49566882848739624,0.26476261019706726,0.6528635025024414,0.33538562059402466,0.037310902029275894,-0.4220249056816101,0.2665940523147583,0.3245074152946472,0.22119034826755524,-0.21601815521717072,-0.5621124505996704,0.08829102665185928,0.06292680650949478,-0.3916279673576355,-0.1233968436717987,-0.061120130121707916,-0.35743197798728943,-0.8523967862129211,0.1815466284751892,0.3959064185619354,0.1390070915222168,-0.06095695123076439,0.6698835492134094,-0.34348151087760925,0.6271758079528809,-0.2505761682987213,-0.48986557126045227,-0.49078673124313354,-0.09301065653562546,-0.08443522453308105,-0.3029945194721222,-0.2223508656024933,0.5135260224342346,0.41693463921546936,0.18668465316295624,0.5768181681632996,-0.8142663836479187,-0.10252232849597931,-0.4244387149810791,0.19701175391674042,0.0572996586561203,-1.142451286315918,-0.23952341079711914,-0.09166352450847626
series_124,0.04019021615386009,0.20950959622859955,0.3128691017627716,0.4306472837924957,-0.08304916322231293,0.20264354348182678,-0.34955140948295593,-0.058833274990320206,-0.2870359420776367,-0.07946190983057022,-0.2777528762817383,-0.18358153104782104,-0.17634111642837524,0.19949959218502045,-0.047134969383478165,-0.3820793032646179,-0.4291885793209076,0.08698049187660217,0.18159975111484528,-0.18053004145622253,-0.22261889278888702,0.1063125729560852,0.2552102208137512,0.1558534950017929,0.09558120369911194,-0.12804991006851196,0.2440723329782486,0.2415074110031128,0.25280532240867615,-0.1370456963777542,-0.3207724690437317,-0.040089819580316544,0.11297524720430374,-0.16635113954544067,-0.0332627035677433,0.06033022329211235,-0.006463601719588041,-0.4708270728588104,-0.06588183343410492,0.280163437128067,-0.021746179088950157,-0.1699366420507431,0.2348211407661438,-0.14415590465068817,0.31635481119155884,-0.14214389026165009,-0.2472718060016632,-0.2362811118364334,0.08554291725158691,-0.19045183062553406,-0.15492509305477142,0.1406945288181305,0.2402953952550888,0.26456260681152344,0.12689493596553802,0.1244083121418953,-0.44462478160858154,-0.048951614648103714,-0.25742945075035095,-0.12310395389795303,-0.06207661330699921,-0.5757566094398499,-0.022949909791350365,-0.09903168678283691
series_125,-0.06140508875250816,0.4872922897338867,0.4480017125606537,0.5236835479736328,-0.09189508855342865,0.3621068000793457,-0.9087010622024536,-0.03215545043349266,-0.5469458699226379,-0.21114733815193176,-0.652605414390564,-0.2597653269767761,-0.11109443008899689,0.4160429537296295,0.0414295569062233,-0.6684584617614746,-0.9378744959831238,0.3248111307621002,0.27616074681282043,-0.6241437792778015,-0.4635680019855499,0.23944136500358582,0.6133487224578857,0.3097335398197174,0.03617297485470772,-0.41067370772361755,0.27110710740089417,0.33489158749580383,0.24256806075572968,-0.21141844987869263,-0.5498526096343994,0.06653871387243271,0.07073301076889038,-0.374093234539032,-0.1317564696073532,-0.05413404852151871,-0.31039273738861084,-0.8324326872825623,0.15479670464992523,0.4040648639202118,0.13526694476604462,-0.07785048335790634,0.6398695707321167,-0.3514707684516907,0.6094281077384949,-0.2548675835132599,-0.46365153789520264,-0.46883636713027954,-0.0820096805691719,-0.09058594703674316,-0.30296313762664795,-0.19162517786026,0.49568119645118713,0.4021737277507782,0.17252737283706665,0.5382897257804871,-0.7765456438064575,-0.08926498889923096,-0.4138197898864746,0.15635091066360474,0.03018846921622753,-1.121551752090454,-0.23455177247524261,-0.08605390042066574
series_126,-0.022802036255598068,0.4376504421234131,0.3942764103412628,0.5058017373085022,-0.06254002451896667,0.3132317066192627,-0.7371999025344849,-0.07223313301801682,-0.4857734739780426,-0.2068951278924942,-0.5473291873931885,-0.20619255304336548,-0.16582229733467102,0.3438446521759033,0.05693403631448746,-0.6288506984710693,-0.7575566172599792,0.23555509746074677,0.24471914768218994,-0.4534185826778412,-0.4022746980190277,0.13511238992214203,0.4687974452972412,0.20823383331298828,0.00046501588076353073,-0.32653549313545227,0.25812143087387085,0.33505070209503174,0.2482149451971054,-0.1645597517490387,-0.49109286069869995,0.00819620955735445,0.09861159324645996,-0.27897337079048157,-0.09450361132621765,-0.015613636933267117,-0.15318284928798676,-0.6885907053947449,0.05545501410961151,0.36746862530708313,0.08891931921243668,-0.12919418513774872,0.4969051480293274,-0.3258911669254303,0.5139392614364624,-0.22788310050964355,-0.37183302640914917,-0.38755300641059875,-0.037821099162101746,-0.14651110768318176,-0.28286153078079224,-0.10285084694623947,0.39237478375434875,0.3585633933544159,0.14038127660751343,0.4097583293914795,-0.6493314504623413,-0.032628390938043594,-0.35365593433380127,0.07338961958885193,-0.056618377566337585,-1.0167773962020874,-0.24196645617485046,-0.05833502858877182
series_127,0.04006742313504219,0.22122260928153992,0.34119558334350586,0.4474848210811615,-0.0726320892572403,0.20719105005264282,-0.3417966365814209,-0.058321867138147354,-0.2967507243156433,-0.08672922849655151,-0.29072579741477966,-0.19397731125354767,-0.18805614113807678,0.21500521898269653,-0.05861448124051094,-0.40370917320251465,-0.45154330134391785,0.09486886113882065,0.1669103503227234,-0.19584451615810394,-0.212652325630188,0.09604661166667938,0.2603490650653839,0.16512855887413025,0.08407796919345856,-0.12099975347518921,0.25543278455734253,0.23789943754673004,0.258123517036438,-0.13058903813362122,-0.33390185236930847,-0.03887662664055824,0.11177175492048264,-0.16891232132911682,-0.046983037143945694,0.06774415075778961,-0.01992381364107132,-0.4851497709751129,-0.07033869624137878,0.30001264810562134,-0.03090178780257702,-0.1439969539642334,0.24779562652111053,-0.13873979449272156,0.32584288716316223,-0.14773036539554596,-0.24702511727809906,-0.23988749086856842,0.08219040930271149,-0.17347678542137146,-0.15003712475299835,0.14987090229988098,0.2550431489944458,0.2777135670185089,0.12487664073705673,0.12399473786354065,-0.45645448565483093,-0.06383372843265533,-0.2681129574775696,-0.13384085893630981,-0.05945012718439102,-0.6015357375144958,-0.011703736148774624,-0.09733740985393524
series_128,-0.0029116468504071236,0.33909276127815247,0.3239547610282898,0.4838266372680664,-0.0558236725628376,0.2767542004585266,-0.5891697406768799,-0.08588074892759323,-0.42760178446769714,-0.16824541985988617,-0.45498475432395935,-0.20539280772209167,-0.1761249303817749,0.28007158637046814,0.0418093279004097,-0.5495327711105347,-0.6458781361579895,0.20888970792293549,0.23988603055477142,-0.3661770522594452,-0.3449627459049225,0.1179620772600174,0.4058876931667328,0.17092427611351013,0.010817083530128002,-0.2706068754196167,0.23316729068756104,0.34648749232292175,0.23283670842647552,-0.1439668983221054,-0.4119773805141449,-0.025562282651662827,0.11002785712480545,-0.24440929293632507,-0.04941890761256218,-0.0006052880198694766,-0.08486055582761765,-0.5862426161766052,0.015411866828799248,0.3283250629901886,0.06455255299806595,-0.13920511305332184,0.3944091498851776,-0.2976644039154053,0.46019262075424194,-0.21459655463695526,-0.33079519867897034,-0.33085542917251587,0.005142322275787592,-0.16967737674713135,-0.21921399235725403,-0.029564090073108673,0.34063974022865295,0.3081354796886444,0.1165282353758812,0.3149052858352661,-0.5476179718971252,-0.018936533480882645,-0.3064744174480438,-0.01162181980907917,-0.08760985732078552,-0.8525979518890381,-0.2040410041809082,-0.06451959908008575
series_129,0.008995416574180126,0.38662028312683105,0.37121543288230896,0.5000786185264587,-0.08212630450725555,0.28437572717666626,-0.6198530793190002,-0.06960537284612656,-0.433724582195282,-0.16053040325641632,-0.4513280987739563,-0.191031351685524,-0.17691519856452942,0.30574363470077515,0.021561289206147194,-0.5505151748657227,-0.6455546021461487,0.1953478902578354,0.22049979865550995,-0.33558836579322815,-0.3385545313358307,0.13301143050193787,0.37363389134407043,0.1711660921573639,0.046691011637449265,-0.2916412055492401,0.28560057282447815,0.31323927640914917,0.29962584376335144,-0.1585041582584381,-0.45403048396110535,-0.008674914948642254,0.0860925167798996,-0.24456216394901276,-0.08996982872486115,0.006765511818230152,-0.06974529474973679,-0.6517822742462158,0.02565787546336651,0.3551231920719147,0.057818830013275146,-0.18567420542240143,0.41372331976890564,-0.27761149406433105,0.4615612030029297,-0.19936653971672058,-0.3271017372608185,-0.3535503149032593,0.01629805378615856,-0.1951121687889099,-0.2621597647666931,-0.016478776931762695,0.3517133593559265,0.3259645104408264,0.156548872590065,0.31167906522750854,-0.6069560050964355,-0.043143924325704575,-0.3395592272281647,-0.0037915315479040146,-0.06727015972137451,-0.9100529551506042,-0.15432848036289215,-0.08372659236192703
series_130,0.014790552668273449,0.2854965925216675,0.37240979075431824,0.4711235761642456,-0.0028397981077432632,0.27573466300964355,-0.4851081371307373,-0.13555023074150085,-0.40697288513183594,-0.14941351115703583,-0.4034298062324524,-0.2672240734100342,-0.23406165838241577,0.2767676115036011,-0.028079135343432426,-0.5305060148239136,-0.6708943247795105,0.15225841104984283,0.18823690712451935,-0.40728938579559326,-0.23822662234306335,0.0676615983247757,0.41905543208122253,0.18966102600097656,0.03147558122873306,-0.16219672560691833,0.2824098467826843,0.3418143093585968,0.24561819434165955,-0.1412017047405243,-0.39012283086776733,-0.03111753985285759,0.12351702898740768,-0.2592681348323822,-0.05211244150996208,0.06122252345085144,-0.09834589809179306,-0.5786512494087219,-0.0024741606321185827,0.37938007712364197,0.03289283812046051,-0.07005234807729721,0.3443402051925659,-0.24363592267036438,0.42707422375679016,-0.2384362667798996,-0.28861290216445923,-0.3156979978084564,0.0451216846704483,-0.11519849300384521,-0.18658731877803802,0.11141013354063034,0.3844653367996216,0.30120548605918884,0.11909524351358414,0.2069571167230606,-0.5210750102996826,-0.06162530556321144,-0.3315991759300232,-0.15049207210540771,-0.07403948903083801,-0.7849472165107727,-0.06447554379701614,-0.12139542400836945
series_131,-0.061490174382925034,0.4972066879272461,0.45371416211128235,0.5286861062049866,-0.09701134264469147,0.3577782213687897,-0.928219199180603,-0.032574113458395004,-0.5490553379058838,-0.21711915731430054,-0.6720501184463501,-0.2514626383781433,-0.10555633902549744,0.4135684669017792,0.04660329967737198,-0.677432656288147,-0.9337829947471619,0.3223972022533417,0.2879810631275177,-0.6321662068367004,-0.48447585105895996,0.24379609525203705,0.6231485605239868,0.31300607323646545,0.024608325213193893,-0.40613827109336853,0.2630367875099182,0.32797691226005554,0.22380726039409637,-0.20453132688999176,-0.5531341433525085,0.07524750381708145,0.07278045266866684,-0.37116801738739014,-0.120400071144104,-0.053496699780225754,-0.3223182260990143,-0.822693407535553,0.16061866283416748,0.39195123314857483,0.13112248480319977,-0.06898491829633713,0.6473509669303894,-0.34351256489753723,0.6095240116119385,-0.2479381412267685,-0.468890517950058,-0.4755992293357849,-0.08740798383951187,-0.08574706315994263,-0.29859858751296997,-0.20910927653312683,0.49707117676734924,0.41258659958839417,0.17880047857761383,0.5537898540496826,-0.7896403670310974,-0.087797611951828,-0.41135677695274353,0.1824706792831421,0.03270207345485687,-1.1359617710113525,-0.2504878342151642,-0.08236027508974075
series_132,0.03026885911822319,0.16190417110919952,0.25461843609809875,0.37581297755241394,-0.04858624190092087,0.18732014298439026,-0.30949485301971436,-0.07031086087226868,-0.27543869614601135,-0.0767255425453186,-0.2577431797981262,-0.19144155085086823,-0.19003115594387054,0.1533685028553009,-0.019146928563714027,-0.36602702736854553,-0.41561171412467957,0.08166156709194183,0.17106585204601288,-0.21293853223323822,-0.19267049431800842,0.07986508309841156,0.2688930630683899,0.1379377841949463,0.06918084621429443,-0.08710146695375443,0.2073296755552292,0.2478872537612915,0.19969570636749268,-0.10637408494949341,-0.2678816318511963,-0.04835409298539162,0.09641928225755692,-0.17472442984580994,-0.004724206402897835,0.06036226451396942,-0.02181776612997055,-0.41126447916030884,-0.056140072643756866,0.25392913818359375,-0.014979636296629906,-0.12854059040546417,0.19040821492671967,-0.14940272271633148,0.2879825830459595,-0.1433895379304886,-0.22053280472755432,-0.2097729593515396,0.06375011056661606,-0.16242997348308563,-0.1441947966814041,0.1404504030942917,0.23169535398483276,0.22004243731498718,0.10802675038576126,0.12420468777418137,-0.3905974328517914,-0.01472474355250597,-0.24299347400665283,-0.13399070501327515,-0.0539168082177639,-0.5080989003181458,-0.03753753751516342,-0.08922680467367172
series_133,-0.03703497722744942,0.4698810577392578,0.42082974314689636,0.520317792892456,-0.07351589947938919,0.3428480625152588,-0.8160062432289124,-0.06140976771712303,-0.5208784341812134,-0.21052199602127075,-0.5975279211997986,-0.23488180339336395,-0.15831682085990906,0.38074713945388794,0.0441170409321785,-0.6512903571128845,-0.8476877212524414,0.28529223799705505,0.2544744312763214,-0.5254539847373962,-0.4191630780696869,0.18888868391513824,0.5251824259757996,0.247594952583313,0.026393014937639236,-0.3752276599407196,0.2785426378250122,0.33624324202537537,0.26945093274116516,-0.1847173422574997,-0.5212560296058655,0.033936310559511185,0.08142898976802826,-0.32302507758140564,-0.12210052460432053,-0.0352337472140789,-0.2149621844291687,-0.7675737142562866,0.106737419962883,0.39419880509376526,0.11316414177417755,-0.11413126438856125,0.563593327999115,-0.34121742844581604,0.563950777053833,-0.24406848847866058,-0.41230425238609314,-0.4302215576171875,-0.05343734472990036,-0.11801528930664062,-0.2961752414703369,-0.13891053199768066,0.4476682245731354,0.37987178564071655,0.16648046672344208,0.4627808928489685,-0.7146590352058411,-0.062369976192712784,-0.3896751403808594,0.09955856204032898,-0.0206760186702013,-1.0794565677642822,-0.22707107663154602,-0.07380536198616028
series_134,0.021715667098760605,0.3061365783214569,0.3587157428264618,0.48722487688064575,-0.0819317027926445,0.2588016390800476,-0.499521404504776,-0.07357611507177353,-0.3784414529800415,-0.12329307198524475,-0.3709017038345337,-0.19308193027973175,-0.18306411802768707,0.2644144296646118,-0.00986451469361782,-0.4854721426963806,-0.5525310039520264,0.14594729244709015,0.20441576838493347,-0.2639065682888031,-0.28957435488700867,0.11871108412742615,0.3156229257583618,0.16519758105278015,0.07345491647720337,-0.21851544082164764,0.2771069407463074,0.295650452375412,0.2918526828289032,-0.1532370001077652,-0.4049588739871979,-0.027194742113351822,0.09727003425359726,-0.2144022136926651,-0.06498440355062485,0.03793700784444809,-0.030463658273220062,-0.5829517245292664,-0.01835206337273121,0.3333771228790283,0.01830952800810337,-0.1916324496269226,0.33412259817123413,-0.22334997355937958,0.4010438024997711,-0.17548374831676483,-0.2879285514354706,-0.3112974762916565,0.057786725461483,-0.2092336267232895,-0.21634459495544434,0.06607463210821152,0.3128626048564911,0.301848828792572,0.14358165860176086,0.2208826243877411,-0.5467838048934937,-0.04753544181585312,-0.3097968101501465,-0.07331698387861252,-0.07168364524841309,-0.7729454636573792,-0.0896592065691948,-0.10349166393280029
series_135,0.039391908794641495,0.08584711700677872,0.14743933081626892,0.23450002074241638,-0.051605913788080215,0.08654677122831345,-0.13560879230499268,-0.027792664244771004,-0.1396196484565735,-0.031240714713931084,-0.14017847180366516,-0.08466561138629913,-0.11323745548725128,0.06783650070428848,-0.013869677670300007,-0.18745899200439453,-0.21344824135303497,0.023013046011328697,0.10077425092458725,-0.08425217866897583,-0.12221577763557434,0.07049164175987244,0.165842667222023,0.10370522737503052,0.032721538096666336,-0.02428422123193741,0.11130175739526749,0.1310807168483734,0.13331188261508942,-0.07331925630569458,-0.14364363253116608,-0.0468386672437191,0.11645270138978958,-0.09815740585327148,0.005044706165790558,0.04627394676208496,0.005132720340043306,-0.2195519506931305,-0.08649343252182007,0.12537772953510284,-0.03406272083520889,-0.08188556879758835,0.10079238563776016,-0.05211822688579559,0.18150217831134796,-0.07984849065542221,-0.15000329911708832,-0.06803649663925171,0.04274497926235199,-0.10092315077781677,-0.05899278074502945,0.1259390115737915,0.07996528595685959,0.15520377457141876,0.024063099175691605,0.0787898376584053,-0.20248249173164368,-0.016953591257333755,-0.14895667135715485,-0.09404651820659637,-0.04682708531618118,-0.2552643120288849,-0.012246391735970974,-0.045718301087617874
series_136,-0.020481836050748825,0.4117033779621124,0.35567358136177063,0.5037643909454346,-0.0425211526453495,0.3202771544456482,-0.7039929628372192,-0.0939735397696495,-0.48220282793045044,-0.2065737098455429,-0.5435919165611267,-0.23259799182415009,-0.17596089839935303,0.3300197124481201,0.04987269639968872,-0.6039895415306091,-0.7627881169319153,0.24167264997959137,0.26144731044769287,-0.46915003657341003,-0.37887582182884216,0.13366295397281647,0.4831292927265167,0.20397919416427612,0.001444089226424694,-0.32032445073127747,0.2431410402059555,0.37221279740333557,0.23552818596363068,-0.1521870344877243,-0.46153536438941956,-0.005968327634036541,0.11957556754350662,-0.28047487139701843,-0.07120316475629807,-0.01894586905837059,-0.15120621025562286,-0.6579037308692932,0.05832330882549286,0.36509039998054504,0.09871432930231094,-0.1136363223195076,0.4839629530906677,-0.3331007659435272,0.5274897813796997,-0.239904522895813,-0.3686862885951996,-0.3779750466346741,-0.022657984867691994,-0.13154160976409912,-0.24616727232933044,-0.09570775181055069,0.397821307182312,0.35264986753463745,0.12744347751140594,0.3813638389110565,-0.6157973408699036,-0.042573075741529465,-0.35420796275138855,0.036285899579524994,-0.07870334386825562,-0.9788552522659302,-0.23289760947227478,-0.05796397849917412
series_137,0.0010982481762766838,0.41216155886650085,0.3787101209163666,0.5047844052314758,-0.0718618631362915,0.2953505218029022,-0.6600375175476074,-0.07685767859220505,-0.45370081067085266,-0.18164724111557007,-0.48940765857696533,-0.1922224909067154,-0.17982730269432068,0.32002460956573486,0.037391290068626404,-0.5833085775375366,-0.6783403754234314,0.21143412590026855,0.2289869338274002,-0.3735150992870331,-0.35931596159935,0.1285196989774704,0.40015363693237305,0.17596381902694702,0.023506425321102142,-0.304536372423172,0.274774432182312,0.32490110397338867,0.28398749232292175,-0.1533261388540268,-0.46677470207214355,-0.006833548657596111,0.09018594026565552,-0.25453466176986694,-0.09011630713939667,-0.00043575750896707177,-0.08907825499773026,-0.6598501801490784,0.03944651782512665,0.3604781925678253,0.06621115654706955,-0.16757023334503174,0.4398208260536194,-0.2953065037727356,0.4860922694206238,-0.2106214165687561,-0.3367306888103485,-0.36661139130592346,-0.0038276102859526873,-0.17546185851097107,-0.26684069633483887,-0.05107394605875015,0.36403408646583557,0.3369656503200531,0.1495029777288437,0.34605756402015686,-0.6199986934661865,-0.037990082055330276,-0.3450389802455902,0.02513177879154682,-0.07136054337024689,-0.9600189328193665,-0.19097119569778442,-0.07048403471708298
series_138,-0.025301236659288406,0.40630948543548584,0.39559438824653625,0.524889349937439,0.021079817786812782,0.35081741213798523,-0.6879598498344421,-0.1464659571647644,-0.5046302676200867,-0.23645253479480743,-0.5721471309661865,-0.3045231103897095,-0.21545305848121643,0.34180858731269836,0.02452554740011692,-0.6550280451774597,-0.8170526623725891,0.27173325419425964,0.2753985822200775,-0.5531976819038391,-0.36694347858428955,0.12530763447284698,0.5392158031463623,0.21288174390792847,-0.002502058632671833,-0.2795064151287079,0.24625708162784576,0.3929150700569153,0.22654663026332855,-0.16291700303554535,-0.4532809555530548,0.00046138919424265623,0.12196304649114609,-0.3113081157207489,-0.05337882414460182,-0.008942238055169582,-0.17313288152217865,-0.6594434976577759,0.07699576020240784,0.4086923599243164,0.09791970252990723,-0.05734182521700859,0.48368534445762634,-0.34825560450553894,0.5250534415245056,-0.28338295221328735,-0.3591271638870239,-0.3960181474685669,-0.030106687918305397,-0.06641849875450134,-0.21833950281143188,-0.07958618551492691,0.4482693374156952,0.35538890957832336,0.11921364814043045,0.36205050349235535,-0.6171264052391052,-0.06598608940839767,-0.351877361536026,0.004148947075009346,-0.07358952611684799,-1.0046826601028442,-0.21192172169685364,-0.09973704069852829
series_139,-0.07109381258487701,0.4942557215690613,0.47504177689552307,0.5297529101371765,-0.11705528199672699,0.3626677393913269,-0.9847728610038757,0.005804663524031639,-0.554628312587738,-0.20195183157920837,-0.6977505683898926,-0.2663314640522003,-0.04143533855676651,0.437684565782547,0.03710553050041199,-0.670050323009491,-0.9738166928291321,0.3439779579639435,0.31930404901504517,-0.7003040909767151,-0.5255433917045593,0.28425779938697815,0.693017840385437,0.36243534088134766,0.03769164904952049,-0.42672625184059143,0.25895917415618896,0.3258208930492401,0.19928045570850372,-0.22555454075336456,-0.5721631646156311,0.10503172129392624,0.056875914335250854,-0.41247040033340454,-0.10886838287115097,-0.07155924290418625,-0.39727967977523804,-0.8694454431533813,0.1957973688840866,0.39401236176490784,0.1421094685792923,-0.040028925985097885,0.6890488266944885,-0.33831530809402466,0.6414706707000732,-0.24474938213825226,-0.5162110924720764,-0.5077067613601685,-0.09381330758333206,-0.08851608633995056,-0.30102217197418213,-0.24164968729019165,0.52792888879776,0.4284246861934662,0.18558380007743835,0.6026914715766907,-0.8399374485015869,-0.11836022138595581,-0.4313407838344574,0.220429927110672,0.07799561321735382,-1.1490082740783691,-0.23867639899253845,-0.1047007292509079
series_140,0.020470578223466873,0.2558955252170563,0.337054580450058,0.46302103996276855,-0.05172233656048775,0.24836130440235138,-0.4388258755207062,-0.08386820554733276,-0.3563466966152191,-0.11255291849374771,-0.3439575135707855,-0.22211048007011414,-0.1959436684846878,0.2411120980978012,-0.022343384101986885,-0.4603719413280487,-0.5451338291168213,0.12594826519489288,0.19109533727169037,-0.27695682644844055,-0.24790997803211212,0.09368179738521576,0.3230021595954895,0.16099080443382263,0.06971926242113113,-0.16706156730651855,0.2722754180431366,0.3053557574748993,0.2617418169975281,-0.13638566434383392,-0.3687405288219452,-0.04109089449048042,0.11460914462804794,-0.20789195597171783,-0.04436125233769417,0.05689418315887451,-0.04133995622396469,-0.5380584597587585,-0.03557385504245758,0.3294939696788788,0.007936419919133186,-0.14715121686458588,0.2993524670600891,-0.21031062304973602,0.3824429512023926,-0.17744643986225128,-0.27240124344825745,-0.287881076335907,0.06557723879814148,-0.1869174987077713,-0.18719178438186646,0.10564923286437988,0.3051341474056244,0.28905507922172546,0.13199780881404877,0.17577680945396423,-0.5048319697380066,-0.051768627017736435,-0.3051450848579407,-0.12396043539047241,-0.06893426179885864,-0.7034827470779419,-0.06003754585981369,-0.10441319644451141
series_141,-0.039053019136190414,0.4812634289264679,0.426770955324173,0.5478634834289551,-0.04458526894450188,0.35691481828689575,-0.8163101077079773,-0.0960601195693016,-0.5388351678848267,-0.24157433211803436,-0.642110288143158,-0.2584330439567566,-0.17239709198474884,0.39051204919815063,0.041964150965213776,-0.6827743053436279,-0.8650736212730408,0.30272236466407776,0.2799278199672699,-0.5778526663780212,-0.43386778235435486,0.18041175603866577,0.5516931414604187,0.2542192339897156,-0.004367117770016193,-0.3511662185192108,0.24067580699920654,0.3518531918525696,0.21637064218521118,-0.1736363023519516,-0.5043001770973206,0.03248487785458565,0.0972093790769577,-0.32647836208343506,-0.0949130654335022,-0.03246152773499489,-0.23228950798511505,-0.7197455167770386,0.11531393229961395,0.3945101499557495,0.10850469768047333,-0.07729624956846237,0.5771915912628174,-0.3449552059173584,0.5561188459396362,-0.2570721209049225,-0.39228034019470215,-0.4253352880477905,-0.06154941767454147,-0.06426045298576355,-0.2575947046279907,-0.16572540998458862,0.46986067295074463,0.3922232687473297,0.1423984318971634,0.4659062922000885,-0.707200825214386,-0.06701751053333282,-0.3705185353755951,0.12385433167219162,-0.034039899706840515,-1.0987484455108643,-0.2612427771091461,-0.06743676960468292
series_142,-0.029140640050172806,0.46380919218063354,0.4203079044818878,0.5246931314468384,-0.047853704541921616,0.34171053767204285,-0.7784552574157715,-0.0832180604338646,-0.5121209621429443,-0.22366665303707123,-0.5900574922561646,-0.2410908192396164,-0.16787733137607574,0.3769114911556244,0.0398234948515892,-0.6500688195228577,-0.8269559741020203,0.2660633623600006,0.2574266493320465,-0.521454393863678,-0.40651896595954895,0.1587168425321579,0.5180389285087585,0.23750609159469604,0.00823665689677,-0.3477093577384949,0.26549655199050903,0.3471899926662445,0.25366541743278503,-0.17587155103683472,-0.5070316791534424,0.019853685051202774,0.10134945064783096,-0.3099713921546936,-0.10310640931129456,-0.027358949184417725,-0.1972409039735794,-0.7273849248886108,0.08343389630317688,0.3975881040096283,0.10250256955623627,-0.10338177531957626,0.5410745739936829,-0.3362688720226288,0.5501267910003662,-0.24555577337741852,-0.3944459557533264,-0.4137074053287506,-0.04702240973711014,-0.10644090175628662,-0.2785221338272095,-0.12054391950368881,0.4352127015590668,0.38299259543418884,0.14446969330310822,0.4287801682949066,-0.6834520697593689,-0.06358152627944946,-0.378007173538208,0.0775710716843605,-0.04358331114053726,-1.0637377500534058,-0.22834205627441406,-0.0695749819278717
series_143,0.0425548329949379,0.0766022577881813,0.13367630541324615,0.22234728932380676,-0.06765326857566833,0.09310245513916016,-0.14561882615089417,-0.032449912279844284,-0.12949320673942566,-0.02476445958018303,-0.14107489585876465,-0.10170979052782059,-0.11701542884111404,0.05526416748762131,-0.03192458674311638,-0.1751469075679779,-0.22110983729362488,0.005754765123128891,0.11589804291725159,-0.09916805475950241,-0.12643130123615265,0.08862664550542831,0.17599724233150482,0.1066029816865921,0.05709948018193245,-0.026345372200012207,0.10919453948736191,0.11861002445220947,0.12951458990573883,-0.08814314007759094,-0.1478799730539322,-0.0206899456679821,0.08988454192876816,-0.10717367380857468,-0.0025797782000154257,0.05137156695127487,-0.003523740451782942,-0.23485077917575836,-0.06997543573379517,0.13223369419574738,-0.04039096459746361,-0.08867544680833817,0.10103422403335571,-0.04835064709186554,0.16057662665843964,-0.07882027328014374,-0.16225731372833252,-0.08429248631000519,0.054789379239082336,-0.09331908822059631,-0.0802101120352745,0.13136598467826843,0.08888787031173706,0.15479840338230133,0.06479894369840622,0.06085710600018501,-0.22699019312858582,-0.01381008606404066,-0.14056704938411713,-0.09428264200687408,-0.03571111336350441,-0.2504793107509613,0.003158093662932515,-0.0542561300098896
series_144,0.0003700209781527519,0.39146098494529724,0.3686433434486389,0.4994463622570038,-0.07345888018608093,0.2906079590320587,-0.6420465707778931,-0.07120697945356369,-0.4458147883415222,-0.170364648103714,-0.47219350934028625,-0.1988612413406372,-0.17376834154129028,0.31370672583580017,0.028580399230122566,-0.5646536350250244,-0.6768036484718323,0.2069644182920456,0.22724933922290802,-0.36697208881378174,-0.3502044379711151,0.13234125077724457,0.4012165665626526,0.18145856261253357,0.034565478563308716,-0.30335697531700134,0.27672719955444336,0.32643625140190125,0.28500500321388245,-0.1584530919790268,-0.45764753222465515,-0.008732269518077374,0.09662742167711258,-0.2525145709514618,-0.08777421712875366,-0.0017596250399947166,-0.09219948202371597,-0.6546136736869812,0.02924126200377941,0.3578372299671173,0.06873676925897598,-0.1673511266708374,0.43205153942108154,-0.29381000995635986,0.4789884090423584,-0.20823730528354645,-0.3424376845359802,-0.35835742950439453,0.004466345999389887,-0.18271693587303162,-0.2612014412879944,-0.03343188017606735,0.3609953224658966,0.3324284851551056,0.14780612289905548,0.33093276619911194,-0.6076439023017883,-0.04099438712000847,-0.34235405921936035,0.004899995401501656,-0.06979052722454071,-0.923358142375946,-0.17632395029067993,-0.07437613606452942
series_145,-0.0487244538962841,0.489666610956192,0.43230512738227844,0.5352914929389954,-0.08438631147146225,0.3524831533432007,-0.8714122176170349,-0.05904250964522362,-0.5411259531974792,-0.22069595754146576,-0.6457627415657043,-0.24469763040542603,-0.14151866734027863,0.4007878303527832,0.04435399919748306,-0.6757993698120117,-0.8984394669532776,0.3089366853237152,0.27199652791023254,-0.5838810205459595,-0.4539512097835541,0.21484370529651642,0.573874831199646,0.2778615355491638,0.014554108493030071,-0.38443484902381897,0.26160097122192383,0.3357888162136078,0.23299643397331238,-0.19246000051498413,-0.5304856896400452,0.050549883395433426,0.08671068400144577,-0.34099432826042175,-0.1201537698507309,-0.041576266288757324,-0.2687598764896393,-0.7778719067573547,0.13491059839725494,0.39251935482025146,0.12268978357315063,-0.08581321686506271,0.6131287813186646,-0.3463546633720398,0.5812777280807495,-0.2532545328140259,-0.430158793926239,-0.44755780696868896,-0.07307758182287216,-0.08362793922424316,-0.2841973900794983,-0.18243134021759033,0.4777403771877289,0.3985835611820221,0.16632713377475739,0.5071470141410828,-0.7471703290939331,-0.07334836572408676,-0.39036065340042114,0.1474437564611435,-0.0035951004829257727,-1.1114442348480225,-0.2548445463180542,-0.06930720806121826
series_146,-0.013161753304302692,0.4159545600414276,0.38464465737342834,0.5093731880187988,-0.03884996101260185,0.31498217582702637,-0.6801576614379883,-0.09467396885156631,-0.4734358489513397,-0.21064986288547516,-0.5334534049034119,-0.22493183612823486,-0.1834532618522644,0.32911354303359985,0.041259557008743286,-0.6072425842285156,-0.7303439974784851,0.23226629197597504,0.2487327754497528,-0.438947856426239,-0.3743552565574646,0.11976639926433563,0.4563423693180084,0.1982029378414154,0.0012433258816599846,-0.3051230311393738,0.24771657586097717,0.3517642915248871,0.24877889454364777,-0.1517624855041504,-0.46184542775154114,-0.006413753144443035,0.110773004591465,-0.2688154876232147,-0.07315117120742798,-0.009334604255855083,-0.13125717639923096,-0.6523931622505188,0.04430535435676575,0.36597368121147156,0.07796971499919891,-0.12251963466405869,0.46349820494651794,-0.31641098856925964,0.5096542835235596,-0.23203648626804352,-0.3562668263912201,-0.37200725078582764,-0.022999564185738564,-0.13544389605522156,-0.24766585230827332,-0.07631897926330566,0.3858731985092163,0.35045769810676575,0.12950550019741058,0.36476930975914,-0.6114673018455505,-0.04218160733580589,-0.34629374742507935,0.030912363901734352,-0.07697091996669769,-0.9786327481269836,-0.22000612318515778,-0.06487813591957092
series_147,-0.07818682491779327,0.4812556207180023,0.4703467786312103,0.5161704421043396,-0.13482920825481415,0.35772714018821716,-0.9956461191177368,0.027553832158446312,-0.5575209856033325,-0.1809154748916626,-0.6809319257736206,-0.2602664828300476,-0.017649658024311066,0.4388921856880188,0.03946748375892639,-0.6579785346984863,-0.981589674949646,0.3453546464443207,0.31268227100372314,-0.7049062848091125,-0.5324515700340271,0.2938174307346344,0.7027126550674438,0.37573254108428955,0.04760767146945,-0.43887269496917725,0.2651161849498749,0.32363229990005493,0.2037903219461441,-0.23619166016578674,-0.5792091488838196,0.1094471737742424,0.046211838722229004,-0.4267714023590088,-0.11802565306425095,-0.072564497590065,-0.4138035476207733,-0.8932468891143799,0.20284858345985413,0.38973551988601685,0.1479269415140152,-0.046509768813848495,0.6999810934066772,-0.3415360748767853,0.6418970227241516,-0.24380643665790558,-0.5282114744186401,-0.5102925300598145,-0.09241002053022385,-0.1094210147857666,-0.31444665789604187,-0.2404738962650299,0.5288203954696655,0.41989269852638245,0.18544282019138336,0.6236792802810669,-0.8510721921920776,-0.11503975838422775,-0.4349119961261749,0.22668147087097168,0.1004892960190773,-1.1365357637405396,-0.23261745274066925,-0.1164926141500473
series_148,0.023440781980752945,0.31831246614456177,0.3898485600948334,0.5098021030426025,-0.09645238518714905,0.2692488431930542,-0.5098219513893127,-0.060206856578588486,-0.3781939148902893,-0.1218852698802948,-0.3756542205810547,-0.19855114817619324,-0.17475539445877075,0.2834152281284332,-0.030610596761107445,-0.47983261942863464,-0.5672271847724915,0.15331220626831055,0.20500348508358002,-0.25362008810043335,-0.29978057742118835,0.13437925279140472,0.3201908767223358,0.1812058985233307,0.09812057763338089,-0.23074954748153687,0.29825013875961304,0.28642722964286804,0.31644660234451294,-0.17467035353183746,-0.42265236377716064,-0.017837289720773697,0.09472651034593582,-0.213837131857872,-0.0848752111196518,0.034911006689071655,-0.041125260293483734,-0.6259697079658508,-0.021934764459729195,0.34935012459754944,0.021319525316357613,-0.19782477617263794,0.35446295142173767,-0.21502657234668732,0.4088965654373169,-0.17345038056373596,-0.3113360106945038,-0.31785792112350464,0.06775791198015213,-0.22089073061943054,-0.2263660579919815,0.0709347277879715,0.325083464384079,0.31997916102409363,0.15982939302921295,0.2129158228635788,-0.573231041431427,-0.06964573264122009,-0.3256804347038269,-0.08124097436666489,-0.06119367480278015,-0.7946347594261169,-0.06450825929641724,-0.11160727590322495
series_149,-0.04888743534684181,0.48635542392730713,0.44162869453430176,0.5301220417022705,-0.06977632641792297,0.3585292100906372,-0.8704348802566528,-0.05970543250441551,-0.5380355715751648,-0.22447332739830017,-0.6451308727264404,-0.2527332603931427,-0.14170561730861664,0.39740946888923645,0.0465630367398262,-0.6751818060874939,-0.8923357129096985,0.30856984853744507,0.2793336808681488,-0.5878569483757019,-0.45307600498199463,0.21197094023227692,0.5792902708053589,0.27748903632164,0.020305927842855453,-0.38556602597236633,0.26493820548057556,0.3392311930656433,0.2431497722864151,-0.1906905472278595,-0.5346408486366272,0.05388676002621651,0.07937688380479813,-0.3486083149909973,-0.11413906514644623,-0.04678211361169815,-0.2640494406223297,-0.7871621251106262,0.13243575394153595,0.39820802211761475,0.12168478965759277,-0.08421941846609116,0.6010133028030396,-0.3465801775455475,0.5894036293029785,-0.25009849667549133,-0.43727800250053406,-0.4554269313812256,-0.07138403505086899,-0.09124338626861572,-0.2919098436832428,-0.17652851343154907,0.4755801260471344,0.39863792061805725,0.1676948219537735,0.5043416619300842,-0.747718870639801,-0.07329867035150528,-0.3982321619987488,0.13831749558448792,-0.0006212458829395473,-1.116737723350525,-0.24498528242111206,-0.07839025557041168
series_150,-0.037705179303884506,0.44761282205581665,0.38489022850990295,0.514631986618042,-0.0832715630531311,0.3252999782562256,-0.7829834222793579,-0.06408374756574631,-0.5130966901779175,-0.20068252086639404,-0.5773667097091675,-0.22231914103031158,-0.15885208547115326,0.3595220446586609,0.05011238157749176,-0.6372466087341309,-0.8237448930740356,0.26776039600372314,0.2543017268180847,-0.49876847863197327,-0.4152764081954956,0.17610414326190948,0.5080211162567139,0.235441192984581,0.013653400354087353,-0.35950857400894165,0.26023736596107483,0.3429012894630432,0.2435123771429062,-0.1790342479944229,-0.49698618054389954,0.021280143409967422,0.09824880957603455,-0.30016058683395386,-0.10942334681749344,-0.025912217795848846,-0.19911043345928192,-0.7213088870048523,0.08679811656475067,0.3713296949863434,0.11130540817975998,-0.12012987583875656,0.5472075939178467,-0.3408702313899994,0.5379106998443604,-0.2409268170595169,-0.39554956555366516,-0.40522146224975586,-0.042588792741298676,-0.12544777989387512,-0.2800213098526001,-0.13130861520767212,0.4284417927265167,0.36680373549461365,0.15164007246494293,0.4459216296672821,-0.6810125112533569,-0.045783478766679764,-0.3658502995967865,0.0934797078371048,-0.037798233330249786,-1.0294147729873657,-0.2479935884475708,-0.06082131341099739
series_151,0.030781835317611694,0.22564183175563812,0.33075469732284546,0.4538317918777466,-0.09515736997127533,0.21532770991325378,-0.3764529526233673,-0.04915926232933998,-0.3000178933143616,-0.09082254022359848,-0.2922264039516449,-0.1783064752817154,-0.16005495190620422,0.2155587375164032,-0.03856992721557617,-0.38766610622406006,-0.4388614594936371,0.09552913159132004,0.19131357967853546,-0.1828404664993286,-0.24687758088111877,0.10565157234668732,0.26798057556152344,0.16412800550460815,0.0990847796201706,-0.14857280254364014,0.24843229353427887,0.25218942761421204,0.2610180675983429,-0.14571623504161835,-0.34379294514656067,-0.038627807050943375,0.11243227124214172,-0.17142415046691895,-0.03990699350833893,0.056292615830898285,-0.012897170148789883,-0.4995574355125427,-0.06999102979898453,0.2907411754131317,-0.016925355419516563,-0.1845748871564865,0.260495126247406,-0.1513337343931198,0.33466607332229614,-0.13682711124420166,-0.26434326171875,-0.24864906072616577,0.08428239077329636,-0.21726036071777344,-0.1729622483253479,0.1281457543373108,0.24535559117794037,0.28632864356040955,0.12681226432323456,0.13909143209457397,-0.4714965224266052,-0.05351905897259712,-0.27451542019844055,-0.1137390285730362,-0.05921453237533569,-0.6119521260261536,-0.02947325073182583,-0.09719963371753693
series_152,0.02457096055150032,0.3002285063266754,0.2917567789554596,0.4336148202419281,-0.07481196522712708,0.215707927942276,-0.49590861797332764,-0.06606677174568176,-0.3567776679992676,-0.14448213577270508,-0.3730156719684601,-0.154440239071846,-0.16031508147716522,0.22890084981918335,0.04134758189320564,-0.475124716758728,-0.5055060386657715,0.14339962601661682,0.2094985693693161,-0.2529861330986023,-0.29568251967430115,0.08875299990177155,0.3147050738334656,0.13073065876960754,0.017002005130052567,-0.22547608613967896,0.21741048991680145,0.2883692979812622,0.232527956366539,-0.1158328503370285,-0.3718021810054779,-0.037846121937036514,0.10412297397851944,-0.1943923681974411,-0.03066917136311531,0.022332344204187393,-0.01994616538286209,-0.4977051913738251,-0.0221299696713686,0.2764018476009369,0.025766262784600258,-0.1815306842327118,0.30341702699661255,-0.24626557528972626,0.39143216609954834,-0.17624759674072266,-0.2767941355705261,-0.28308072686195374,0.011008857749402523,-0.19793298840522766,-0.20997606217861176,0.02400786057114601,0.25900429487228394,0.2667165696620941,0.1146150752902031,0.25369223952293396,-0.4806520342826843,-0.0027456923853605986,-0.26346105337142944,-0.02119969017803669,-0.09230609238147736,-0.7336158156394958,-0.16835622489452362,-0.05297151580452919
series_153,-0.019069809466600418,0.44675976037979126,0.3965948522090912,0.5187621712684631,-0.07672406733036041,0.31753021478652954,-0.7411820888519287,-0.07158266752958298,-0.49408379197120667,-0.19964474439620972,-0.5509728193283081,-0.20846621692180634,-0.17251774668693542,0.3537834882736206,0.04214414954185486,-0.6256104111671448,-0.7697495222091675,0.2521672546863556,0.23974330723285675,-0.4505949318408966,-0.3940071165561676,0.15759941935539246,0.4621734023094177,0.21158838272094727,0.015997324138879776,-0.3423367738723755,0.27228474617004395,0.3305794298648834,0.2694636881351471,-0.16776852309703827,-0.4934473931789398,0.011973951943218708,0.08990565687417984,-0.2842705249786377,-0.10940555483102798,-0.016862869262695312,-0.15519671142101288,-0.7078467011451721,0.0738343596458435,0.37491878867149353,0.09161293506622314,-0.13813522458076477,0.510665774345398,-0.3223535716533661,0.5226799249649048,-0.2310640811920166,-0.3725190758705139,-0.39377617835998535,-0.03115224279463291,-0.1392137110233307,-0.2780829071998596,-0.10278820991516113,0.4093112051486969,0.3601546883583069,0.1554262936115265,0.40941736102104187,-0.6667670607566833,-0.04706397280097008,-0.3629499673843384,0.069256491959095,-0.05108164995908737,-1.026100516319275,-0.22227197885513306,-0.06379306316375732
series_154,-0.023970481008291245,0.4401547312736511,0.4125297963619232,0.5262499451637268,-0.020021086558699608,0.33963605761528015,-0.7154647707939148,-0.1072276309132576,-0.4997972249984741,-0.23095647990703583,-0.577445387840271,-0.2585638761520386,-0.19240273535251617,0.3592023253440857,0.03638762980699539,-0.6415711641311646,-0.80068439245224,0.2635382413864136,0.2530502378940582,-0.5069740414619446,-0.37618377804756165,0.1362389475107193,0.5010063648223877,0.22033214569091797,0.00044454168528318405,-0.3167697787284851,0.252069354057312,0.35999372601509094,0.24677899479866028,-0.16455411911010742,-0.4807904064655304,6.115890573710203e-05,0.11588207632303238,-0.29501351714134216,-0.08682254701852798,-0.013171731494367123,-0.16786985099315643,-0.6884511113166809,0.06854332983493805,0.3927399814128876,0.09131079167127609,-0.09266691654920578,0.5068170428276062,-0.33072206377983093,0.5399004220962524,-0.2568308711051941,-0.36795440316200256,-0.3908544182777405,-0.03753764182329178,-0.09230229258537292,-0.24173089861869812,-0.09696932137012482,0.4285470247268677,0.3691214621067047,0.12661632895469666,0.3865872621536255,-0.6364983916282654,-0.06942200660705566,-0.3650533854961395,0.04007206857204437,-0.07027050852775574,-1.033867597579956,-0.21791069209575653,-0.07394707947969437
series_155,-0.0782313197851181,0.48617127537727356,0.4653363525867462,0.5187084674835205,-0.13205955922603607,0.3593299984931946,-0.9859093427658081,0.018526291474699974,-0.5584723949432373,-0.1868935078382492,-0.6803810000419617,-0.262201726436615,-0.03811918944120407,0.4356313943862915,0.04024060070514679,-0.6620940566062927,-0.982964813709259,0.34601086378097534,0.30215802788734436,-0.6917245984077454,-0.5191277265548706,0.2879496216773987,0.6879469156265259,0.3651944696903229,0.04911600425839424,-0.43736785650253296,0.26735207438468933,0.32383885979652405,0.2115134745836258,-0.2341541349887848,-0.5730766654014587,0.10244322568178177,0.05106721818447113,-0.41648656129837036,-0.12648193538188934,-0.06843269616365433,-0.3993277847766876,-0.8874958753585815,0.1983143836259842,0.3927004337310791,0.14842091500759125,-0.053799476474523544,0.6956597566604614,-0.34474053978919983,0.6385337114334106,-0.24788333475589752,-0.5176593661308289,-0.5033562779426575,-0.09414701908826828,-0.10131576657295227,-0.3122945725917816,-0.23571738600730896,0.5264446139335632,0.4157371520996094,0.18754711747169495,0.6117656826972961,-0.8403703570365906,-0.11099239438772202,-0.4333646893501282,0.2166595757007599,0.09049195051193237,-1.135886549949646,-0.23394623398780823,-0.10826557129621506
series_156,0.0072570620104670525,0.37240028381347656,0.39160236716270447,0.5131516456604004,-0.08290812373161316,0.28800323605537415,-0.599240779876709,-0.06561195105314255,-0.42761972546577454,-0.15757472813129425,-0.44256800413131714,-0.20048747956752777,-0.17395706474781036,0.3100626468658447,0.002162711462005973,-0.5414462685585022,-0.6447537541389465,0.19170145690441132,0.21749013662338257,-0.3254208266735077,-0.337723970413208,0.1360948234796524,0.37477952241897583,0.18698175251483917,0.06107553467154503,-0.28066179156303406,0.29076749086380005,0.3093236982822418,0.3052229583263397,-0.17084158957004547,-0.4527336359024048,-0.009181450121104717,0.09029069542884827,-0.2405034303665161,-0.09349553287029266,0.010686864145100117,-0.07754930108785629,-0.6603302955627441,0.009353352710604668,0.36215242743492126,0.052113354206085205,-0.17869317531585693,0.4097638726234436,-0.26743146777153015,0.4536535143852234,-0.1949506253004074,-0.3390251696109772,-0.3467927575111389,0.028130849823355675,-0.1979529708623886,-0.2565046548843384,0.005622364580631256,0.3544929325580597,0.33298808336257935,0.15661506354808807,0.28916135430336,-0.6057600378990173,-0.05505439639091492,-0.3410058915615082,-0.028155913576483727,-0.060535773634910583,-0.8921529650688171,-0.13014814257621765,-0.09305723011493683
series_157,-0.041519444435834885,0.4780043065547943,0.4252912402153015,0.5235611200332642,-0.07008134573698044,0.34680402278900146,-0.8340164422988892,-0.0634617730975151,-0.5265904664993286,-0.21931174397468567,-0.617565393447876,-0.2381538599729538,-0.15679284930229187,0.3827773332595825,0.04962459206581116,-0.6618220210075378,-0.8580507040023804,0.29146403074264526,0.26540324091911316,-0.5452176928520203,-0.43152502179145813,0.1924230307340622,0.5418288707733154,0.25290217995643616,0.019856702536344528,-0.37588122487068176,0.27071303129196167,0.3387513756752014,0.2558494508266449,-0.1820041388273239,-0.5239607691764832,0.039756450802087784,0.08177611231803894,-0.32794031500816345,-0.11568982899188995,-0.03813980147242546,-0.22783875465393066,-0.7680730223655701,0.11507721245288849,0.39215904474258423,0.11414266377687454,-0.10275750607252121,0.5731808543205261,-0.34190860390663147,0.5731837153434753,-0.2445097118616104,-0.4189082086086273,-0.43766501545906067,-0.060093559324741364,-0.1072181761264801,-0.29374241828918457,-0.15536153316497803,0.4542536735534668,0.38615310192108154,0.16746443510055542,0.47632184624671936,-0.722959578037262,-0.06331471353769302,-0.3927139639854431,0.11566333472728729,-0.017878325656056404,-1.0962209701538086,-0.2386178821325302,-0.07152102887630463
series_158,0.008134874515235424,0.38004785776138306,0.36685892939567566,0.4875187873840332,-0.07086551189422607,0.2780335247516632,-0.6121718287467957,-0.06949406117200851,-0.42508023977279663,-0.16655747592449188,-0.44573625922203064,-0.1869487762451172,-0.17218586802482605,0.2978031635284424,0.03290915489196777,-0.5506114959716797,-0.6317899823188782,0.18048934638500214,0.21843689680099487,-0.33443087339401245,-0.33998820185661316,0.11150933802127838,0.3746383786201477,0.16552549600601196,0.03128667548298836,-0.27783557772636414,0.2739880084991455,0.31595155596733093,0.28348425030708313,-0.1518181711435318,-0.4489089548587799,-0.015551107935607433,0.09513857215642929,-0.23756781220436096,-0.07808447629213333,0.009425261057913303,-0.06737930327653885,-0.6311451196670532,0.011555178090929985,0.34840935468673706,0.05362597852945328,-0.17835834622383118,0.3992680311203003,-0.2798870801925659,0.45609232783317566,-0.19720806181430817,-0.3234333097934723,-0.3458642065525055,0.007809056434780359,-0.19728228449821472,-0.2622266113758087,-0.0156799778342247,0.3344632685184479,0.3223818838596344,0.14412538707256317,0.30884605646133423,-0.5889049172401428,-0.032768432050943375,-0.3324594795703888,-0.0034989360719919205,-0.07368611544370651,-0.898670494556427,-0.16819651424884796,-0.07502005249261856
series_159,0.02957070618867874,0.27053770422935486,0.33711910247802734,0.47209781408309937,-0.08031022548675537,0.23393870890140533,-0.4356174170970917,-0.06303296238183975,-0.34534430503845215,-0.11336810886859894,-0.3393366038799286,-0.1859298199415207,-0.16936954855918884,0.24608206748962402,-0.019524389877915382,-0.4441995918750763,-0.49974551796913147,0.1305941790342331,0.19872239232063293,-0.22729486227035522,-0.27174270153045654,0.10532988607883453,0.293964684009552,0.16199597716331482,0.07200466096401215,-0.19060781598091125,0.2520993649959564,0.2813912034034729,0.2693732678890228,-0.14160874485969543,-0.36642733216285706,-0.04787774011492729,0.1183171346783638,-0.1903550624847412,-0.04900569096207619,0.03817157447338104,-0.022952251136302948,-0.5276197791099548,-0.04834422469139099,0.30901944637298584,0.006759510841220617,-0.17765727639198303,0.30069106817245483,-0.20114795863628387,0.37868642807006836,-0.16239459812641144,-0.2789469361305237,-0.27252668142318726,0.05892443656921387,-0.20465728640556335,-0.18775829672813416,0.08986878395080566,0.2754703760147095,0.29250502586364746,0.1205526813864708,0.1881338357925415,-0.4974861741065979,-0.05107653886079788,-0.28564921021461487,-0.0901702344417572,-0.07532656192779541,-0.6960710287094116,-0.07908155024051666,-0.08758565038442612
series_160,-0.0045799510553479195,0.3841235935688019,0.37324026226997375,0.5060193538665771,-0.041156310588121414,0.31300806999206543,-0.6400652527809143,-0.08867465704679489,-0.4563136696815491,-0.18220385909080505,-0.4902540445327759,-0.23445077240467072,-0.18607176840305328,0.31870952248573303,0.026682013645768166,-0.5770648717880249,-0.7097213268280029,0.22244514524936676,0.24270431697368622,-0.404001921415329,-0.3448042571544647,0.12899400293827057,0.4310397505760193,0.1873944103717804,0.03581397980451584,-0.2949938476085663,0.2752496004104614,0.3559650480747223,0.27930426597595215,-0.1583259403705597,-0.45382383465766907,-0.015764202922582626,0.1109083741903305,-0.2643396258354187,-0.07668792456388474,-0.00537677388638258,-0.10322927683591843,-0.6617043018341064,0.030234171077609062,0.37226158380508423,0.08107554912567139,-0.14152207970619202,0.4368249773979187,-0.30889713764190674,0.499908447265625,-0.22663338482379913,-0.3489513099193573,-0.3655319809913635,0.007433644030243158,-0.16544991731643677,-0.24650394916534424,-0.03743918240070343,0.3816019296646118,0.33886101841926575,0.1377696394920349,0.32570934295654297,-0.6008398532867432,-0.053145136684179306,-0.35411566495895386,-0.015370642766356468,-0.0778714120388031,-0.9381234645843506,-0.17387701570987701,-0.08459080755710602
series_161,0.00942432414740324,0.3860825300216675,0.3662700355052948,0.4953520596027374,-0.07797382026910782,0.2811342775821686,-0.6174275279045105,-0.07279590517282486,-0.4308580756187439,-0.1647127866744995,-0.45251190662384033,-0.18689501285552979,-0.1773848831653595,0.30069592595100403,0.028803208842873573,-0.5529541373252869,-0.6362844109535217,0.19145925343036652,0.22284150123596191,-0.33397799730300903,-0.3403245806694031,0.12455825507640839,0.3716565668582916,0.16504983603954315,0.03721852973103523,-0.28633153438568115,0.27762722969055176,0.31544962525367737,0.29039493203163147,-0.1523205190896988,-0.450302392244339,-0.011931846849620342,0.08864929527044296,-0.24083420634269714,-0.08275598287582397,0.007903714664280415,-0.06401186436414719,-0.638285756111145,0.02306261472404003,0.3496614396572113,0.055584825575351715,-0.18376632034778595,0.40694302320480347,-0.27862444519996643,0.46059685945510864,-0.1990797221660614,-0.32176339626312256,-0.3515128791332245,0.012331723235547543,-0.19435057044029236,-0.260110467672348,-0.02063097059726715,0.34391388297080994,0.32311782240867615,0.15067008137702942,0.3131890892982483,-0.5984781384468079,-0.03647572919726372,-0.3340545892715454,0.0015698540955781937,-0.07274232059717178,-0.9087512493133545,-0.16607064008712769,-0.07838144898414612
series_162,0.00184572022408247,0.3112446963787079,0.37691619992256165,0.4770524799823761,0.020416544750332832,0.2944256663322449,-0.5185258388519287,-0.14330223202705383,-0.428697407245636,-0.1751493364572525,-0.44966673851013184,-0.2952171266078949,-0.24574296176433563,0.2914128303527832,-0.015658682212233543,-0.561271607875824,-0.7162668108940125,0.1915905922651291,0.2031852751970291,-0.4533456861972809,-0.24731232225894928,0.07268552482128143,0.45096123218536377,0.19223147630691528,0.03026740625500679,-0.184108704328537,0.27555763721466064,0.3613909184932709,0.24064774811267853,-0.14901556074619293,-0.39805731177330017,-0.03880370780825615,0.13754600286483765,-0.2665359377861023,-0.05428171530365944,0.052524834871292114,-0.11588265746831894,-0.6000191569328308,0.015912188217043877,0.38714560866355896,0.05734534561634064,-0.05945145711302757,0.37433308362960815,-0.27258288860321045,0.46322423219680786,-0.2666371464729309,-0.2928318679332733,-0.32322925329208374,0.026698259636759758,-0.09179310500621796,-0.18038353323936462,0.06773185729980469,0.4080185294151306,0.3097892105579376,0.11146637052297592,0.2316717803478241,-0.5230733752250671,-0.0740671157836914,-0.3478948473930359,-0.1301296055316925,-0.0797094777226448,-0.8377249836921692,-0.09346659481525421,-0.11757340282201767
series_163,-0.06994418799877167,0.49413228034973145,0.46313032507896423,0.5238598585128784,-0.11406929790973663,0.3584202527999878,-0.9660964608192444,-0.005784386768937111,-0.554063081741333,-0.20417355000972748,-0.6831291913986206,-0.25606483221054077,-0.0663815587759018,0.4256308376789093,0.04370763152837753,-0.6714605093002319,-0.9596419930458069,0.33377543091773987,0.30191293358802795,-0.6707389950752258,-0.5088320374488831,0.26888129115104675,0.6635451316833496,0.34290704131126404,0.03401165083050728,-0.4219796657562256,0.2635696530342102,0.32494401931762695,0.21184305846691132,-0.21783320605754852,-0.5667547583580017,0.09343830496072769,0.06119033694267273,-0.3970118761062622,-0.1179305911064148,-0.0628461167216301,-0.3684614598751068,-0.8554524779319763,0.18234674632549286,0.3904939591884613,0.139011412858963,-0.05605443939566612,0.6746891140937805,-0.34184736013412476,0.6273817420005798,-0.24538932740688324,-0.49827149510383606,-0.49489808082580566,-0.09245336800813675,-0.09254777431488037,-0.30570822954177856,-0.22774846851825714,0.5135951042175293,0.419607013463974,0.1849467158317566,0.589055061340332,-0.8219165205955505,-0.10165651887655258,-0.42413651943206787,0.20754629373550415,0.0640592873096466,-1.1414910554885864,-0.24418191611766815,-0.09618361294269562
series_164,0.03891674056649208,0.15790900588035583,0.22358033061027527,0.3421748876571655,-0.06046031787991524,0.1518820971250534,-0.27645424008369446,-0.056186456233263016,-0.23956574499607086,-0.07658765465021133,-0.2351229041814804,-0.13976772129535675,-0.15558041632175446,0.12684907019138336,-0.0050977617502212524,-0.3237963914871216,-0.34632936120033264,0.0759040117263794,0.1636071354150772,-0.1612771898508072,-0.19831791520118713,0.09132488071918488,0.24819901585578918,0.12532082200050354,0.038828302174806595,-0.09495905786752701,0.17028699815273285,0.21497377753257751,0.1887292116880417,-0.10313548147678375,-0.24497903883457184,-0.04238784685730934,0.09274192899465561,-0.15545475482940674,0.0045419614762067795,0.04320526868104935,-0.002019419800490141,-0.361937016248703,-0.06874770671129227,0.20709627866744995,-0.026591146364808083,-0.12333104759454727,0.16211318969726562,-0.13167044520378113,0.2708844840526581,-0.12234623730182648,-0.22785893082618713,-0.17535392940044403,0.04888153076171875,-0.15058660507202148,-0.12838274240493774,0.12287631630897522,0.17169426381587982,0.20116212964057922,0.08722580224275589,0.12740233540534973,-0.3395376205444336,-0.00549223693087697,-0.19886812567710876,-0.10394476354122162,-0.05697944015264511,-0.45728766918182373,-0.05761126056313515,-0.0729711502790451
series_165,-0.039284598082304,0.4783141613006592,0.44374674558639526,0.5357798337936401,-0.029006673023104668,0.37964051961898804,-0.8611879348754883,-0.08629073947668076,-0.5450279712677002,-0.23964311182498932,-0.6556615829467773,-0.2893843352794647,-0.15297751128673553,0.40224361419677734,0.0319228321313858,-0.6885687708854675,-0.901997983455658,0.32730045914649963,0.31252336502075195,-0.6197728514671326,-0.4461555778980255,0.20785635709762573,0.6028973460197449,0.27223435044288635,0.02670145407319069,-0.3758606016635895,0.26032787561416626,0.3610886037349701,0.24349112808704376,-0.18462596833705902,-0.525494396686554,0.05680610612034798,0.07947035133838654,-0.36284691095352173,-0.08682586997747421,-0.05799926072359085,-0.2624759376049042,-0.7706958055496216,0.13727016746997833,0.41730016469955444,0.13050685822963715,-0.06577207893133163,0.5828273892402649,-0.364922434091568,0.5902819037437439,-0.27089083194732666,-0.43455377221107483,-0.4729614853858948,-0.06379172950983047,-0.07516035437583923,-0.28405821323394775,-0.17284360527992249,0.49278727173805237,0.4000924527645111,0.1647637039422989,0.49025362730026245,-0.7452194690704346,-0.07461345195770264,-0.3924497961997986,0.12235255539417267,-0.005038113798946142,-1.117458701133728,-0.23983219265937805,-0.09494977444410324
series_166,-9.63779166340828e-05,0.36355456709861755,0.3563738763332367,0.4966125190258026,-0.04320516064763069,0.2903045117855072,-0.5952655076980591,-0.10233303159475327,-0.44450843334198,-0.178633451461792,-0.4663931727409363,-0.21221818029880524,-0.19719110429286957,0.29653382301330566,0.03559847176074982,-0.5705520510673523,-0.6569986343383789,0.20121802389621735,0.2316480278968811,-0.37839147448539734,-0.3345007002353668,0.1073264330625534,0.39583301544189453,0.17220227420330048,0.01177732553333044,-0.26257720589637756,0.24826641380786896,0.3444395065307617,0.2512860596179962,-0.14028850197792053,-0.4273541271686554,-0.027823951095342636,0.10297117382287979,-0.25031906366348267,-0.06071013957262039,0.012344309128820896,-0.0791475847363472,-0.6024789214134216,0.02152119390666485,0.3472628891468048,0.055210620164871216,-0.14598587155342102,0.4016290009021759,-0.2907092869281769,0.46237632632255554,-0.21879331767559052,-0.3099360466003418,-0.3426511883735657,0.008803739212453365,-0.15773315727710724,-0.22790652513504028,-0.020771905779838562,0.35769155621528625,0.3167012333869934,0.12014953047037125,0.30920398235321045,-0.5683338046073914,-0.030816558748483658,-0.32144683599472046,-0.014368565753102303,-0.08804627507925034,-0.8953376412391663,-0.18753769993782043,-0.07812415063381195
series_167,0.045366764068603516,0.09803485125303268,0.1796610951423645,0.2737398147583008,-0.06343835592269897,0.10597213357686996,-0.15164989233016968,-0.022583073005080223,-0.15873952209949493,-0.0316353477537632,-0.15805156528949738,-0.11310944706201553,-0.12789620459079742,0.08758432418107986,-0.035698506981134415,-0.21629345417022705,-0.2576788663864136,0.02340124174952507,0.1196102648973465,-0.10432180762290955,-0.12983404099941254,0.0765337198972702,0.18776491284370422,0.12148672342300415,0.05843835696578026,-0.026303518563508987,0.13921378552913666,0.14362888038158417,0.15392160415649414,-0.09029552340507507,-0.17785535752773285,-0.036833520978689194,0.11257672309875488,-0.11340033262968063,-0.004426490515470505,0.052183374762535095,-0.0032707746140658855,-0.27379563450813293,-0.09459251910448074,0.16787812113761902,-0.03746980428695679,-0.0937405452132225,0.11737392097711563,-0.05165416747331619,0.19077028334140778,-0.09047235548496246,-0.17742286622524261,-0.09581010043621063,0.06536854058504105,-0.11742198467254639,-0.08060184866189957,0.14650267362594604,0.11031988263130188,0.1809493750333786,0.05445579066872597,0.0713295191526413,-0.25074291229248047,-0.02609064429998398,-0.1792643666267395,-0.1109495759010315,-0.04515279829502106,-0.29945507645606995,0.01169737521559,-0.060359079390764236
series_168,-0.004749876447021961,0.3674089312553406,0.36470267176628113,0.5030004382133484,-0.04207036271691322,0.3064512610435486,-0.6198532581329346,-0.0871373787522316,-0.4457336664199829,-0.17577801644802094,-0.47662797570228577,-0.23413680493831635,-0.18608829379081726,0.3069111704826355,0.028720492497086525,-0.5705563426017761,-0.6897796988487244,0.21783626079559326,0.24144822359085083,-0.3886905014514923,-0.34494006633758545,0.12397311627864838,0.4216108024120331,0.1817171275615692,0.035444602370262146,-0.2810090482234955,0.26717209815979004,0.3558116853237152,0.26954320073127747,-0.1579476296901703,-0.44003015756607056,-0.022124778479337692,0.11273778975009918,-0.25623276829719543,-0.06944002211093903,-0.002347971312701702,-0.09419871121644974,-0.6456555724143982,0.02285545878112316,0.36429622769355774,0.07698416709899902,-0.14077924191951752,0.42012280225753784,-0.3050931394100189,0.4879155158996582,-0.22204960882663727,-0.34451183676719666,-0.35434406995773315,0.009989178739488125,-0.1715984344482422,-0.23737256228923798,-0.03088526427745819,0.3708716332912445,0.3296019732952118,0.13218720257282257,0.316011905670166,-0.5850898623466492,-0.04573463276028633,-0.3445022404193878,-0.022173350676894188,-0.07971607893705368,-0.9135720133781433,-0.176814466714859,-0.08286236971616745
series_169,0.004672828130424023,0.3995622396469116,0.3763834834098816,0.5033046007156372,-0.07948613166809082,0.29023489356040955,-0.6405699253082275,-0.07122815400362015,-0.4440566301345825,-0.1695699691772461,-0.4693068563938141,-0.19174449145793915,-0.17712756991386414,0.31353259086608887,0.027647698298096657,-0.5650860071182251,-0.6635974049568176,0.2036134898662567,0.22350111603736877,-0.35287097096443176,-0.3489716351032257,0.13336440920829773,0.3865981698036194,0.17528419196605682,0.03818640857934952,-0.3004555106163025,0.28288698196411133,0.3173556625843048,0.2954960763454437,-0.15799468755722046,-0.46208134293556213,-0.006397034041583538,0.08679715543985367,-0.2501329779624939,-0.09302514791488647,0.0031930292025208473,-0.08032845705747604,-0.6605430245399475,0.032607898116111755,0.3587808310985565,0.06276766955852509,-0.17873619496822357,0.4289208650588989,-0.2858043313026428,0.4737159311771393,-0.2042669951915741,-0.3336600363254547,-0.3606381416320801,0.0073201642371714115,-0.1875913441181183,-0.26644933223724365,-0.0323009118437767,0.3590862452983856,0.3323217034339905,0.15493202209472656,0.3289981782436371,-0.6164543032646179,-0.042205411940813065,-0.34414058923721313,0.009259538725018501,-0.06715986877679825,-0.9346598386764526,-0.16888225078582764,-0.07873265445232391
series_170,0.02987200766801834,0.17422349750995636,0.29267439246177673,0.3877834975719452,-0.014848681166768074,0.21337449550628662,-0.33399835228919983,-0.09916764497756958,-0.30399441719055176,-0.07696487754583359,-0.29620611667633057,-0.24438588321208954,-0.23119096457958221,0.1788787990808487,-0.04257664084434509,-0.405195415019989,-0.5313909649848938,0.08407184481620789,0.15817928314208984,-0.30686691403388977,-0.17012472450733185,0.047776151448488235,0.3507928252220154,0.17761477828025818,0.05872516706585884,-0.060675520449876785,0.24347032606601715,0.2887156903743744,0.1948503702878952,-0.1095258891582489,-0.2909579277038574,-0.04133365675806999,0.1250709593296051,-0.21161319315433502,-0.02463528886437416,0.07951564341783524,-0.0817381888628006,-0.4703207015991211,-0.040269553661346436,0.30280613899230957,0.00010298335109837353,-0.05427737161517143,0.2378535121679306,-0.1484147608280182,0.3412116765975952,-0.19712521135807037,-0.24188196659088135,-0.23110102117061615,0.07011721283197403,-0.12534567713737488,-0.13508528470993042,0.17292171716690063,0.30652812123298645,0.24441537261009216,0.11101319640874863,0.1292455941438675,-0.4169313907623291,-0.042072150856256485,-0.2922786772251129,-0.18983173370361328,-0.06122951954603195,-0.5638700127601624,-0.008128694258630276,-0.1061379462480545
series_171,-0.06034616753458977,0.49738895893096924,0.45439833402633667,0.528759241104126,-0.0941912978887558,0.35725653171539307,-0.9248327016830444,-0.033861156553030014,-0.5467131733894348,-0.21862924098968506,-0.6708422899246216,-0.2509533762931824,-0.10945253074169159,0.41129544377326965,0.04810497164726257,-0.6785874962806702,-0.9277021288871765,0.3205581307411194,0.28878921270370483,-0.6273865699768066,-0.4828524887561798,0.24089720845222473,0.6194663047790527,0.30850982666015625,0.024901334196329117,-0.40408116579055786,0.26408275961875916,0.3280515670776367,0.22603018581867218,-0.2026214599609375,-0.5523592829704285,0.07481160014867783,0.07198641449213028,-0.36870142817497253,-0.11870475113391876,-0.05394793301820755,-0.31669220328330994,-0.8212828040122986,0.1583273857831955,0.39278098940849304,0.1293671578168869,-0.06974925845861435,0.6409631967544556,-0.34261295199394226,0.6100085973739624,-0.24648232758045197,-0.4684704542160034,-0.47577035427093506,-0.0866411104798317,-0.08683234453201294,-0.2998678684234619,-0.20711743831634521,0.4938574731349945,0.4117012619972229,0.18070222437381744,0.5486862063407898,-0.787133514881134,-0.08660422265529633,-0.4122506082057953,0.17885847389698029,0.03015643171966076,-1.137136459350586,-0.24942505359649658,-0.08137135952711105
series_172,0.04088270291686058,0.20032016932964325,0.3049125373363495,0.4169609844684601,-0.07647399604320526,0.19138358533382416,-0.32773804664611816,-0.05310899391770363,-0.2786402702331543,-0.08021852374076843,-0.2697039246559143,-0.18342620134353638,-0.17322909832000732,0.1909647434949875,-0.0497359000146389,-0.3700515627861023,-0.41803327202796936,0.08148036897182465,0.1778184324502945,-0.18187884986400604,-0.2087482064962387,0.09502656012773514,0.2592489421367645,0.15330994129180908,0.09025680273771286,-0.11591364443302155,0.23766089975833893,0.23071862757205963,0.24281218647956848,-0.12851083278656006,-0.3070610463619232,-0.036446478217840195,0.10653316974639893,-0.16328862309455872,-0.027391012758016586,0.06050577759742737,-0.014387941919267178,-0.45286813378334045,-0.07250497490167618,0.2756093740463257,-0.025586014613509178,-0.15725722908973694,0.22053851187229156,-0.13561449944972992,0.3033190965652466,-0.14055921137332916,-0.24255642294883728,-0.2259155958890915,0.08175967633724213,-0.17920932173728943,-0.15398003160953522,0.15109992027282715,0.23271444439888,0.2579013407230377,0.12483272701501846,0.11428548395633698,-0.4297114908695221,-0.04692675173282623,-0.25292935967445374,-0.1273849904537201,-0.054184071719646454,-0.5494539141654968,-0.013088948093354702,-0.09454300254583359
series_173,-0.04787275567650795,0.4913889765739441,0.4420572817325592,0.5278357267379761,-0.07450234889984131,0.35192596912384033,-0.8688421249389648,-0.057014044374227524,-0.5345394015312195,-0.22552251815795898,-0.6423640251159668,-0.24168230593204498,-0.14194008708000183,0.3959308862686157,0.05044664442539215,-0.6734713315963745,-0.8844009041786194,0.2985396683216095,0.2735443413257599,-0.578493058681488,-0.45194920897483826,0.20539462566375732,0.570734441280365,0.27397626638412476,0.014852325432002544,-0.3828454315662384,0.265129029750824,0.3338830769062042,0.2410372495651245,-0.18816131353378296,-0.5369210243225098,0.05193338170647621,0.08176954835653305,-0.3417210578918457,-0.1163223460316658,-0.04316544532775879,-0.2603135406970978,-0.7847045063972473,0.1279451996088028,0.3944110572338104,0.11687339842319489,-0.08701660484075546,0.6003304719924927,-0.3400481641292572,0.5866785049438477,-0.24480749666690826,-0.4358517527580261,-0.4506317377090454,-0.07378982752561569,-0.09379562735557556,-0.2958868741989136,-0.17632216215133667,0.4674045145511627,0.400225430727005,0.16858689486980438,0.5022438168525696,-0.7454559206962585,-0.07304450124502182,-0.3992263674736023,0.14216536283493042,-0.004481063690036535,-1.1196719408035278,-0.24655140936374664,-0.07163427770137787
series_174,-0.02347494289278984,0.38894161581993103,0.37137570977211,0.5162261724472046,-0.03853674605488777,0.30859968066215515,-0.6309022903442383,-0.09362535923719406,-0.4769144356250763,-0.19745339453220367,-0.5059272050857544,-0.22902154922485352,-0.19662928581237793,0.31631195545196533,0.04717254638671875,-0.5970995426177979,-0.7160350680351257,0.2262936681509018,0.24228088557720184,-0.4212593734264374,-0.3493969440460205,0.11451812088489532,0.43376022577285767,0.1935736984014511,0.013683284632861614,-0.2847915589809418,0.24372698366641998,0.36678603291511536,0.24206621944904327,-0.1545279175043106,-0.4397239685058594,-0.030527349561452866,0.1156979352235794,-0.25883084535598755,-0.07285194098949432,0.004838836379349232,-0.11166074126958847,-0.6402613520622253,0.028529254719614983,0.35730043053627014,0.06803670525550842,-0.13357321918010712,0.4440659284591675,-0.3078974783420563,0.4955386221408844,-0.22365371882915497,-0.332424134016037,-0.3480622470378876,0.0007759618456475437,-0.13848638534545898,-0.23067396879196167,-0.05676469951868057,0.38355132937431335,0.32885485887527466,0.11432882398366928,0.3340359330177307,-0.5815144181251526,-0.04792590066790581,-0.3450874090194702,0.004325525835156441,-0.083866186439991,-0.9457218647003174,-0.2061830759048462,-0.07549525052309036
series_175,0.03439174219965935,0.07876609265804291,0.19005972146987915,0.27972084283828735,-0.052875809371471405,0.1376102864742279,-0.18258027732372284,-0.05404530465602875,-0.17693515121936798,-0.021482916548848152,-0.16794519126415253,-0.1467321813106537,-0.16327404975891113,0.07752292603254318,-0.03603417053818703,-0.24257329106330872,-0.3133656978607178,0.015957336872816086,0.1238631159067154,-0.15227662026882172,-0.14521361887454987,0.06858395040035248,0.23596155643463135,0.13732478022575378,0.06648878753185272,-0.004681196995079517,0.16113372147083282,0.18898352980613708,0.14986364543437958,-0.09976416081190109,-0.18784762918949127,-0.03901556506752968,0.11485128849744797,-0.13914576172828674,-0.005189616233110428,0.0723709687590599,-0.02987530827522278,-0.31717991828918457,-0.07719800621271133,0.1910824328660965,-0.035987161099910736,-0.06757652014493942,0.1315097212791443,-0.06280253827571869,0.21690633893013,-0.10444075614213943,-0.1999337375164032,-0.11925451457500458,0.07284378260374069,-0.1324521005153656,-0.09699950367212296,0.1700243055820465,0.15002790093421936,0.18982172012329102,0.06838462501764297,0.07458537071943283,-0.2844889163970947,-0.013419625349342823,-0.20202910900115967,-0.1519557535648346,-0.04096599295735359,-0.32938480377197266,0.007948764599859715,-0.07778976112604141
series_176,-0.023167874664068222,0.4220581650733948,0.3922121226787567,0.5226528644561768,-0.025673141703009605,0.33536627888679504,-0.6987048387527466,-0.10207919031381607,-0.4943702816963196,-0.21756279468536377,-0.5562659502029419,-0.26063328981399536,-0.1927235722541809,0.3464813530445099,0.03508874773979187,-0.6306537389755249,-0.7912644743919373,0.25772908329963684,0.25808751583099365,-0.49016448855400085,-0.3710152208805084,0.13781945407390594,0.495639443397522,0.2095821499824524,0.011535639874637127,-0.3118882179260254,0.25882935523986816,0.36972323060035706,0.2481408715248108,-0.1678900420665741,-0.4695664644241333,-0.0030244989320635796,0.11469428986310959,-0.2896057963371277,-0.0817810520529747,-0.01558264996856451,-0.15634068846702576,-0.6844926476478577,0.06046566367149353,0.3922928273677826,0.09755311906337738,-0.0992622897028923,0.4888642430305481,-0.334543377161026,0.530646800994873,-0.2510251998901367,-0.3696605861186981,-0.38596785068511963,-0.023141169920563698,-0.10928994417190552,-0.2443544864654541,-0.08749568462371826,0.42133718729019165,0.3576221466064453,0.13116474449634552,0.3703223764896393,-0.626480758190155,-0.06194848194718361,-0.36552199721336365,0.023602748289704323,-0.07062956690788269,-1.0073785781860352,-0.21073946356773376,-0.07730916142463684
series_177,0.013164672069251537,0.37613993883132935,0.37342143058776855,0.5015912652015686,-0.08275561779737473,0.2827533185482025,-0.6006984710693359,-0.07166508585214615,-0.4260696470737457,-0.15463508665561676,-0.4383305609226227,-0.19326940178871155,-0.17908000946044922,0.30252140760421753,0.011179858818650246,-0.5392208099365234,-0.6333715319633484,0.18959040939807892,0.216478630900383,-0.3226645886898041,-0.32853251695632935,0.13391777873039246,0.363120436668396,0.1710730791091919,0.05480066314339638,-0.28285759687423706,0.2896654009819031,0.30918046832084656,0.30630120635032654,-0.15969525277614594,-0.4488544166088104,-0.010175640694797039,0.08703943341970444,-0.24099859595298767,-0.08930329978466034,0.012171906419098377,-0.06263963133096695,-0.6460128426551819,0.019946886226534843,0.35551080107688904,0.051783137023448944,-0.18908362090587616,0.4036027193069458,-0.2687135636806488,0.4525912404060364,-0.19721738994121552,-0.3207225799560547,-0.3487852215766907,0.024856826290488243,-0.19736871123313904,-0.2550407946109772,0.0001270400534849614,0.34927046298980713,0.32447853684425354,0.1575118452310562,0.29495978355407715,-0.601806640625,-0.04818035289645195,-0.3362494111061096,-0.018460260704159737,-0.0674755722284317,-0.8917023539543152,-0.137745201587677,-0.09048616886138916
series_178,0.0025028912350535393,0.3703722357749939,0.42579782009124756,0.507317066192627,0.03019445575773716,0.31534987688064575,-0.5865501165390015,-0.1540089249610901,-0.454998642206192,-0.21269959211349487,-0.5176680684089661,-0.30399003624916077,-0.24498093128204346,0.3357917368412018,-0.015605701133608818,-0.6178515553474426,-0.7829257845878601,0.22652363777160645,0.21232454478740692,-0.5098827481269836,-0.27743837237358093,0.08848509192466736,0.49321451783180237,0.21615415811538696,0.00803519319742918,-0.22214339673519135,0.2784055173397064,0.3543955385684967,0.24474643170833588,-0.1575518250465393,-0.4423390328884125,-0.019514601677656174,0.13365522027015686,-0.2900994122028351,-0.07336980104446411,0.033588893711566925,-0.14384208619594574,-0.6448444724082947,0.04324130713939667,0.4177815020084381,0.07185245305299759,-0.04005567356944084,0.432315468788147,-0.2940440773963928,0.5066008567810059,-0.29505783319473267,-0.3172665536403656,-0.36042550206184387,-0.005800673272460699,-0.05064040422439575,-0.18655407428741455,0.02503025531768799,0.44453665614128113,0.33635684847831726,0.11477335542440414,0.27314478158950806,-0.5613346695899963,-0.09588655084371567,-0.359618604183197,-0.09582320600748062,-0.09121943265199661,-0.935082733631134,-0.11553928256034851,-0.10800310224294662
series_179,-0.04205081984400749,0.4928542673587799,0.4494677186012268,0.5286505222320557,-0.06111777201294899,0.3554961085319519,-0.8589386940002441,-0.06840168684720993,-0.5331951975822449,-0.23218533396720886,-0.6406012177467346,-0.24544396996498108,-0.1437828242778778,0.4017748534679413,0.04298368841409683,-0.6724545955657959,-0.8822507262229919,0.295226126909256,0.2718064785003662,-0.5857836604118347,-0.44339606165885925,0.1982424110174179,0.5704057216644287,0.2749994397163391,0.008543129079043865,-0.3779539465904236,0.2645271122455597,0.33429163694381714,0.24314133822917938,-0.185799241065979,-0.5384907126426697,0.049504999071359634,0.08404293656349182,-0.3452340364456177,-0.1126563549041748,-0.04200659692287445,-0.25697967410087585,-0.7763069868087769,0.12458811700344086,0.4013882577419281,0.11309406161308289,-0.08142250031232834,0.597146213054657,-0.338218629360199,0.5829457640647888,-0.24920549988746643,-0.4266076385974884,-0.44842472672462463,-0.0738949403166771,-0.0848478376865387,-0.291009783744812,-0.16617201268672943,0.4686439633369446,0.4050067365169525,0.15909257531166077,0.4930703938007355,-0.7400670647621155,-0.07848948240280151,-0.395142138004303,0.1348106861114502,-0.009837361052632332,-1.1208642721176147,-0.23960718512535095,-0.07465825229883194
series_180,0.024137642234563828,0.006287275347858667,0.06927308440208435,0.10395751893520355,-0.03125281631946564,0.05671506002545357,-0.05785920098423958,-0.021693138405680656,-0.03667502850294113,0.023894544690847397,-0.06783414632081985,-0.08262397348880768,-0.09093530476093292,-0.005391696467995644,-0.050955191254615784,-0.08127937465906143,-0.1310146003961563,-0.04369371756911278,0.06991855055093765,-0.08191507309675217,-0.06268931180238724,0.041832517832517624,0.11705191433429718,0.08460477739572525,0.07556226849555969,0.051502007991075516,0.06955456733703613,0.06048049405217171,0.0576479472219944,-0.050583984702825546,-0.04995434358716011,-0.004177871160209179,0.07596169412136078,-0.08016075193881989,0.0031715782824903727,0.0547916516661644,-0.02050895430147648,-0.1191791221499443,-0.027253782376646996,0.09021823108196259,-0.045884307473897934,-0.030766408890485764,0.048992082476615906,0.0049439589492976665,0.07718490809202194,-0.03251797705888748,-0.10294494032859802,-0.03360800817608833,0.03843391686677933,-0.05231049656867981,-0.05605465918779373,0.12650439143180847,0.047093648463487625,0.09151339530944824,0.04069293290376663,0.022912606596946716,-0.1394699066877365,-0.006170547101646662,-0.1091860979795456,-0.08079708367586136,-0.011991346254944801,-0.08114646375179291,0.03924258053302765,-0.035182807594537735
series_181,-0.04153699800372124,0.4786570072174072,0.4342806041240692,0.5329685211181641,-0.05200497433543205,0.3564210534095764,-0.8335285782814026,-0.07799657434225082,-0.5341705083847046,-0.22876283526420593,-0.6292039155960083,-0.2591213285923004,-0.15512415766716003,0.3981929123401642,0.03875086456537247,-0.673821210861206,-0.883449375629425,0.2982363998889923,0.27270057797431946,-0.578782320022583,-0.43052563071250916,0.1916503757238388,0.5636459589004517,0.2652532458305359,0.012362229637801647,-0.3698141276836395,0.2627800703048706,0.34735265374183655,0.2431827187538147,-0.18705472350120544,-0.5242888331413269,0.037536267191171646,0.09658227860927582,-0.3380054533481598,-0.10992001742124557,-0.03872708976268768,-0.24201922118663788,-0.758616030216217,0.11325256526470184,0.40548476576805115,0.11717115342617035,-0.08356460183858871,0.5861865878105164,-0.3504088819026947,0.5734469890594482,-0.25943756103515625,-0.4159315526485443,-0.43990740180015564,-0.06287882477045059,-0.08259078860282898,-0.2791709303855896,-0.1545414924621582,0.4686599373817444,0.39673295617103577,0.1494109332561493,0.47371670603752136,-0.7209832072257996,-0.07526399195194244,-0.38549375534057617,0.11376606673002243,-0.02098405547440052,-1.09879469871521,-0.24144159257411957,-0.07677741348743439
series_182,-0.031738605350255966,0.4443296790122986,0.3832838833332062,0.5195822715759277,-0.03659680113196373,0.3378554582595825,-0.7569512128829956,-0.09601407498121262,-0.5087716579437256,-0.23017244040966034,-0.5930949449539185,-0.24893930554389954,-0.17009343206882477,0.3599979281425476,0.050943225622177124,-0.6415387988090515,-0.8236019015312195,0.26278284192085266,0.27344074845314026,-0.5309504866600037,-0.40244260430336,0.14251017570495605,0.5277802348136902,0.2311023324728012,-0.009536107070744038,-0.3326762616634369,0.23221203684806824,0.37051454186439514,0.21375155448913574,-0.16264167428016663,-0.48212578892707825,0.009164740331470966,0.12190153449773788,-0.29958558082580566,-0.08006572723388672,-0.02493663877248764,-0.19799481332302094,-0.679803192615509,0.07554155588150024,0.3805365264415741,0.10971865803003311,-0.09014568477869034,0.5307297706604004,-0.34568560123443604,0.5424109697341919,-0.25397294759750366,-0.3836870491504669,-0.39625000953674316,-0.04460587352514267,-0.09646087884902954,-0.2521876096725464,-0.1305251121520996,0.42957738041877747,0.3752651512622833,0.12298331409692764,0.4200439453125,-0.6484460830688477,-0.05109482631087303,-0.3620295226573944,0.07737106084823608,-0.06504614651203156,-1.0302793979644775,-0.256001353263855,-0.053394678980112076
series_183,0.03812912851572037,0.04223928600549698,0.1178136020898819,0.16339734196662903,-0.04233222454786301,0.06593691557645798,-0.08351672440767288,-0.01271173544228077,-0.07939483970403671,0.012475286610424519,-0.108135886490345,-0.09187892824411392,-0.12400507926940918,0.03739162161946297,-0.06013873219490051,-0.14414699375629425,-0.1963253766298294,-0.02674311213195324,0.07572479546070099,-0.09851185232400894,-0.05724125728011131,0.04615703225135803,0.13812807202339172,0.11439797282218933,0.07090574502944946,0.0409032367169857,0.10090894252061844,0.07872350513935089,0.08823378384113312,-0.056109845638275146,-0.09770401567220688,-0.01141026895493269,0.09949023276567459,-0.09304429590702057,-0.005814023315906525,0.05482175946235657,-0.032416824251413345,-0.17159266769886017,-0.059764690697193146,0.12030533701181412,-0.045230891555547714,-0.039287302643060684,0.0692640021443367,0.0011493979254737496,0.11788777261972427,-0.06972936540842056,-0.11749915778636932,-0.054760098457336426,0.05981287732720375,-0.05360303446650505,-0.05511147156357765,0.15598544478416443,0.08751758933067322,0.1229541078209877,0.041150402277708054,0.0470263697206974,-0.17573872208595276,-0.019503185525536537,-0.14238974452018738,-0.09937027841806412,-0.02877551130950451,-0.14298617839813232,0.04631580784916878,-0.04542932286858559
series_184,0.02445143088698387,0.31325456500053406,0.33880436420440674,0.4747360646724701,-0.08156932890415192,0.24025237560272217,-0.5007920265197754,-0.05811415985226631,-0.36662888526916504,-0.14271153509616852,-0.3804091811180115,-0.16906629502773285,-0.15687912702560425,0.25981849431991577,0.01798163540661335,-0.48348724842071533,-0.5242430567741394,0.15075597167015076,0.21170668303966522,-0.24681352078914642,-0.311089426279068,0.09965871274471283,0.3145398199558258,0.15543711185455322,0.04264114424586296,-0.22873488068580627,0.2383982539176941,0.29156121611595154,0.25972914695739746,-0.13938967883586884,-0.39319708943367004,-0.04391373321413994,0.11366503685712814,-0.19702069461345673,-0.05320663005113602,0.020996447652578354,-0.02674499899148941,-0.5479828715324402,-0.03429843485355377,0.3062657415866852,0.028912367299199104,-0.18754942715168,0.3306364119052887,-0.23666031658649445,0.40712469816207886,-0.17264077067375183,-0.2935630977153778,-0.2893504798412323,0.027814416214823723,-0.2133849561214447,-0.2143164873123169,0.03161361441016197,0.2780022919178009,0.29748889803886414,0.11421217769384384,0.2462777942419052,-0.5133137702941895,-0.03185086324810982,-0.28867408633232117,-0.037988610565662384,-0.08700583875179291,-0.7699989676475525,-0.14227695763111115,-0.06484977900981903
series_185,0.015955012291669846,0.3644561171531677,0.3626718819141388,0.49447348713874817,-0.08713670074939728,0.27280697226524353,-0.5834840536117554,-0.06958165019750595,-0.4150979518890381,-0.14922374486923218,-0.4245430827140808,-0.18587957322597504,-0.1765425056219101,0.2909839153289795,0.012381458654999733,-0.5274784564971924,-0.610711932182312,0.1804409772157669,0.21623976528644562,-0.30541369318962097,-0.32404762506484985,0.13027644157409668,0.351321280002594,0.16474241018295288,0.054200995713472366,-0.27357229590415955,0.28280386328697205,0.3046659231185913,0.2990860044956207,-0.15627014636993408,-0.4382568299770355,-0.012987005524337292,0.08738025277853012,-0.23252253234386444,-0.08177319914102554,0.014779423363506794,-0.052447907626628876,-0.6270353198051453,0.01325906626880169,0.34440699219703674,0.046304717659950256,-0.19405131042003632,0.3875468969345093,-0.26170337200164795,0.4398943781852722,-0.19147299230098724,-0.3130090534687042,-0.339794397354126,0.02766127698123455,-0.20251339673995972,-0.2496330738067627,0.007047094404697418,0.3362182676792145,0.31589874625205994,0.1551205962896347,0.2848566174507141,-0.5871576070785522,-0.04211915656924248,-0.32581013441085815,-0.01993941329419613,-0.07051154971122742,-0.8664242029190063,-0.1378205120563507,-0.08800563961267471
series_186,-0.011241030879318714,0.37482571601867676,0.3512875437736511,0.5044974088668823,-0.04196358099579811,0.28794071078300476,-0.605067789554596,-0.10041370242834091,-0.45040249824523926,-0.20234183967113495,-0.49748513102531433,-0.2097173035144806,-0.17845571041107178,0.30728381872177124,0.054466232657432556,-0.5833348035812378,-0.6758302450180054,0.22130371630191803,0.24108345806598663,-0.4039932191371918,-0.36095425486564636,0.10023152828216553,0.4266466498374939,0.18297061324119568,-0.01868043839931488,-0.27208366990089417,0.20641355216503143,0.351309210062027,0.20784948766231537,-0.14643147587776184,-0.4218718409538269,-0.03922732546925545,0.1335006058216095,-0.24388852715492249,-0.05807030200958252,0.004896664060652256,-0.10896315425634384,-0.5829874277114868,0.020198849961161613,0.33429470658302307,0.06655235588550568,-0.1150764748454094,0.43137210607528687,-0.30433160066604614,0.4801516830921173,-0.23040197789669037,-0.3264276385307312,-0.32473480701446533,-0.020278887823224068,-0.1321130096912384,-0.20802369713783264,-0.0633159801363945,0.35432523488998413,0.3284340798854828,0.08475273102521896,0.3376905024051666,-0.5513134598731995,-0.03615538403391838,-0.30783796310424805,0.022416645660996437,-0.09719333052635193,-0.910755455493927,-0.24155956506729126,-0.05005767568945885
series_187,-0.0522727333009243,0.49690350890159607,0.44300487637519836,0.5282492637634277,-0.08283229917287827,0.3524414896965027,-0.8901697993278503,-0.05043738707900047,-0.5405371189117432,-0.2259371131658554,-0.6567879915237427,-0.24122866988182068,-0.1328289657831192,0.3992445766925812,0.051170237362384796,-0.6762968301773071,-0.8991320729255676,0.30609554052352905,0.2801223695278168,-0.5953502058982849,-0.46413394808769226,0.21657980978488922,0.5873556137084961,0.2845684885978699,0.014190415851771832,-0.38921257853507996,0.2620266079902649,0.33090177178382874,0.23050759732723236,-0.19053253531455994,-0.5410539507865906,0.060210470110177994,0.07998073846101761,-0.34786123037338257,-0.11539141833782196,-0.046175822615623474,-0.2813795506954193,-0.792117178440094,0.13963499665260315,0.38919639587402344,0.12129198014736176,-0.080318383872509,0.6161153316497803,-0.339731365442276,0.5927435755729675,-0.2450188845396042,-0.4460735619068146,-0.4575701057910919,-0.07886125892400742,-0.08857956528663635,-0.2955789268016815,-0.1915530115365982,0.4767751097679138,0.4056296646595001,0.17439493536949158,0.521023690700531,-0.7595993876457214,-0.07542475312948227,-0.40286579728126526,0.16031129658222198,0.0050937519408762455,-1.127685785293579,-0.2527320981025696,-0.07173677533864975
series_188,-0.016685564070940018,0.42973092198371887,0.4000933766365051,0.5219361186027527,-0.07195653021335602,0.3284948766231537,-0.7169747948646545,-0.07356760650873184,-0.49376732110977173,-0.18605905771255493,-0.529971718788147,-0.23382775485515594,-0.17772231996059418,0.3582780361175537,0.014754706993699074,-0.6004899740219116,-0.7871042490005493,0.2546248137950897,0.2322092354297638,-0.44870439171791077,-0.36211246252059937,0.17325858771800995,0.4608522653579712,0.2215445637702942,0.050354067236185074,-0.3501107692718506,0.29793423414230347,0.3365391790866852,0.3059513568878174,-0.18022117018699646,-0.49296844005584717,0.01204026211053133,0.08839289844036102,-0.2938716411590576,-0.12110457569360733,-0.013690079562366009,-0.15447571873664856,-0.7328079342842102,0.07015599310398102,0.3924589455127716,0.09694980084896088,-0.14638683199882507,0.5089262127876282,-0.3211384117603302,0.5239877700805664,-0.23533383011817932,-0.37642475962638855,-0.3948344588279724,-0.008716546930372715,-0.14422860741615295,-0.27598389983177185,-0.06643933802843094,0.42540255188941956,0.36095404624938965,0.16419965028762817,0.37924304604530334,-0.6685715317726135,-0.07123494148254395,-0.3775695860385895,0.021451974287629128,-0.04398930072784424,-1.0013387203216553,-0.16851688921451569,-0.08901458978652954
series_189,-0.014157806523144245,0.42673298716545105,0.38025176525115967,0.5057246685028076,-0.06861869990825653,0.3095853328704834,-0.7104191184043884,-0.07568318396806717,-0.48088815808296204,-0.1936781108379364,-0.5254477858543396,-0.2057938426733017,-0.17680257558822632,0.3339277505874634,0.04419639706611633,-0.6089670658111572,-0.737910807132721,0.23668725788593292,0.24055996537208557,-0.42619338631629944,-0.3803704082965851,0.14433372020721436,0.4442606568336487,0.19407464563846588,0.018134616315364838,-0.3281601369380951,0.2730177938938141,0.3344789743423462,0.27254024147987366,-0.16082173585891724,-0.48023879528045654,0.004953821189701557,0.09008123725652695,-0.27424412965774536,-0.09537508338689804,-0.012799940072000027,-0.12996871769428253,-0.684648871421814,0.05844229459762573,0.36615827679634094,0.08521020412445068,-0.14671486616134644,0.4786546528339386,-0.31940022110939026,0.5054012537002563,-0.22439897060394287,-0.36019471287727356,-0.3847391605377197,-0.020045960322022438,-0.15631026029586792,-0.27748095989227295,-0.08226482570171356,0.3909358084201813,0.34795281291007996,0.15369518101215363,0.3874874711036682,-0.6450110077857971,-0.036919642239809036,-0.3535589873790741,0.05042401701211929,-0.05926735699176788,-0.9948049187660217,-0.21571506559848785,-0.06964866071939468
series_190,-0.03915606066584587,0.4759032130241394,0.4243442416191101,0.5226280689239502,-0.055680837482213974,0.346508264541626,-0.8201667070388794,-0.07248304039239883,-0.5223469734191895,-0.23021872341632843,-0.6186040639877319,-0.23910048604011536,-0.15534153580665588,0.37949830293655396,0.05461554974317551,-0.6628884077072144,-0.8501022458076477,0.2769416570663452,0.27327826619148254,-0.5476064085960388,-0.43290284276008606,0.17091809213161469,0.5461419224739075,0.25301238894462585,0.003742995671927929,-0.35742756724357605,0.25337058305740356,0.3457412123680115,0.23354335129261017,-0.17833995819091797,-0.5169207453727722,0.03282468393445015,0.09708105772733688,-0.3191208243370056,-0.10097543895244598,-0.036627136170864105,-0.22641070187091827,-0.743290364742279,0.09709139168262482,0.3876244127750397,0.11190253496170044,-0.09496178478002548,0.5647925734519958,-0.34012705087661743,0.5629104971885681,-0.24629151821136475,-0.4129769802093506,-0.4259888827800751,-0.060314930975437164,-0.10209882259368896,-0.28627723455429077,-0.15462517738342285,0.44517800211906433,0.38939139246940613,0.14958052337169647,0.46472254395484924,-0.7013697624206543,-0.058861274272203445,-0.38302409648895264,0.11505601555109024,-0.03277778625488281,-1.0881900787353516,-0.25203394889831543,-0.06501859426498413
series_191,0.032799094915390015,0.21351943910121918,0.32269391417503357,0.43946972489356995,-0.10086420178413391,0.19731298089027405,-0.35130786895751953,-0.03611793741583824,-0.2816884219646454,-0.09099841117858887,-0.27613455057144165,-0.14962370693683624,-0.13910485804080963,0.2017643004655838,-0.026205414906144142,-0.3675677478313446,-0.39611169695854187,0.09965574741363525,0.18127618730068207,-0.1517503261566162,-0.25422823429107666,0.10414187610149384,0.2597205638885498,0.1665194034576416,0.08546912670135498,-0.14663618803024292,0.2196497619152069,0.23323547840118408,0.2562413811683655,-0.1443958878517151,-0.3250729441642761,-0.04127321392297745,0.10929670929908752,-0.16356340050697327,-0.03599881753325462,0.04628819227218628,-0.006666823755949736,-0.47416412830352783,-0.08131847530603409,0.26890984177589417,-0.021487703546881676,-0.18330809473991394,0.24248942732810974,-0.1385912001132965,0.31875526905059814,-0.12405986338853836,-0.2635466158390045,-0.21921372413635254,0.07165805995464325,-0.21939146518707275,-0.16308355331420898,0.12289819866418839,0.21620121598243713,0.2757663428783417,0.10110197216272354,0.15343308448791504,-0.4385787844657898,-0.039621464908123016,-0.2494966685771942,-0.09576071053743362,-0.05540469288825989,-0.5787875056266785,-0.04340839385986328,-0.08835542947053909
series_192,0.01305320393294096,0.33199742436408997,0.3226015865802765,0.4810217022895813,-0.06131938472390175,0.26046788692474365,-0.5409725904464722,-0.08894310146570206,-0.4146721661090851,-0.16237948834896088,-0.4274258613586426,-0.19597120583057404,-0.18459132313728333,0.2699791193008423,0.02034800685942173,-0.523149847984314,-0.6040509343147278,0.1841444969177246,0.23167042434215546,-0.32137975096702576,-0.31091469526290894,0.1129082441329956,0.3634933829307556,0.1570977419614792,0.023945491760969162,-0.25367245078086853,0.24350231885910034,0.32388946413993835,0.24724285304546356,-0.13299864530563354,-0.39882564544677734,-0.03205011412501335,0.10951221734285355,-0.22332371771335602,-0.04761736840009689,0.01544345635920763,-0.056548260152339935,-0.5560611486434937,-7.422425551339984e-05,0.31736353039741516,0.04934889078140259,-0.16109836101531982,0.365246057510376,-0.27308160066604614,0.4291048049926758,-0.20253756642341614,-0.2996755838394165,-0.3134581446647644,0.02261451445519924,-0.17208492755889893,-0.21183472871780396,0.00582064688205719,0.3256378173828125,0.30173778533935547,0.12363643199205399,0.27418479323387146,-0.5314817428588867,-0.028181586414575577,-0.297637939453125,-0.02728903479874134,-0.09094452112913132,-0.8172057271003723,-0.16920794546604156,-0.07184845954179764
series_193,-0.00044399965554475784,0.41003596782684326,0.3857603371143341,0.5112535953521729,-0.07607351243495941,0.3011951148509979,-0.6613517999649048,-0.0733339861035347,-0.4592115879058838,-0.17516732215881348,-0.4874200224876404,-0.20240797102451324,-0.18016605079174042,0.32673320174217224,0.02407967485487461,-0.5793645977973938,-0.6949660778045654,0.219979390501976,0.2257949858903885,-0.37817835807800293,-0.35438594222068787,0.14337891340255737,0.4044899046421051,0.1858104020357132,0.03986181318759918,-0.31316718459129333,0.2879149913787842,0.3219739496707916,0.2995408773422241,-0.16301000118255615,-0.4706484377384186,-0.0018381431000307202,0.0857827216386795,-0.2616143822669983,-0.10038196295499802,-0.0017572036013007164,-0.09815274178981781,-0.6797820925712585,0.04382401704788208,0.3690960109233856,0.07042762637138367,-0.169544517993927,0.44955629110336304,-0.29553356766700745,0.48721739649772644,-0.21262003481388092,-0.34392669796943665,-0.3706643283367157,0.0026646542828530073,-0.1751215159893036,-0.26863470673561096,-0.042143628001213074,0.3778962790966034,0.3401995599269867,0.15806598961353302,0.3434162437915802,-0.6322975754737854,-0.04894601181149483,-0.35258233547210693,0.013709532096982002,-0.06123974174261093,-0.9578672051429749,-0.17091268301010132,-0.08167257159948349
series_194,0.020061664283275604,0.2197996973991394,0.20025154948234558,0.37625011801719666,-0.05011175200343132,0.17079854011535645,-0.3324986696243286,-0.09843815118074417,-0.31964021921157837,-0.13445235788822174,-0.3303563594818115,-0.14355450868606567,-0.16985008120536804,0.14782999455928802,0.0662330910563469,-0.396854043006897,-0.45050570368766785,0.14352962374687195,0.18885503709316254,-0.25265082716941833,-0.24910077452659607,0.07856874167919159,0.3267746567726135,0.11935348808765411,-0.0551888681948185,-0.151764377951622,0.11255776137113571,0.28299573063850403,0.12084513902664185,-0.09654100984334946,-0.258934885263443,-0.06195586547255516,0.11772317439317703,-0.17663350701332092,-0.008428502827882767,0.0378713496029377,-0.04358602315187454,-0.3671296238899231,-0.019210847094655037,0.18784558773040771,0.009562337771058083,-0.07921689003705978,0.2520715892314911,-0.20007020235061646,0.35149550437927246,-0.181184783577919,-0.24324660003185272,-0.17274947464466095,-0.009192616678774357,-0.10472410917282104,-0.11046452820301056,0.010207019746303558,0.21107085049152374,0.20010194182395935,0.03273205831646919,0.20725096762180328,-0.33424729108810425,-0.008668852038681507,-0.20437322556972504,-0.043193966150283813,-0.10602065920829773,-0.585013747215271,-0.18167167901992798,-0.036556776612997055
series_195,-0.043522607535123825,0.48718753457069397,0.43436944484710693,0.5223274230957031,-0.07498708367347717,0.3474573493003845,-0.8509639501571655,-0.05579104647040367,-0.5283216834068298,-0.2203669399023056,-0.6250983476638794,-0.2376963198184967,-0.14911046624183655,0.3914124667644501,0.04841189831495285,-0.6627604961395264,-0.8708686232566833,0.2930115759372711,0.2636650502681732,-0.5572786927223206,-0.43491998314857483,0.19875569641590118,0.5512018203735352,0.2624789774417877,0.022121425718069077,-0.3847667872905731,0.2744380235671997,0.33294883370399475,0.2577589452266693,-0.18540403246879578,-0.5334832072257996,0.04504762962460518,0.0789823904633522,-0.334775447845459,-0.1220780462026596,-0.04078509286046028,-0.24238862097263336,-0.784548819065094,0.12247864902019501,0.39620769023895264,0.1155305951833725,-0.0997302457690239,0.5867583155632019,-0.3393629491329193,0.583181619644165,-0.2436017245054245,-0.4283973276615143,-0.4443908929824829,-0.06752272695302963,-0.1037091612815857,-0.300494909286499,-0.1615896075963974,0.4586332142353058,0.39261510968208313,0.17168425023555756,0.48671868443489075,-0.7358137369155884,-0.07157795876264572,-0.4012591242790222,0.12477459758520126,-0.009452374652028084,-1.1088694334030151,-0.2340867966413498,-0.06995828449726105
series_196,0.01984112337231636,0.30287110805511475,0.3201424777507782,0.44871148467063904,-0.07595857232809067,0.2246360182762146,-0.49969586730003357,-0.06639733165502548,-0.3687579333782196,-0.14780482649803162,-0.37217360734939575,-0.16058668494224548,-0.1567327231168747,0.24526219069957733,0.017977168783545494,-0.47824758291244507,-0.5262565016746521,0.133335679769516,0.2051989585161209,-0.2685667872428894,-0.3009899854660034,0.08822378516197205,0.33568084239959717,0.15281763672828674,0.02221323922276497,-0.22407373785972595,0.23528222739696503,0.2865501642227173,0.2438325732946396,-0.13032522797584534,-0.38627588748931885,-0.028450924903154373,0.1015077605843544,-0.20500701665878296,-0.03660629689693451,0.025990359485149384,-0.04489157348871231,-0.5216286778450012,-0.03133171796798706,0.298977255821228,0.020132699981331825,-0.1663549244403839,0.3174499273300171,-0.23999334871768951,0.38506609201431274,-0.1731664091348648,-0.29585230350494385,-0.29030841588974,0.020563503727316856,-0.19520944356918335,-0.2264564484357834,0.046052806079387665,0.27214810252189636,0.28825247287750244,0.12354377657175064,0.24236050248146057,-0.5066829919815063,-0.015811678022146225,-0.27347344160079956,-0.04122049733996391,-0.07316109538078308,-0.7424049973487854,-0.1416952908039093,-0.06651662290096283
series_197,-0.015002680011093616,0.4292723536491394,0.38975760340690613,0.5094701051712036,-0.050418075174093246,0.3209577202796936,-0.7112697958946228,-0.08246158808469772,-0.48294198513031006,-0.20199035108089447,-0.535470724105835,-0.22400404512882233,-0.17801430821418762,0.34345337748527527,0.03928883373737335,-0.6112226843833923,-0.7548477053642273,0.2411927729845047,0.2441398948431015,-0.44893890619277954,-0.37356722354888916,0.13967706263065338,0.46045759320259094,0.20209039747714996,0.017389629036188126,-0.3270885944366455,0.2727470397949219,0.3463938236236572,0.2737919092178345,-0.15982288122177124,-0.48254039883613586,0.0027947472408413887,0.0975617840886116,-0.2826719582080841,-0.09237181395292282,-0.01426928024739027,-0.1391231268644333,-0.6919790506362915,0.058838099241256714,0.37879320979118347,0.08727164566516876,-0.13449792563915253,0.4844689667224884,-0.32330799102783203,0.5215933918952942,-0.23283500969409943,-0.3658083975315094,-0.38906073570251465,-0.021155210211873055,-0.14384308457374573,-0.2697112560272217,-0.08010433614253998,0.4001868665218353,0.3567090928554535,0.14695076644420624,0.38151851296424866,-0.6433253884315491,-0.04944562539458275,-0.36362141370773315,0.03734384477138519,-0.06215374916791916,-1.0042990446090698,-0.20609337091445923,-0.0713345855474472
series_198,-0.06087518110871315,0.4957539737224579,0.451596200466156,0.5399060249328613,-0.08020670711994171,0.3681865334510803,-0.9056428074836731,-0.04693114385008812,-0.5518531799316406,-0.22689498960971832,-0.6716246604919434,-0.272594153881073,-0.11853206902742386,0.4201045632362366,0.040494441986083984,-0.6837892532348633,-0.9449965357780457,0.32615408301353455,0.2918427884578705,-0.6364641189575195,-0.4704097807407379,0.23385435342788696,0.624421238899231,0.3096666634082794,0.026884403079748154,-0.3959437310695648,0.2554880380630493,0.3433978259563446,0.21992671489715576,-0.2118063122034073,-0.5400132536888123,0.06206357851624489,0.08820107579231262,-0.36585235595703125,-0.11834078282117844,-0.054834190756082535,-0.31348738074302673,-0.8113817572593689,0.14811088144779205,0.40597108006477356,0.13609212636947632,-0.06521689146757126,0.6423373222351074,-0.3527664840221405,0.6046844720840454,-0.25974196195602417,-0.45993319153785706,-0.46436211466789246,-0.08184460550546646,-0.06911435723304749,-0.2868100106716156,-0.2025260627269745,0.5012583136558533,0.4110787510871887,0.16291025280952454,0.528869092464447,-0.767574667930603,-0.09425704181194305,-0.4046958088874817,0.16440622508525848,0.018257243558764458,-1.1296906471252441,-0.2511313855648041,-0.08113379031419754
series_199,0.017260897904634476,0.3102675676345825,0.38453057408332825,0.5011757016181946,-0.07409869879484177,0.2681620121002197,-0.49892398715019226,-0.0735180601477623,-0.3828884959220886,-0.13658307492733002,-0.38475507497787476,-0.20362916588783264,-0.18067240715026855,0.27887970209121704,-0.02611423470079899,-0.4874768853187561,-0.5717814564704895,0.15296606719493866,0.2024753987789154,-0.2743084132671356,-0.29225146770477295,0.11491158604621887,0.3347608149051666,0.18223391473293304,0.07422654330730438,-0.21990174055099487,0.2847864627838135,0.29726865887641907,0.2969968318939209,-0.15870361030101776,-0.41376057267189026,-0.025395836681127548,0.10277315974235535,-0.2160424441099167,-0.07044978439807892,0.04101252928376198,-0.04824375361204147,-0.5983232259750366,-0.027438776567578316,0.34635648131370544,0.018858732655644417,-0.17411816120147705,0.34872734546661377,-0.22232989966869354,0.4110149145126343,-0.18054692447185516,-0.30364754796028137,-0.3132152259349823,0.05874212831258774,-0.20274148881435394,-0.2159220576286316,0.07495308667421341,0.32322821021080017,0.32015708088874817,0.14269018173217773,0.21500907838344574,-0.5552363395690918,-0.061816565692424774,-0.3182184398174286,-0.08678416162729263,-0.06446614861488342,-0.7868338823318481,-0.0777728483080864,-0.10462792217731476
series_200,0.028874386101961136,0.30763739347457886,0.32982274889945984,0.467356413602829,-0.09379911422729492,0.2366177886724472,-0.49948832392692566,-0.06280333548784256,-0.36851394176483154,-0.1257234364748001,-0.36501023173332214,-0.17266623675823212,-0.1684754192829132,0.25250524282455444,1.3695884263142943e-05,-0.47179457545280457,-0.5323229432106018,0.14640949666500092,0.20720450580120087,-0.24880842864513397,-0.28975722193717957,0.12008394300937653,0.31206637620925903,0.15175625681877136,0.06317678093910217,-0.23196597397327423,0.26250579953193665,0.28062114119529724,0.2793128490447998,-0.14480909705162048,-0.3938552141189575,-0.02349957451224327,0.09400191903114319,-0.20616886019706726,-0.05714261531829834,0.02575322985649109,-0.0264456644654274,-0.5566046833992004,-0.017012881115078926,0.3112150728702545,0.02330874837934971,-0.1982503980398178,0.32496654987335205,-0.2275567650794983,0.38936907052993774,-0.17388461530208588,-0.28750529885292053,-0.3008306622505188,0.04273001104593277,-0.2077934443950653,-0.21998834609985352,0.05340542271733284,0.2921905517578125,0.28875043988227844,0.1450844258069992,0.23076440393924713,-0.5280572175979614,-0.034214697778224945,-0.2897805869579315,-0.04906776174902916,-0.07394897937774658,-0.7513501048088074,-0.10803931206464767,-0.0860854834318161
series_201,-0.012582828290760517,0.43232569098472595,0.39035192131996155,0.5174408555030823,-0.08144234865903854,0.3098793029785156,-0.7113758325576782,-0.07046381384134293,-0.4835599660873413,-0.18858188390731812,-0.5262740254402161,-0.20494909584522247,-0.1738576889038086,0.34512728452682495,0.03298710286617279,-0.6081085205078125,-0.7456597685813904,0.24181029200553894,0.23317471146583557,-0.4223409593105316,-0.37965717911720276,0.1557275354862213,0.44042572379112244,0.20389296114444733,0.02591177076101303,-0.33515819907188416,0.27876535058021545,0.3256717026233673,0.28111904859542847,-0.16788175702095032,-0.4849332869052887,0.0072637395933270454,0.08804310858249664,-0.2755364179611206,-0.10928011685609818,-0.011222436092793941,-0.1363619565963745,-0.6983078718185425,0.06308440864086151,0.37205126881599426,0.08604755997657776,-0.1517053246498108,0.49186936020851135,-0.31424063444137573,0.5069361925125122,-0.2255970686674118,-0.3625536859035492,-0.383807897567749,-0.017788076773285866,-0.15254971385002136,-0.274925172328949,-0.0797586664557457,0.39972037076950073,0.35222336649894714,0.15666896104812622,0.38626828789711,-0.6550245881080627,-0.04778936132788658,-0.35714441537857056,0.04907680302858353,-0.053670987486839294,-0.9974214434623718,-0.20348092913627625,-0.06991013884544373
series_202,-0.02811918780207634,0.42898935079574585,0.42261388897895813,0.5292547941207886,0.020822906866669655,0.3571056127548218,-0.7136443257331848,-0.1323242336511612,-0.5122608542442322,-0.24175862967967987,-0.5815888047218323,-0.3020668625831604,-0.2099471390247345,0.3638615012168884,0.02740328200161457,-0.6653580665588379,-0.8319612741470337,0.2705584764480591,0.2681892514228821,-0.5609868168830872,-0.3660811185836792,0.1286957561969757,0.5364528298377991,0.22376544773578644,0.00728211086243391,-0.29395678639411926,0.25867339968681335,0.38043901324272156,0.2393273562192917,-0.16863861680030823,-0.4742487967014313,0.003259246237576008,0.11580441147089005,-0.31746983528137207,-0.0693105012178421,-0.013444109819829464,-0.17943084239959717,-0.6888076663017273,0.0729713886976242,0.42040881514549255,0.09657536447048187,-0.06820166856050491,0.5008625984191895,-0.3458068072795868,0.5355615615844727,-0.275682657957077,-0.3607845604419708,-0.40410828590393066,-0.035955287516117096,-0.06610414385795593,-0.23987829685211182,-0.0828457847237587,0.45183631777763367,0.36630308628082275,0.12245898693799973,0.3698188364505768,-0.6354432702064514,-0.07657555490732193,-0.3669995963573456,0.015300245955586433,-0.06393271684646606,-1.0376882553100586,-0.20311060547828674,-0.09754177182912827
series_203,-0.07407458126544952,0.4933609962463379,0.46602100133895874,0.5237274169921875,-0.1248587816953659,0.35624974966049194,-0.9823247790336609,0.006932323798537254,-0.5567322969436646,-0.19800053536891937,-0.6895187497138977,-0.25700902938842773,-0.0491439551115036,0.42935633659362793,0.04280456155538559,-0.6692144274711609,-0.969653844833374,0.3379162847995758,0.3085407316684723,-0.6863147616386414,-0.5214935541152954,0.2802530825138092,0.6804156303405762,0.35458025336265564,0.037511397153139114,-0.4265444278717041,0.2632354497909546,0.32265573740005493,0.20300544798374176,-0.2228119671344757,-0.5703585743904114,0.10154668241739273,0.05706913396716118,-0.40538913011550903,-0.11525077372789383,-0.06463585793972015,-0.3893841803073883,-0.8671178221702576,0.19278587400913239,0.3868055045604706,0.14094969630241394,-0.05066433176398277,0.6876144409179688,-0.33930346369743347,0.6333178281784058,-0.24320949614048004,-0.5105113387107849,-0.5026158690452576,-0.09410171955823898,-0.09522336721420288,-0.30659377574920654,-0.23814670741558075,0.5209128260612488,0.42246362566947937,0.19020450115203857,0.6043841242790222,-0.8369187712669373,-0.10904805362224579,-0.429283082485199,0.22112298011779785,0.07761774957180023,-1.1434507369995117,-0.24266855418682098,-0.10180280357599258
series_204,-0.022604692727327347,0.4393223524093628,0.4112318456172943,0.5252822041511536,-0.0791301354765892,0.3282198905944824,-0.7393123507499695,-0.06700316816568375,-0.4987120032310486,-0.19182564318180084,-0.5447829961776733,-0.22792886197566986,-0.16554105281829834,0.36691367626190186,0.018705623224377632,-0.6144936084747314,-0.7986643314361572,0.2582397758960724,0.23264677822589874,-0.46106135845184326,-0.3860018849372864,0.17493297159671783,0.47612422704696655,0.23448199033737183,0.03878851979970932,-0.353711873292923,0.2869434654712677,0.3301237225532532,0.2915003001689911,-0.1871468871831894,-0.5002968311309814,0.017601002007722855,0.08902323991060257,-0.29705679416656494,-0.12464538216590881,-0.019004784524440765,-0.17489680647850037,-0.7372313737869263,0.0711638480424881,0.3926127851009369,0.09776599705219269,-0.13516592979431152,0.5246646404266357,-0.32409900426864624,0.5244708061218262,-0.2339378446340561,-0.3892320692539215,-0.3974570035934448,-0.022582883015275,-0.1386062204837799,-0.28248482942581177,-0.0824931189417839,0.4259631931781769,0.36869364976882935,0.15809795260429382,0.40122997760772705,-0.6795966029167175,-0.06538227200508118,-0.3722754716873169,0.04537510871887207,-0.034418657422065735,-1.0142183303833008,-0.18923437595367432,-0.08180177211761475
series_205,-0.013292145915329456,0.4355959892272949,0.3906238377094269,0.5152698755264282,-0.05657423660159111,0.3166302442550659,-0.7123995423316956,-0.08554672449827194,-0.48607584834098816,-0.20372824370861053,-0.5394431352615356,-0.21453584730625153,-0.18511435389518738,0.3433302044868469,0.04290149360895157,-0.6221438646316528,-0.7437770366668701,0.24556131660938263,0.24427472054958344,-0.44096842408180237,-0.3795815110206604,0.1406443566083908,0.4487036466598511,0.19435757398605347,0.013544599525630474,-0.3253614604473114,0.26964449882507324,0.3395133912563324,0.26921048760414124,-0.1567479968070984,-0.4803626835346222,0.0015140519244596362,0.09328065812587738,-0.2779964208602905,-0.09301722049713135,-0.0124660050496459,-0.13053186237812042,-0.6825289130210876,0.06426064670085907,0.3742605149745941,0.08362593501806259,-0.13848133385181427,0.4822693467140198,-0.3210465908050537,0.5153852701187134,-0.23118731379508972,-0.3557187020778656,-0.38802728056907654,-0.02285950817167759,-0.14075466990470886,-0.2689090967178345,-0.08788327127695084,0.39842256903648376,0.35259437561035156,0.14832596480846405,0.38648489117622375,-0.645922839641571,-0.04294499382376671,-0.356279194355011,0.05156629532575607,-0.06286018341779709,-1.013237714767456,-0.21840521693229675,-0.0677935928106308
series_206,-0.01813248172402382,0.4344930648803711,0.40577980875968933,0.5176855325698853,-0.045790817588567734,0.33221179246902466,-0.7206939458847046,-0.08838669210672379,-0.4960552155971527,-0.20641089975833893,-0.5442827939987183,-0.23619060218334198,-0.18103623390197754,0.3587767779827118,0.0317150354385376,-0.6222983002662659,-0.7843211889266968,0.24782966077327728,0.24211594462394714,-0.47298017144203186,-0.37231820821762085,0.14546193182468414,0.47485387325286865,0.21684764325618744,0.022486723959445953,-0.33121129870414734,0.27707135677337646,0.34851518273353577,0.2770219147205353,-0.16953083872795105,-0.49100401997566223,0.0041384147480130196,0.09876716136932373,-0.2960818409919739,-0.10154403001070023,-0.013899813406169415,-0.1543542742729187,-0.7081232070922852,0.0627899020910263,0.3931693434715271,0.09268541634082794,-0.12682098150253296,0.5007222890853882,-0.32732194662094116,0.526435375213623,-0.2415216863155365,-0.3680821359157562,-0.395950585603714,-0.0226226095110178,-0.13107538223266602,-0.2729397416114807,-0.0783829540014267,0.41779741644859314,0.3635399639606476,0.14273683726787567,0.3866153657436371,-0.6551093459129333,-0.059251684695482254,-0.37010475993156433,0.03418910503387451,-0.056084126234054565,-1.017850399017334,-0.19811315834522247,-0.08023567497730255
series_207,0.038754653185606,0.1655864268541336,0.24384233355522156,0.36723700165748596,-0.07485587894916534,0.15523269772529602,-0.28030428290367126,-0.04874858632683754,-0.24308565258979797,-0.07557324320077896,-0.2358490377664566,-0.13667626678943634,-0.14712750911712646,0.14744827151298523,-0.010091548785567284,-0.3235950469970703,-0.3458455801010132,0.07228079438209534,0.16114675998687744,-0.1460167020559311,-0.20428965985774994,0.08599629998207092,0.23787103593349457,0.13429412245750427,0.0508335679769516,-0.10133085399866104,0.17887099087238312,0.21715499460697174,0.1995650976896286,-0.10545466840267181,-0.2609351575374603,-0.05454643443226814,0.11901582032442093,-0.1475433111190796,-0.008051551878452301,0.05104697123169899,0.0022434224374592304,-0.37072083353996277,-0.08113467693328857,0.21591943502426147,-0.025204526260495186,-0.14254578948020935,0.18499651551246643,-0.12743379175662994,0.28063860535621643,-0.12105286121368408,-0.2249167561531067,-0.1723039597272873,0.05582825839519501,-0.17254716157913208,-0.12320802360773087,0.12632699310779572,0.17066751420497894,0.2261085957288742,0.07513105124235153,0.1283860057592392,-0.35126522183418274,-0.019500475376844406,-0.21294242143630981,-0.10210639983415604,-0.06432978063821793,-0.47221291065216064,-0.05014052242040634,-0.06833776831626892
series_208,-0.023027922958135605,0.43518659472465515,0.40267258882522583,0.5263805389404297,-0.05719636008143425,0.3390645384788513,-0.7344017028808594,-0.07726647704839706,-0.4998459219932556,-0.20073750615119934,-0.5578373670578003,-0.24628174304962158,-0.17528222501277924,0.3626140356063843,0.02708526886999607,-0.6177747249603271,-0.807323157787323,0.2662019729614258,0.25195425748825073,-0.4771707355976105,-0.38036859035491943,0.16991305351257324,0.4897490441799164,0.22869066894054413,0.03813359513878822,-0.34922173619270325,0.2805670201778412,0.3539552390575409,0.2824042737483978,-0.18007364869117737,-0.4918064773082733,0.010149051435291767,0.10062652081251144,-0.2984325587749481,-0.10971137881278992,-0.02537713199853897,-0.16988709568977356,-0.7321802377700806,0.07066017389297485,0.3944387435913086,0.10729016363620758,-0.12470462173223495,0.5177074074745178,-0.3308044970035553,0.5458797812461853,-0.24176326394081116,-0.39051342010498047,-0.4007171392440796,-0.018212879076600075,-0.13179564476013184,-0.2692762315273285,-0.09223529696464539,0.4323923885822296,0.3675971031188965,0.15175040066242218,0.3937191367149353,-0.6642934679985046,-0.07121571153402328,-0.38283395767211914,0.03337182104587555,-0.05241856724023819,-1.021103858947754,-0.19380132853984833,-0.0809265598654747
series_209,0.011404062621295452,0.37931182980537415,0.3680891990661621,0.49765443801879883,-0.08210667222738266,0.2799242436885834,-0.6067322492599487,-0.07092083245515823,-0.42629826068878174,-0.15832647681236267,-0.4434624910354614,-0.18798716366291046,-0.17729973793029785,0.29938504099845886,0.020888136699795723,-0.5445883274078369,-0.6297025680541992,0.19016101956367493,0.21993224322795868,-0.32413843274116516,-0.3350663185119629,0.12929944694042206,0.3646793067455292,0.16679179668426514,0.04588239639997482,-0.2835443615913391,0.281885027885437,0.3113328516483307,0.2970680892467499,-0.15569749474525452,-0.4475593864917755,-0.011557783000171185,0.08722518384456635,-0.2390933632850647,-0.08482372760772705,0.009976227767765522,-0.060762085020542145,-0.6393483281135559,0.020836083218455315,0.34996935725212097,0.052583009004592896,-0.1881667524576187,0.40236538648605347,-0.2726005017757416,0.455081582069397,-0.19664950668811798,-0.3204291760921478,-0.34860777854919434,0.018735578283667564,-0.1976035237312317,-0.25632166862487793,-0.010137997567653656,0.34404298663139343,0.32169103622436523,0.15369705855846405,0.303462415933609,-0.5975946187973022,-0.04058299586176872,-0.3330618739128113,-0.007379045709967613,-0.07056485116481781,-0.8961443305015564,-0.15323670208454132,-0.08353967219591141
series_210,-0.017157595604658127,0.3796526789665222,0.400404691696167,0.5210091471672058,0.0018139425665140152,0.31974977254867554,-0.6105781197547913,-0.13618203997612,-0.4751814007759094,-0.21727266907691956,-0.5295663475990295,-0.28046682476997375,-0.22518658638000488,0.33055493235588074,0.01229887641966343,-0.6196855306625366,-0.7733920216560364,0.24076201021671295,0.2342570573091507,-0.49416208267211914,-0.32103317975997925,0.10754552483558655,0.4872259199619293,0.20631995797157288,0.001063021831214428,-0.2528397738933563,0.25138047337532043,0.3715360164642334,0.2272825837135315,-0.16106493771076202,-0.43925437331199646,-0.025112401694059372,0.1351330578327179,-0.2821715474128723,-0.06840920448303223,0.021051600575447083,-0.14061658084392548,-0.637008011341095,0.044818416237831116,0.3939795196056366,0.07228948920965195,-0.05882532522082329,0.45042285323143005,-0.3104061484336853,0.5130161046981812,-0.27015912532806396,-0.3305956721305847,-0.3581598103046417,-0.015619748272001743,-0.07135677337646484,-0.19339212775230408,-0.031210854649543762,0.4232763946056366,0.3393498659133911,0.10583748668432236,0.308159202337265,-0.5728221535682678,-0.081657774746418,-0.3516805171966553,-0.03913895785808563,-0.08717720210552216,-0.9521175622940063,-0.17300160229206085,-0.092727430164814
series_211,-0.057257991284132004,0.4935097098350525,0.4383465647697449,0.5278175473213196,-0.09467999637126923,0.351653516292572,-0.9009210467338562,-0.04201149567961693,-0.5440287590026855,-0.21759353578090668,-0.657280683517456,-0.24287697672843933,-0.12586475908756256,0.40065935254096985,0.05134749412536621,-0.6761130094528198,-0.9116315841674805,0.31289204955101013,0.27800384163856506,-0.5993980169296265,-0.4702710211277008,0.22689758241176605,0.5934420228004456,0.29082196950912476,0.019920434802770615,-0.39582037925720215,0.2632073760032654,0.32978227734565735,0.22856537997722626,-0.19669102132320404,-0.5414509773254395,0.0630527213215828,0.07827918231487274,-0.3510611355304718,-0.12194713950157166,-0.04615628346800804,-0.29172709584236145,-0.8006469011306763,0.14608576893806458,0.38672855496406555,0.12701408565044403,-0.08243205398321152,0.6275387406349182,-0.34462660551071167,0.5935496687889099,-0.24744540452957153,-0.45024093985557556,-0.4602249264717102,-0.08063443750143051,-0.09124118089675903,-0.29621422290802,-0.1977033019065857,0.4823133647441864,0.40245822072029114,0.17682132124900818,0.5329878926277161,-0.7672414779663086,-0.07416051626205444,-0.40205156803131104,0.16740933060646057,0.014408780261874199,-1.1225942373275757,-0.25679221749305725,-0.07275975495576859
series_212,0.036153342574834824,0.2070055902004242,0.2703790068626404,0.3995479643344879,-0.06110885739326477,0.19330757856369019,-0.36010411381721497,-0.06677360087633133,-0.30057087540626526,-0.09930804371833801,-0.28901150822639465,-0.1772277057170868,-0.16997487843036652,0.1815168559551239,-0.012182271108031273,-0.3869825303554535,-0.44254687428474426,0.09599985182285309,0.18644770979881287,-0.21417517960071564,-0.22276671230793,0.08699449896812439,0.28896546363830566,0.1406179964542389,0.05691809579730034,-0.1380801796913147,0.2190748155117035,0.2582755386829376,0.2230786234140396,-0.11438598483800888,-0.30585163831710815,-0.042549315840005875,0.1056169793009758,-0.17941957712173462,-0.012343600392341614,0.046822138130664825,-0.02217772603034973,-0.4418519139289856,-0.05748358368873596,0.2620188891887665,0.00010123991523869336,-0.14856067299842834,0.22717691957950592,-0.17759095132350922,0.31963127851486206,-0.15632274746894836,-0.2494354397058487,-0.23092858493328094,0.05630093812942505,-0.17785561084747314,-0.16629938781261444,0.11638401448726654,0.23741868138313293,0.24297437071800232,0.1137716993689537,0.15317516028881073,-0.42006462812423706,-0.02111634984612465,-0.24879544973373413,-0.10839523375034332,-0.06558305770158768,-0.572845995426178,-0.062231436371803284,-0.08456417918205261
series_213,-0.022122982889413834,0.44892534613609314,0.40056508779525757,0.5133286118507385,-0.0630049780011177,0.32395678758621216,-0.7513632774353027,-0.07479359954595566,-0.4946501553058624,-0.20652030408382416,-0.5583093762397766,-0.21454352140426636,-0.17457565665245056,0.3505472242832184,0.05098003149032593,-0.631990909576416,-0.7717517614364624,0.252654492855072,0.24862585961818695,-0.46333882212638855,-0.3979780375957489,0.15268974006175995,0.4731174409389496,0.2087678611278534,0.014359804801642895,-0.3411102592945099,0.27240824699401855,0.338022917509079,0.268871545791626,-0.16484206914901733,-0.4978293478488922,0.01476531196385622,0.08708831667900085,-0.29050344228744507,-0.10130332410335541,-0.02106418088078499,-0.15472792088985443,-0.7132952213287354,0.07459379732608795,0.3779504597187042,0.0920325517654419,-0.13215553760528564,0.505925178527832,-0.32602766156196594,0.5319468379020691,-0.2301158905029297,-0.3777260184288025,-0.403298944234848,-0.03423289209604263,-0.14137083292007446,-0.2850791811943054,-0.10771530121564865,0.40848615765571594,0.362215131521225,0.15639187395572662,0.4148651957511902,-0.6692444682121277,-0.043859150260686874,-0.36935868859291077,0.07110273092985153,-0.0502198189496994,-1.0400702953338623,-0.22591480612754822,-0.06778907030820847
series_214,-0.011850138194859028,0.42022427916526794,0.3917277157306671,0.5158237814903259,-0.05753553286194801,0.31642621755599976,-0.6901626586914062,-0.08363061398267746,-0.4822796881198883,-0.19289422035217285,-0.5184371471405029,-0.2182726413011551,-0.1834159791469574,0.34144359827041626,0.035204365849494934,-0.6088002324104309,-0.7390915751457214,0.23453032970428467,0.23640979826450348,-0.4306625723838806,-0.3683125376701355,0.13892090320587158,0.44155704975128174,0.20021069049835205,0.023029182106256485,-0.3166135549545288,0.27379822731018066,0.3404065668582916,0.2767104506492615,-0.1636100560426712,-0.4764236807823181,-0.002841721288859844,0.09461219608783722,-0.2787100374698639,-0.0962035059928894,-0.008600312285125256,-0.1274215281009674,-0.6850640177726746,0.05128440260887146,0.3780055046081543,0.08114799857139587,-0.14381574094295502,0.47359365224838257,-0.3149978220462799,0.5041286945343018,-0.22862251102924347,-0.35284772515296936,-0.3797702491283417,-0.010914676822721958,-0.14917942881584167,-0.2673738896846771,-0.06632827967405319,0.3972204923629761,0.34931322932243347,0.14378374814987183,0.36840835213661194,-0.6381208896636963,-0.04744506999850273,-0.35712411999702454,0.02827928401529789,-0.062172532081604004,-0.9888741374015808,-0.19671691954135895,-0.07822315394878387
series_215,0.04356446489691734,0.23330393433570862,0.313655287027359,0.43587228655815125,-0.08972430974245071,0.18894946575164795,-0.3588050305843353,-0.048685673624277115,-0.29237720370292664,-0.10055072605609894,-0.28935420513153076,-0.16014236211776733,-0.15907622873783112,0.20960570871829987,-0.030560364946722984,-0.38806575536727905,-0.41296401619911194,0.09266302734613419,0.18126988410949707,-0.17403793334960938,-0.23447488248348236,0.0943390280008316,0.25529706478118896,0.15173591673374176,0.07128780335187912,-0.14768794178962708,0.22608336806297302,0.2285071611404419,0.2440071552991867,-0.1239466592669487,-0.3258863687515259,-0.04307633638381958,0.1091126874089241,-0.16284054517745972,-0.03391902893781662,0.04839017987251282,-0.01009893324226141,-0.4545656740665436,-0.0727805495262146,0.27242207527160645,-0.019907532259821892,-0.1763761341571808,0.2409886121749878,-0.14988960325717926,0.32024627923965454,-0.13900712132453918,-0.24736511707305908,-0.23192276060581207,0.062325842678546906,-0.18782737851142883,-0.16456419229507446,0.12275588512420654,0.22301162779331207,0.2696819603443146,0.11368263512849808,0.14287807047367096,-0.44267523288726807,-0.04277079924941063,-0.24924494326114655,-0.09552565217018127,-0.06309777498245239,-0.5903831720352173,-0.04576900228857994,-0.07540124654769897
