series,input_length,prediction_1,prediction_2,prediction_3,prediction_4,prediction_5,prediction_6,prediction_7,prediction_8,prediction_9,prediction_10,prediction_11,prediction_12,prediction_13,prediction_14,prediction_15,prediction_16,prediction_17,prediction_18,prediction_19,prediction_20,prediction_21,prediction_22,prediction_23,prediction_24,weight_Moirai,weight_Time-MoE,weight_TimesFM,weight_Timer,weight_Chronos,selected_experts
series_0,386,19148.029296875,20118.80859375,19958.9453125,18611.771484375,18997.388671875,18353.576171875,17817.353515625,19403.583984375,19295.7734375,18322.376953125,18765.384765625,19868.146484375,18137.224609375,17174.185546875,19863.109375,18367.94921875,20102.125,19696.2578125,18873.90234375,18026.626953125,17902.09765625,18726.50390625,19938.66015625,19838.20703125,0.2881196141242981,0.19770632684230804,0.13215665519237518,0.1863545924425125,0.19566285610198975,Moirai
series_1,386,104338.0703125,106604.125,108759.734375,110069.78125,110064.578125,112277.359375,112362.8359375,109844.21875,111549.8984375,113097.71875,118349.34375,110646.0,109950.25,108511.859375,113094.59375,112285.1953125,119031.15625,114738.859375,117329.90625,119077.3984375,120549.5,117716.078125,114121.4609375,114921.9140625,0.2837878167629242,0.2000672072172165,0.13807731866836548,0.18523702025413513,0.1928306668996811,Moirai
series_2,386,36.124305725097656,36.60323715209961,33.25548553466797,37.42656707763672,37.619529724121094,37.16621398925781,41.20362091064453,36.50338363647461,41.99870681762695,37.33785629272461,42.91385269165039,36.693115234375,34.42366409301758,38.40158462524414,37.218196868896484,46.949989318847656,44.43584060668945,40.591552734375,42.28937911987305,39.179290771484375,40.21275329589844,38.86272048950195,41.56647491455078,57.19143295288086,0.23914103209972382,0.1974145472049713,0.1702450066804886,0.19440540671348572,0.19879408180713654,Moirai
series_3,386,42799.4375,43402.6328125,44051.67578125,44586.3828125,46599.125,47063.7421875,45572.41796875,43805.4453125,45839.234375,46117.8125,44962.85546875,42803.23046875,42735.23828125,44636.109375,44818.1953125,45278.44921875,46774.640625,47898.7890625,45794.55859375,44413.4609375,47033.3203125,45476.3203125,43310.5,42134.5390625,0.3470264971256256,0.1855342984199524,0.09622097760438919,0.1795853078365326,0.1916329264640808,Moirai
series_4,386,6521.048828125,7756.68896484375,10368.1689453125,13340.5087890625,9539.4462890625,13173.4072265625,10478.294921875,10728.416015625,15192.1171875,13086.03515625,23601.734375,13743.134765625,17120.384765625,19400.40625,16270.4951171875,18104.54296875,21312.833984375,16523.890625,18982.673828125,16023.39453125,12382.3173828125,15069.8779296875,12841.5322265625,11773.03515625,0.22732453048229218,0.19535599648952484,0.17776018381118774,0.1975901871919632,0.20196911692619324,Moirai
series_5,386,120795.734375,116144.03125,114328.0546875,119043.5,123597.3203125,133441.453125,144933.59375,147448.84375,143630.921875,145088.84375,139562.796875,136058.859375,124536.0859375,123466.265625,120117.1171875,123818.21875,126221.5234375,132132.890625,143751.078125,144652.734375,141723.640625,134062.5,135970.28125,138702.765625,0.3018801212310791,0.19741684198379517,0.12307489663362503,0.18492873013019562,0.19269943237304688,Moirai
series_6,386,18165.3515625,18182.6796875,17797.830078125,18392.68359375,19517.1953125,19327.482421875,19422.19921875,19447.7734375,20207.10546875,20740.80859375,21617.8203125,20272.900390625,19567.08984375,18398.119140625,19048.59765625,18367.966796875,19484.501953125,20735.673828125,19251.298828125,19550.6015625,20300.81640625,20343.697265625,20473.70703125,19773.78515625,0.3314073383808136,0.19031058251857758,0.10406297445297241,0.18276120722293854,0.19145789742469788,Moirai
series_7,386,0.6270582675933838,0.8264614939689636,0.8808990120887756,8.069012641906738,1.206809639930725,1.1484519243240356,3.540700674057007,0.8382629156112671,0.893660843372345,1.0858155488967896,0.9794001579284668,1.046184778213501,0.7177298069000244,1.0429859161376953,0.8450750708580017,1.1857738494873047,0.8571040034294128,0.9432705640792847,1.0940428972244263,1.0003910064697266,1.224123239517212,1.2441596984863281,0.996831476688385,0.9195380806922913,0.23131220042705536,0.19490599632263184,0.18161620199680328,0.19360020756721497,0.19856542348861694,Moirai
series_8,386,35390.203125,35254.3359375,34722.69921875,35547.73046875,33865.55859375,33952.859375,32660.91015625,33987.23828125,33462.97265625,32995.08984375,31082.634765625,31928.046875,29673.01953125,31214.1171875,29295.2890625,31374.041015625,29215.33203125,28474.859375,28398.30859375,28528.87890625,27896.3359375,28411.9296875,28634.474609375,29422.876953125,0.2743127644062042,0.19825783371925354,0.1418708860874176,0.18857456743717194,0.1969839334487915,Moirai
series_9,386,167821.59375,165459.4375,170836.28125,168904.421875,170553.28125,181645.375,181439.140625,178961.03125,185668.078125,191461.0,186679.28125,175119.640625,171840.671875,171284.34375,175132.71875,180143.953125,179157.875,177191.71875,187175.25,183881.828125,185044.515625,184288.53125,185213.3125,181298.859375,0.2821933925151825,0.20001541078090668,0.13886664807796478,0.18556232750415802,0.1933622658252716,Moirai
series_10,386,103.77644348144531,101.4801025390625,104.25526428222656,102.9985122680664,116.80117797851562,124.70108795166016,121.130859375,125.02299499511719,118.78904724121094,130.35443115234375,129.5294647216797,119.38550567626953,131.62774658203125,117.70307159423828,105.46910858154297,113.21212768554688,114.87871551513672,130.73297119140625,143.3244171142578,125.61161041259766,114.41202545166016,117.45956420898438,124.44834899902344,133.09878540039062,0.282548725605011,0.1972225457429886,0.13350465893745422,0.19013363122940063,0.19659045338630676,Moirai
series_11,386,75288.8515625,77264.0390625,78097.7890625,79334.828125,83043.671875,85629.859375,80132.9296875,77575.390625,79018.875,80791.6953125,78392.0,74459.7734375,75969.8984375,78206.6796875,76592.4921875,79953.375,82084.296875,81847.140625,80417.6015625,77662.5859375,79880.984375,78379.4140625,74683.9609375,71453.578125,0.3459804058074951,0.18584297597408295,0.0965287983417511,0.1798747479915619,0.19177298247814178,Moirai
series_12,386,11298.45703125,10048.271484375,9244.669921875,10254.1201171875,12340.5,13106.037109375,19283.669921875,16336.392578125,16791.951171875,16160.484375,11648.2314453125,18411.181640625,14038.0009765625,18993.263671875,14534.1650390625,14884.23828125,17451.87890625,26980.63671875,12291.4970703125,18400.458984375,12630.220703125,20399.013671875,19941.84765625,13656.90234375,0.2709188759326935,0.19927316904067993,0.1440073400735855,0.18915621936321259,0.1966443806886673,Moirai
series_13,386,259856.953125,261156.109375,254369.0,258903.375,274386.0625,270364.0,276430.0,277433.71875,280571.625,266326.21875,251693.09375,255259.1875,267851.625,270673.1875,258502.953125,265812.1875,275152.3125,275499.53125,279865.90625,274235.5625,277714.34375,269228.375,260376.1875,262513.6875,0.31479883193969727,0.19578444957733154,0.11625204980373383,0.18200035393238068,0.1911642998456955,Moirai
series_14,386,10569.564453125,10216.9580078125,9742.44140625,10453.81640625,11048.5107421875,11805.5576171875,12350.1357421875,12133.759765625,14461.904296875,17880.642578125,19633.4453125,15351.4326171875,12653.4267578125,11437.8447265625,12693.814453125,13524.234375,13478.162109375,16149.1806640625,14482.51171875,14122.19921875,16370.6318359375,19426.146484375,20269.560546875,15235.08984375,0.3103279769420624,0.1963079422712326,0.11767921596765518,0.18339823186397552,0.19228661060333252,Moirai
series_15,386,17.524314880371094,16.09115219116211,15.188127517700195,15.612005233764648,16.1605224609375,28.960887908935547,27.700294494628906,13.937506675720215,15.94402027130127,14.762710571289062,17.00110626220703,13.754828453063965,14.63102912902832,16.656755447387695,16.39291763305664,12.409194946289062,14.847413063049316,15.537663459777832,17.039426803588867,17.074108123779297,17.09598731994629,6.912134647369385,14.126018524169922,17.092445373535156,0.2299019694328308,0.194924458861351,0.1825859248638153,0.19295726716518402,0.19963032007217407,Moirai
series_16,386,651.1846313476562,757.3111572265625,692.8553466796875,806.4334106445312,782.4359130859375,832.6618041992188,870.1626586914062,880.0548095703125,970.364501953125,949.3846435546875,961.9685668945312,906.9769897460938,1048.728271484375,975.725830078125,1004.9464721679688,1069.2923583984375,1097.62841796875,1038.883056640625,1277.816162109375,1022.3517456054688,1124.0123291015625,1237.7220458984375,1354.85400390625,1105.609619140625,0.2626999616622925,0.1993052363395691,0.14746688306331635,0.19223088026046753,0.19829697906970978,Moirai
series_17,386,34286.1484375,34598.1796875,35817.6328125,37022.21875,37722.54296875,38877.43359375,37903.4609375,39448.6796875,39223.36328125,38785.3203125,36638.84375,34223.59765625,34958.25390625,35451.49609375,35911.546875,37022.296875,38244.28125,38758.76171875,39533.90625,40039.9140625,41173.0859375,39152.69921875,36738.4609375,34892.734375,0.27259373664855957,0.19995154440402985,0.14708322286605835,0.18607038259506226,0.194301038980484,Moirai
series_18,386,47.566375732421875,47.45794677734375,47.59232711791992,47.26232147216797,49.221073150634766,45.97516632080078,49.143211364746094,50.41679000854492,49.55362319946289,56.687137603759766,47.52320861816406,50.98081970214844,51.55504608154297,50.63161087036133,47.75574493408203,49.99852752685547,63.438114166259766,53.61367416381836,45.84740447998047,51.74384307861328,49.749305725097656,48.72014236450195,46.03822708129883,49.8661994934082,0.28955426812171936,0.19481410086154938,0.12659424543380737,0.19348163902759552,0.19555573165416718,Moirai
series_19,386,7526.6083984375,7613.55859375,7610.7099609375,7564.99658203125,7592.3271484375,7673.576171875,7415.1474609375,7472.3212890625,7652.818359375,7577.65771484375,7481.4404296875,7546.18798828125,7596.3984375,7715.68115234375,7476.02880859375,7530.32373046875,7548.0771484375,7845.67919921875,7597.65380859375,7456.27001953125,7666.8212890625,7673.86962890625,7378.72119140625,7416.6103515625,0.3399420380592346,0.1885049194097519,0.10066136717796326,0.18012581765651703,0.1907658725976944,Moirai
series_20,386,-7.137364387512207,1.5812718868255615,1.5116698741912842,78.76300811767578,60.6921501159668,-0.9638781547546387,-0.5648962259292603,36.58746337890625,249.6831817626953,3.220407724380493,266.1723327636719,126.35673522949219,34.925262451171875,113.090087890625,33.04916000366211,586.1448364257812,557.3683471679688,65.703369140625,59.33091354370117,1.5334692001342773,296.1092834472656,-0.8525903224945068,501.9632568359375,1.0430151224136353,0.20424896478652954,0.194076806306839,0.20069648325443268,0.20033518970012665,0.20064258575439453,Moirai
series_21,386,110774.0,109730.9453125,107680.5,107350.65625,113643.78125,115317.3203125,110531.0703125,114004.25,112891.3671875,112228.8046875,105392.609375,107066.4140625,115466.6953125,106610.234375,105176.328125,111273.875,118269.1953125,119306.890625,116305.796875,114453.5390625,117729.0703125,110877.09375,105665.34375,107667.0390625,0.32168325781822205,0.19238479435443878,0.10969574004411697,0.18414026498794556,0.19209593534469604,Moirai
series_22,386,1328.3160400390625,1392.972412109375,1368.7596435546875,1366.3980712890625,1381.0577392578125,1424.9593505859375,1389.252685546875,1370.8924560546875,1362.449951171875,1536.8726806640625,1444.5152587890625,1326.5106201171875,1506.0609130859375,1394.28857421875,1365.2723388671875,1667.066650390625,1391.8255615234375,1431.259033203125,1491.563720703125,1410.26025390625,1433.5618896484375,1481.8126220703125,1415.6446533203125,1478.4285888671875,0.2944461703300476,0.197786346077919,0.12558987736701965,0.18766215443611145,0.1945153921842575,Moirai
series_23,386,-2.0706615447998047,-1.642913818359375,-1.357748031616211,-1.5003299713134766,-1.7854957580566406,-1.642913818359375,-1.5003299713134766,-1.2151641845703125,-1.357748031616211,-1.357748031616211,-1.642913818359375,-1.2151641845703125,-1.2151641845703125,-1.5003299713134766,-1.2151641845703125,-1.0725822448730469,-1.2151641845703125,-1.2151641845703125,-1.357748031616211,-1.0725822448730469,-1.7854957580566406,-1.7854957580566406,-1.642913818359375,-1.2151641845703125,0.2002987265586853,0.19815506041049957,0.19900545477867126,0.20125454664230347,0.20128613710403442,Chronos
series_24,386,2857.804931640625,3112.046875,2905.739990234375,3082.001220703125,3367.240478515625,3358.09765625,3396.990478515625,3409.52587890625,3307.752197265625,3721.87744140625,3785.98828125,3913.37158203125,3907.02685546875,3528.8154296875,3697.615966796875,3885.79248046875,3837.75244140625,3879.122314453125,3576.557373046875,4051.35888671875,3822.59423828125,4337.86279296875,3827.203125,4793.248046875,0.26730766892433167,0.20002710819244385,0.14868773519992828,0.18872562050819397,0.19525188207626343,Moirai
series_25,386,86790.90625,86990.6484375,85078.859375,85628.65625,87221.9453125,89742.28125,91481.6796875,88792.171875,93766.2578125,95171.9375,94620.046875,86438.03125,92856.375,90288.5546875,85874.8203125,91092.359375,91690.9296875,92176.8203125,92562.75,89435.625,96260.015625,96312.125,93480.6015625,91242.5078125,0.28637832403182983,0.19953091442584991,0.13554967939853668,0.18534846603870392,0.19319266080856323,Moirai
series_26,386,41.40892791748047,37.80725860595703,42.91563415527344,42.26932907104492,40.62434387207031,39.78955841064453,41.348960876464844,38.18417739868164,41.84699249267578,40.317317962646484,40.18727111816406,40.85505676269531,45.04268264770508,41.75788116455078,36.696617126464844,37.5987548828125,37.83588790893555,41.38682174682617,39.530975341796875,40.64881134033203,43.36799240112305,37.33399200439453,39.93360137939453,37.85857391357422,0.24475346505641937,0.196127250790596,0.165998175740242,0.19386741518974304,0.19925376772880554,Moirai
series_27,386,21559.474609375,22765.416015625,23145.134765625,22899.51953125,23332.904296875,23350.275390625,23039.978515625,21850.38671875,22839.205078125,22935.51953125,22427.701171875,21358.025390625,22022.486328125,22325.44921875,23019.78515625,23507.26171875,23102.39453125,23377.939453125,23023.7890625,22411.57421875,22531.1796875,22802.76171875,21774.923828125,20448.146484375,0.3484022617340088,0.1839722841978073,0.09366728365421295,0.18095792829990387,0.19300025701522827,Moirai
series_28,386,5245.06982421875,6874.888671875,6046.52734375,8883.34765625,11543.2548828125,10488.849609375,9881.2021484375,9744.5927734375,13920.142578125,9177.3720703125,9170.3564453125,13047.87890625,9088.96875,10845.06640625,12282.669921875,11369.3095703125,14016.0625,10290.4775390625,12100.748046875,15369.873046875,12949.3017578125,12020.8310546875,9202.8818359375,18567.53125,0.28902438282966614,0.19681915640830994,0.1315917819738388,0.18607817590236664,0.1964864432811737,Moirai
series_29,386,102500.375,102613.3046875,101838.9140625,101761.8203125,106592.1171875,108447.1875,109492.15625,106978.015625,106259.1484375,104509.875,101820.4453125,103050.3203125,105245.2890625,105034.7578125,106172.6640625,104641.1171875,108316.0703125,109831.8359375,110961.578125,109723.0546875,108250.2109375,106394.2109375,105764.4140625,104733.4765625,0.3197501599788666,0.19449032843112946,0.11256559938192368,0.18212226033210754,0.19107165932655334,Moirai
series_30,386,1868.9146728515625,1946.7120361328125,2055.309814453125,1885.3634033203125,2058.59375,1916.88134765625,1963.06103515625,1930.4613037109375,1861.548095703125,1885.6712646484375,1919.76806640625,2084.780029296875,2042.7567138671875,2013.6796875,1922.4442138671875,1851.70703125,1947.747314453125,1853.3485107421875,1839.140869140625,2056.328125,1993.437744140625,2027.5006103515625,1971.9251708984375,1808.5675048828125,0.2752982974052429,0.19970935583114624,0.14338402450084686,0.18737438321113586,0.19423386454582214,Moirai
series_31,386,0.17285026609897614,-0.04064391925930977,-0.23545698821544647,-0.038668595254421234,0.1146848276257515,-0.16500899195671082,1.5982639789581299,0.9404000639915466,-0.07457710057497025,0.06793716549873352,1.3593151569366455,-0.29799002408981323,-0.15606689453125,-0.17751136422157288,16.70378303527832,15.124612808227539,2.7271957397460938,12.063210487365723,5.642797946929932,4.297460079193115,14.664403915405273,19.049222946166992,19.675518035888672,8.493396759033203,0.21441927552223206,0.1935761570930481,0.1908399909734726,0.19819718599319458,0.20296740531921387,Moirai
series_32,386,6175.95361328125,6164.76611328125,6230.0537109375,6196.68994140625,5653.83740234375,5523.234375,6264.4052734375,6193.15478515625,5838.009765625,5393.595703125,5325.0537109375,5416.87841796875,5663.89990234375,5637.8037109375,5940.47509765625,5051.96630859375,5146.84130859375,5663.47998046875,5103.95263671875,5291.3115234375,5478.20751953125,5867.81787109375,5674.5634765625,5216.904296875,0.2663992941379547,0.19872049987316132,0.14674457907676697,0.1908247172832489,0.1973109096288681,Moirai
series_33,386,41390.8203125,41131.5546875,41792.7109375,42361.5390625,43549.078125,44220.61328125,42959.68359375,43966.30078125,45792.6796875,46781.890625,46894.4921875,41731.15234375,42377.82421875,41476.6796875,41852.4453125,43651.3671875,44261.33984375,45677.83984375,46248.12890625,45599.703125,47064.55078125,45838.6328125,45346.71875,42038.39453125,0.2610204815864563,0.19925600290298462,0.1570102572441101,0.18718837201595306,0.19552487134933472,Moirai
series_34,386,33.77585983276367,32.08795928955078,33.35789489746094,25.64320945739746,29.843549728393555,32.408512115478516,34.258060455322266,33.363243103027344,30.16988182067871,31.368471145629883,31.828392028808594,33.15599060058594,33.05214309692383,33.287193298339844,27.1259765625,30.08082389831543,30.55109977722168,35.927059173583984,31.28944969177246,31.126562118530273,34.18088150024414,31.63301658630371,30.97286605834961,30.917991638183594,0.27027884125709534,0.19774731993675232,0.14107905328273773,0.1934347003698349,0.19746005535125732,Moirai
series_35,386,13812.126953125,13893.080078125,13989.5673828125,13980.9970703125,14288.01171875,14214.69921875,13713.07421875,13273.916015625,13880.76953125,14141.8623046875,13977.8125,13871.005859375,13905.298828125,14152.919921875,13960.8837890625,14040.974609375,14312.361328125,14157.58984375,14035.02734375,13618.2587890625,14020.1748046875,13865.63671875,13759.873046875,13402.9326171875,0.3380720615386963,0.18911795318126678,0.10104839503765106,0.1807633936405182,0.19099821150302887,Moirai
series_36,386,9.2964448928833,12.38485050201416,11.420991897583008,32.96339416503906,12.90458869934082,16.042192459106445,15.018071174621582,12.292450904846191,16.832500457763672,19.221717834472656,19.367456436157227,18.9447021484375,19.56596565246582,14.392300605773926,26.40103530883789,19.399118423461914,18.610761642456055,16.858991622924805,17.494749069213867,10.711493492126465,67.99687194824219,30.173866271972656,16.5655460357666,15.326835632324219,0.20570994913578033,0.19701611995697021,0.19493234157562256,0.1995014250278473,0.2028401792049408,Moirai
series_37,386,44147.21875,44790.98828125,45243.08984375,46357.6484375,49879.76953125,49608.1796875,49761.6875,48907.32421875,50766.59765625,49259.4296875,44711.3125,42588.82421875,45130.84765625,45428.34765625,45847.9375,47540.265625,49693.76953125,50202.37890625,50037.48828125,51294.37890625,52718.3984375,49574.33203125,45005.2109375,43317.8125,0.29565510153770447,0.19867375493049622,0.1293819397687912,0.18367226421833038,0.19261693954467773,Moirai
series_38,386,1515.4158935546875,1537.0152587890625,1634.2283935546875,1633.7144775390625,1653.4366455078125,1662.2529296875,1683.46435546875,1679.004150390625,1813.4581298828125,1963.489990234375,2006.954833984375,1784.013671875,1573.4525146484375,1751.21337890625,1737.00244140625,1719.4683837890625,1596.494384765625,1887.4788818359375,1960.48046875,1838.7589111328125,1777.402099609375,1855.40185546875,1920.583740234375,1831.62841796875,0.30295032262802124,0.1972147822380066,0.12151558697223663,0.18623396754264832,0.19208534061908722,Moirai
series_39,386,-0.054632414132356644,-0.05292266607284546,0.03211227431893349,0.1138288825750351,4.401789665222168,2.572676658630371,0.0368611142039299,-0.07065033167600632,-0.008458404801785946,0.17046187818050385,-0.026823576539754868,0.0604565404355526,-0.1368701159954071,0.001667938195168972,0.0347525030374527,0.1306506246328354,7.673807621002197,-0.08150161802768707,4.419613361358643,-0.015036468394100666,0.027863310649991035,0.10272780805826187,-0.03145187348127365,-0.04478652775287628,0.22209593653678894,0.194738507270813,0.1868346780538559,0.19511257112026215,0.20121832191944122,Moirai
series_40,386,1809.6982421875,1930.140625,2132.41552734375,1954.95556640625,2217.03173828125,2084.13916015625,2181.5537109375,2049.424560546875,2238.348876953125,2413.660888671875,2337.380859375,2629.34423828125,2373.760986328125,2150.56982421875,2545.76611328125,2628.29248046875,2274.772216796875,2307.172119140625,2503.404052734375,2304.35498046875,2780.3203125,2752.224365234375,2611.90673828125,2569.765380859375,0.27138516306877136,0.19865742325782776,0.1412176638841629,0.19143778085708618,0.1973019540309906,Moirai
series_41,386,29201.974609375,30333.802734375,30030.806640625,32408.189453125,32929.16796875,32709.849609375,31142.8984375,31807.994140625,34412.76171875,34133.23828125,32057.7421875,30108.630859375,30085.232421875,31208.865234375,31986.62890625,34216.56640625,33490.87890625,33132.76171875,34178.6328125,33062.2265625,34115.61328125,32750.4296875,32320.134765625,32009.96484375,0.2666480243206024,0.19954434037208557,0.15185986459255219,0.18691766262054443,0.1950301080942154,Moirai
series_42,386,144.14865112304688,129.3212890625,137.55897521972656,137.372802734375,138.32354736328125,154.19366455078125,144.92063903808594,145.6923828125,152.2591552734375,146.57835388183594,158.37628173828125,138.80516052246094,153.703369140625,144.34359741210938,141.3907928466797,133.7978515625,145.79737854003906,158.54966735839844,151.08627319335938,141.400390625,139.9451141357422,148.5545654296875,138.02947998046875,148.1668243408203,0.29174402356147766,0.19686353206634521,0.126987025141716,0.19048120081424713,0.1939241886138916,Moirai
series_43,386,6943.82373046875,7023.1181640625,7085.791015625,6932.6572265625,7048.2421875,6970.9697265625,6994.767578125,6943.71044921875,6947.3359375,7094.326171875,7083.2255859375,6885.1474609375,7030.771484375,6962.53369140625,6974.11962890625,6857.54248046875,6894.4072265625,7107.92236328125,7021.44775390625,6797.5390625,7025.30859375,6997.46533203125,7018.93408203125,6947.2705078125,0.3532465398311615,0.18099893629550934,0.09035858511924744,0.18105696141719818,0.19433897733688354,Moirai
series_44,386,7.769063472747803,16.4301700592041,17.42536735534668,31.701820373535156,41.35581588745117,45.05416488647461,35.92686080932617,34.316036224365234,30.059776306152344,52.48462677001953,42.19396209716797,47.731201171875,41.75761795043945,39.58018493652344,78.23934173583984,62.68754577636719,49.907470703125,42.68262481689453,59.678226470947266,58.86848449707031,49.63800811767578,51.47925567626953,56.05317306518555,62.3695182800293,0.23786963522434235,0.1962486356496811,0.16529519855976105,0.1982884705066681,0.20229807496070862,Moirai
series_45,386,103514.1640625,99517.5390625,98400.796875,103304.765625,108712.3671875,107951.25,109135.546875,109006.25,102770.4140625,93278.078125,88620.5078125,93421.3515625,103943.515625,99052.9765625,97995.1015625,105415.9453125,108005.640625,106419.40625,109231.734375,117294.265625,108332.7578125,92657.6171875,86807.765625,91213.765625,0.2802879214286804,0.19960778951644897,0.139455646276474,0.18666905164718628,0.19397957623004913,Moirai
series_46,386,695.790283203125,709.3357543945312,655.0330810546875,680.470703125,664.1824951171875,765.4166870117188,703.91357421875,721.484375,776.1082763671875,723.7915649414062,725.471923828125,686.2848510742188,724.8395385742188,742.634033203125,725.7677001953125,778.645751953125,714.991943359375,802.852783203125,732.446533203125,706.2009887695312,754.7307739257812,736.0593872070312,778.1203002929688,706.3494262695312,0.2854342758655548,0.19732747972011566,0.1326160579919815,0.18905004858970642,0.1955721378326416,Moirai
series_47,386,0.3812079429626465,0.6381264925003052,1.0858641862869263,0.8339861035346985,0.47553375363349915,0.6228569149971008,0.5177356600761414,0.7031233310699463,1.2367368936538696,0.0018470287322998047,0.30796653032302856,1.1566452980041504,1.300242304801941,1.1371139287948608,1.0244139432907104,0.9821537733078003,1.2372510433197021,1.7350447177886963,0.5466486811637878,1.1814141273498535,2.249634027481079,1.4109036922454834,1.741845965385437,1.5671160221099854,0.20499667525291443,0.19242653250694275,0.19875682890415192,0.20230521261692047,0.20151475071907043,Moirai
series_48,386,3668.262451171875,3611.2958984375,3559.3349609375,3591.4619140625,3353.47216796875,2969.128662109375,3035.456298828125,3643.2509765625,3151.2734375,3394.73779296875,2998.100830078125,3256.631103515625,2579.3828125,3015.73486328125,2930.470947265625,3389.55712890625,3617.50830078125,2856.015625,2740.54345703125,2838.0615234375,3019.76123046875,3001.943359375,2738.03125,3029.136474609375,0.25767967104911804,0.19811229407787323,0.1538149118423462,0.19198566675186157,0.19840744137763977,Moirai
series_49,386,74780.8671875,74377.5859375,77128.2890625,76972.578125,79399.671875,80443.9140625,78747.4296875,80986.125,83003.4296875,82208.9609375,81341.40625,77321.265625,77448.5625,74701.4140625,74900.140625,76832.8515625,80614.734375,83422.2421875,82451.109375,80286.7578125,83557.1015625,83540.0,82659.5546875,76645.6796875,0.26051777601242065,0.1993495225906372,0.1572149693965912,0.18741148710250854,0.1955062448978424,Moirai
series_50,386,34.5986442565918,37.88264465332031,35.70344543457031,38.53284454345703,41.38856506347656,38.341163635253906,41.574913024902344,40.292842864990234,37.72641372680664,35.686729431152344,39.36583709716797,37.81653594970703,33.110313415527344,42.31353759765625,40.15293502807617,45.29811477661133,43.18072509765625,39.79105758666992,41.12668991088867,41.91763687133789,45.25593948364258,39.911746978759766,40.812461853027344,40.18584442138672,0.2802237272262573,0.19646500051021576,0.1320226639509201,0.19369998574256897,0.19758860766887665,Moirai
series_51,386,25072.865234375,24785.9453125,25012.109375,24927.673828125,25489.853515625,25212.662109375,24802.802734375,24163.607421875,25222.404296875,25270.728515625,24928.931640625,24404.994140625,24999.728515625,25422.423828125,24993.474609375,24888.1171875,25497.814453125,25343.333984375,25247.298828125,25101.875,25538.21484375,25170.353515625,24553.275390625,24494.4296875,0.3219741880893707,0.19423818588256836,0.11105751991271973,0.1820739358663559,0.19065618515014648,Moirai
series_52,386,38468.9140625,41639.94140625,43800.33984375,45871.48046875,45454.95703125,44228.53515625,43879.3203125,48300.14453125,42068.6875,45607.58984375,44985.6875,45592.46875,47223.92578125,49271.52734375,47316.6484375,49414.41796875,48026.36328125,48570.5078125,45478.125,48449.0,50073.9921875,48148.8828125,44880.5625,50019.82421875,0.25048670172691345,0.19782575964927673,0.15856166183948517,0.19346824288368225,0.1996576488018036,Moirai
series_53,386,111626.8359375,112953.90625,113213.3359375,123468.4609375,131517.953125,133351.515625,132500.671875,136310.671875,136090.78125,131892.046875,119272.9609375,113930.6171875,115717.2265625,115736.640625,117350.7890625,123939.8359375,128307.46875,135111.3125,134238.109375,139905.390625,137525.359375,131774.0625,123952.7265625,113550.625,0.29485949873924255,0.19885309040546417,0.12919875979423523,0.18463291227817535,0.19245576858520508,Moirai
series_54,386,2022.236572265625,2087.58251953125,2106.232177734375,2031.9683837890625,2250.474365234375,2372.3740234375,2185.079345703125,2117.352294921875,2398.66748046875,2508.72412109375,2500.341796875,2265.462158203125,2171.17333984375,2124.57763671875,2069.074951171875,2134.689697265625,2252.986083984375,2243.676513671875,2227.0849609375,2245.98046875,2365.971435546875,2577.51025390625,2467.987548828125,2187.070068359375,0.3030296564102173,0.19699858129024506,0.12215176969766617,0.18556013703346252,0.19225987792015076,Moirai
series_55,386,1.3855880498886108,1.259596586227417,4.696767330169678,1.5583899021148682,1.5906591415405273,1.616188645362854,5.056280612945557,1.233003854751587,1.7624263763427734,1.7261799573898315,1.7757444381713867,1.7512092590332031,1.1134934425354004,1.685274362564087,1.3979778289794922,1.4646618366241455,1.5339503288269043,1.570093035697937,1.7470296621322632,1.6773028373718262,1.7693482637405396,1.7322884798049927,1.4779224395751953,1.4260183572769165,0.2479248344898224,0.19734357297420502,0.1652272343635559,0.18957951664924622,0.19992481172084808,Moirai
series_56,386,68451.609375,69504.5625,66552.7109375,74642.265625,68633.703125,71733.640625,76476.1484375,68406.1171875,74534.6796875,75313.984375,76432.2421875,74051.796875,84528.0703125,76355.515625,78095.421875,72037.2421875,84844.15625,80880.609375,89119.0078125,83329.625,83678.65625,90622.8984375,78737.0859375,72602.75,0.27979737520217896,0.19962631165981293,0.1374964714050293,0.188357874751091,0.19472193717956543,Moirai
series_57,386,243398.59375,251607.75,255361.5,253248.453125,253144.96875,268777.8125,261345.75,255069.078125,271674.125,279134.15625,274433.90625,258707.140625,256029.609375,267375.1875,264013.6875,265904.125,278768.0,289650.78125,279037.9375,271351.0,284292.40625,282200.21875,270954.15625,274915.90625,0.301175981760025,0.19796331226825714,0.12454968690872192,0.18408003449440002,0.19223101437091827,Moirai
series_58,386,334.6768798828125,326.8260803222656,329.77117919921875,351.4339294433594,357.6217041015625,354.2742919921875,348.4954528808594,361.27764892578125,349.14794921875,352.6679992675781,376.9539489746094,375.95367431640625,368.5306091308594,389.7370910644531,383.2623596191406,375.3143615722656,386.2663879394531,381.4289855957031,376.6187438964844,368.14288330078125,404.086669921875,389.5841979980469,379.5411376953125,378.4743957519531,0.281391978263855,0.19812871515750885,0.13589230179786682,0.18950290977954865,0.1950840950012207,Moirai
series_59,386,78671.53125,80561.546875,81504.7265625,85587.3671875,89117.4375,86855.21875,83159.140625,80083.6640625,81416.0703125,78957.4921875,75872.8671875,75034.0,78893.421875,82220.796875,82338.9609375,86158.9375,88178.1171875,87107.6171875,84071.6953125,82460.0703125,83005.546875,80109.875,73562.4375,73373.15625,0.3486759066581726,0.18439991772174835,0.0947469025850296,0.17974594235420227,0.19243139028549194,Moirai
series_60,386,11153.6318359375,11929.759765625,12606.123046875,11558.55078125,11348.9072265625,12160.642578125,12055.1806640625,13125.923828125,10931.2060546875,11380.009765625,12255.3720703125,12257.7744140625,12714.8857421875,12399.505859375,12275.607421875,12892.20703125,13000.724609375,14862.92578125,14530.970703125,14270.513671875,14763.3818359375,14547.4423828125,14724.8896484375,15178.548828125,0.25769510865211487,0.1987488567829132,0.15781857073307037,0.1900911033153534,0.19564636051654816,Moirai
series_61,386,536497.0625,508864.4375,479263.1875,508569.28125,556195.25,548363.0,551002.0,541670.0,510620.71875,464212.9375,465589.28125,509914.875,541610.4375,509206.5625,492252.0,513016.875,532938.6875,543931.8125,537841.25,545352.3125,507689.4375,429799.84375,455628.375,509946.625,0.31371280550956726,0.19570253789424896,0.11587002873420715,0.1835751086473465,0.19113951921463013,Moirai
series_62,386,7532.443359375,7349.6611328125,7401.44921875,7508.17919921875,7648.0869140625,7870.724609375,8070.078125,8138.36474609375,8145.14208984375,7789.138671875,7511.884765625,7788.5693359375,7620.15966796875,8230.4609375,7918.47607421875,8358.47265625,8474.408203125,8352.3818359375,8492.615234375,8762.58203125,8115.53369140625,7902.31103515625,7859.7724609375,8795.3759765625,0.2919146716594696,0.19900788366794586,0.13048309087753296,0.18518859148025513,0.19340571761131287,Moirai
series_63,386,14.37364387512207,11.906134605407715,13.904581069946289,11.238018989562988,13.677556991577148,13.298773765563965,13.51070499420166,12.029022216796875,24.595184326171875,17.104703903198242,13.291571617126465,14.02708911895752,14.614596366882324,18.96857452392578,15.942365646362305,13.986194610595703,15.753998756408691,12.872638702392578,13.726808547973633,12.586073875427246,13.248465538024902,15.756613731384277,10.821634292602539,12.256147384643555,0.23124507069587708,0.195615753531456,0.18106216192245483,0.19287902116775513,0.19919800758361816,Moirai
series_64,386,21.652111053466797,21.551401138305664,20.113933563232422,23.595617294311523,41.398643493652344,19.047340393066406,23.199161529541016,26.147045135498047,39.2095832824707,28.53388214111328,33.394065856933594,33.924476623535156,42.83775329589844,47.54781723022461,25.6463623046875,23.55841827392578,60.43374252319336,45.941619873046875,44.80936050415039,47.873172760009766,32.34758377075195,54.129764556884766,43.2455940246582,59.332366943359375,0.23943759500980377,0.19684766232967377,0.17187300324440002,0.19240202009677887,0.1994396448135376,Moirai
series_65,386,14807.6982421875,14973.564453125,14769.7900390625,15170.43359375,15495.568359375,16118.1318359375,16484.802734375,16142.1201171875,16687.185546875,16248.9951171875,15497.0625,15236.287109375,15207.54296875,15125.9404296875,15277.21484375,15944.5068359375,16119.7919921875,16250.3759765625,16928.560546875,17073.125,17080.392578125,16775.767578125,16036.32421875,15433.607421875,0.26869311928749084,0.19944405555725098,0.14980505406856537,0.18704718351364136,0.19501063227653503,Moirai
series_66,386,44.21722412109375,45.934139251708984,43.281219482421875,42.925537109375,38.627323150634766,44.03270721435547,38.26481628417969,42.69843292236328,42.7868537902832,39.70492935180664,40.749916076660156,42.379234313964844,43.13208770751953,41.28126907348633,41.324676513671875,45.00887680053711,41.897010803222656,46.25754165649414,44.39967346191406,48.34428024291992,50.6759033203125,46.20491027832031,51.75327682495117,50.60970687866211,0.25973644852638245,0.19578246772289276,0.14826124906539917,0.19634124636650085,0.19987860321998596,Moirai
series_67,386,2703.895263671875,2726.4345703125,2749.18310546875,2682.889404296875,2736.78564453125,2733.623779296875,2675.956787109375,2649.79052734375,2747.40771484375,2792.797119140625,2729.5517578125,2639.19873046875,2718.147216796875,2724.827392578125,2747.78564453125,2715.786865234375,2747.11669921875,2760.240478515625,2738.369384765625,2674.101806640625,2684.947998046875,2760.79931640625,2776.97216796875,2662.6240234375,0.33456817269325256,0.19034451246261597,0.10340455919504166,0.18024970591068268,0.19143305718898773,Moirai
series_68,386,0.10132495313882828,0.16925425827503204,0.20806102454662323,0.18240982294082642,0.4993044137954712,-0.002882137196138501,0.5787923336029053,0.06959296762943268,0.7588545083999634,0.09030874073505402,2.0914218425750732,0.45126500725746155,0.8435306549072266,0.1927574723958969,0.2803042531013489,0.46794095635414124,0.5610310435295105,2.567446231842041,0.48139142990112305,1.0866186618804932,1.1600937843322754,3.2345385551452637,1.8403977155685425,1.9313381910324097,0.2042960375547409,0.19144795835018158,0.19823384284973145,0.20337465405464172,0.20264752209186554,Moirai
series_69,386,8581.6103515625,8772.0966796875,8830.220703125,9082.0322265625,9760.1416015625,10397.05078125,10592.53125,10786.3046875,11717.5,11635.9423828125,9735.3125,9316.421875,9734.1845703125,8987.8369140625,9478.359375,9132.341796875,10117.7666015625,11243.828125,11293.873046875,11730.943359375,12457.3134765625,12872.517578125,10939.0283203125,10194.810546875,0.2553194761276245,0.19912950694561005,0.157294362783432,0.19168949127197266,0.19656717777252197,Moirai
series_70,386,317.25634765625,313.05523681640625,297.6212463378906,314.6646423339844,341.2582092285156,357.12982177734375,342.48101806640625,297.1602783203125,353.62646484375,315.94671630859375,327.80853271484375,327.81146240234375,361.49530029296875,360.9813232421875,346.9124450683594,316.86395263671875,334.4205322265625,320.7998352050781,357.4109802246094,309.2889709472656,312.4548034667969,331.5778503417969,325.201904296875,320.656005859375,0.287307471036911,0.197477787733078,0.12906496226787567,0.1900995671749115,0.19605016708374023,Moirai
series_71,386,0.054212119430303574,0.0320868045091629,0.20389403402805328,0.32955992221832275,0.015807002782821655,0.07163326442241669,0.10431402176618576,0.030888250097632408,0.18519268929958344,0.17000390589237213,0.4105781316757202,0.08551256358623505,0.5899494290351868,1.0935845375061035,0.16606543958187103,0.4562264084815979,0.18687739968299866,0.18654797971248627,0.4197019338607788,0.18961365520954132,0.30701160430908203,0.342242956161499,0.5264348983764648,0.1936672180891037,0.20383138954639435,0.1917073279619217,0.19949939846992493,0.2024620622396469,0.2024998664855957,Moirai
series_72,386,4309.63916015625,4441.75537109375,4593.96337890625,4534.25244140625,4349.68994140625,4772.873046875,4604.427734375,4887.96728515625,5009.3984375,4873.7041015625,5704.60498046875,4142.0732421875,5386.2919921875,5125.12841796875,4552.66162109375,4630.61962890625,5699.7099609375,5003.92626953125,5614.8935546875,5570.54736328125,5804.0498046875,6493.541015625,6861.33740234375,6253.17529296875,0.269855260848999,0.19954420626163483,0.1470930129289627,0.18826095759868622,0.19524653255939484,Moirai
series_73,386,235906.578125,229700.921875,230081.078125,228542.578125,238052.65625,239286.75,242731.234375,239882.546875,255868.796875,275350.46875,263224.90625,241246.59375,244925.359375,240905.03125,234095.03125,234190.6875,249901.75,249453.640625,255135.578125,250556.578125,262135.0,265645.21875,273419.4375,252096.359375,0.2833831012248993,0.19981873035430908,0.1379832774400711,0.18545614182949066,0.19335871934890747,Moirai
series_74,386,144.1181640625,141.8798065185547,142.88140869140625,144.77430725097656,148.82057189941406,152.94439697265625,150.0729217529297,157.65557861328125,146.780517578125,152.48477172851562,149.95420837402344,156.3181915283203,152.9246063232422,147.61827087402344,142.49200439453125,156.3126983642578,144.74114990234375,139.27342224121094,147.52586364746094,153.56069946289062,143.64138793945312,148.0681610107422,146.23431396484375,141.5717010498047,0.2869727909564972,0.19726654887199402,0.13295240700244904,0.1885969340801239,0.19421130418777466,Moirai
series_75,386,42718.19921875,43958.27734375,44339.08984375,45895.08984375,47980.09765625,47906.390625,45665.16015625,44853.65234375,45354.3359375,43643.41015625,42683.9375,41569.8203125,44095.8671875,44647.8125,45739.41015625,47721.0703125,49029.46875,48599.9296875,46889.86328125,46959.375,46496.3671875,45388.52734375,43445.0390625,42355.59765625,0.3381824791431427,0.18851915001869202,0.09978312253952026,0.18109869956970215,0.19241653382778168,Moirai
series_76,386,3436.085205078125,3586.091552734375,3571.765625,3494.099609375,3473.5458984375,3804.837158203125,3523.11279296875,3418.347412109375,3668.564208984375,3586.607421875,3415.76611328125,3490.0380859375,3879.62646484375,3643.21044921875,3789.37158203125,3643.0830078125,3820.12939453125,3790.465576171875,4143.9560546875,3720.300537109375,4275.06982421875,4025.19677734375,4314.20654296875,3547.8505859375,0.2716025710105896,0.1987813413143158,0.14809063076972961,0.18611815571784973,0.19540731608867645,Moirai
series_77,386,243751.609375,239675.890625,232087.875,235694.03125,245966.15625,240759.3125,239070.546875,243590.828125,247495.3125,243056.546875,234953.453125,236589.140625,249203.25,246884.234375,236284.1875,240213.1875,246070.828125,245384.828125,238243.375,240992.4375,249045.96875,232699.96875,233285.375,240615.546875,0.3171204924583435,0.1952059417963028,0.114334836602211,0.1816999912261963,0.19163878262043,Moirai
series_78,386,3893.828125,3461.5771484375,3123.092041015625,3383.49609375,3509.318359375,3590.8173828125,3800.556396484375,3972.125244140625,5426.853515625,6198.0322265625,6276.87744140625,4913.337890625,3917.76708984375,3736.7265625,3843.29638671875,3522.3125,4300.47607421875,4239.76806640625,4386.3115234375,4446.93701171875,5232.92041015625,6148.3681640625,6527.79248046875,6922.67236328125,0.2635855972766876,0.19889281690120697,0.148738294839859,0.19106514751911163,0.19771815836429596,Moirai
series_79,386,78.20096588134766,84.83077239990234,89.55257415771484,81.10413360595703,79.9477767944336,81.15508270263672,86.29175567626953,82.30831146240234,76.33567810058594,85.75537109375,92.07544708251953,86.63286590576172,89.35374450683594,88.77730560302734,78.73278045654297,89.80390167236328,84.81087493896484,96.48954010009766,76.71514129638672,86.41287231445312,84.21070861816406,85.48045349121094,87.06243896484375,126.6709213256836,0.24628208577632904,0.19737431406974792,0.16470101475715637,0.192879781126976,0.19876283407211304,Moirai
series_80,386,58776.58984375,59389.46875,59559.00390625,58627.73046875,60240.73828125,61287.40234375,56492.984375,61320.57421875,60909.32421875,57765.78515625,58012.12890625,57736.50390625,60951.44921875,55011.359375,60016.02734375,57706.734375,56631.6796875,58291.421875,58886.453125,57045.2734375,56758.1953125,58213.30859375,59590.26953125,63172.171875,0.24432648718357086,0.19710983335971832,0.17001138627529144,0.19056817889213562,0.19798411428928375,Moirai
series_81,386,56503.76953125,57400.2890625,59107.41796875,58798.046875,58964.8671875,61893.37890625,60511.078125,58047.10546875,62198.1796875,60185.3671875,62543.29296875,59017.59375,61535.33984375,60130.0078125,62460.78515625,64926.09765625,60350.82421875,62445.96875,60835.04296875,59752.0625,58926.71484375,58935.58984375,62674.1875,56707.3671875,0.29873040318489075,0.19793595373630524,0.1256982535123825,0.18458230793476105,0.19305314123630524,Moirai
series_82,386,342.04693603515625,320.8673095703125,352.23492431640625,318.94677734375,358.1217346191406,313.189453125,325.8850402832031,315.5294189453125,353.74273681640625,363.27923583984375,363.0125732421875,345.7394104003906,403.2074890136719,385.2939758300781,381.4436950683594,356.4129333496094,402.4285888671875,413.83538818359375,365.9635925292969,388.2213439941406,391.71197509765625,420.9153747558594,460.9759216308594,481.91741943359375,0.27829113602638245,0.19666290283203125,0.13371236622333527,0.19362428784370422,0.19770930707454681,Moirai
series_83,386,20057.892578125,19731.931640625,19797.34375,19494.998046875,19983.423828125,19992.390625,19580.33203125,18878.642578125,19594.37890625,19577.07421875,19529.025390625,19202.181640625,20080.58203125,19885.44140625,20082.458984375,19427.5625,20376.83203125,19753.3125,19639.564453125,19532.78515625,19938.365234375,20033.259765625,19157.650390625,19297.779296875,0.34127679467201233,0.18701574206352234,0.09784026443958282,0.1819678694009781,0.1918993592262268,Moirai
series_84,386,21.707319259643555,43.49492263793945,104.26445770263672,71.01539611816406,34.43088150024414,31.32659149169922,43.99863815307617,33.878746032714844,95.33528900146484,49.5908088684082,37.4937744140625,44.6320686340332,115.9950180053711,99.77682495117188,206.5237579345703,155.42543029785156,27.125795364379883,1499.4017333984375,94.22290802001953,119.94013214111328,93.39299774169922,254.8012237548828,215.11634826660156,61.71200180053711,0.23112255334854126,0.19408662617206573,0.18228593468666077,0.19360195100307465,0.1989029049873352,Moirai
series_85,386,305952.03125,258512.71875,258032.640625,321435.75,332868.875,325084.375,333730.03125,323725.53125,264755.71875,256584.0,280067.71875,335473.15625,295894.96875,251285.109375,267732.28125,323022.5625,335252.84375,327949.0,314422.15625,348311.1875,281722.53125,247708.828125,267830.5625,321359.75,0.3023739457130432,0.19737648963928223,0.12214247137308121,0.1865856647491455,0.19152140617370605,Moirai
series_86,386,5330.9248046875,5254.12939453125,5012.314453125,4475.70263671875,4335.72216796875,4534.41748046875,5138.98095703125,5314.52294921875,5026.05712890625,5694.74365234375,5454.04052734375,5119.9130859375,5279.2099609375,4950.046875,5067.515625,4792.2900390625,5037.38037109375,5221.80029296875,5239.681640625,5487.16259765625,5487.548828125,5159.99658203125,6059.603515625,5516.53125,0.28636837005615234,0.1991710364818573,0.13375799357891083,0.18764127790927887,0.19306127727031708,Moirai
series_87,386,3.3519434928894043,5.218596458435059,3.215480327606201,4.0129499435424805,3.005269765853882,0.39012953639030457,3.868500232696533,3.599893808364868,4.111438274383545,10.348960876464844,1.5901565551757812,4.608588695526123,6.437678813934326,0.24128316342830658,2.3660686016082764,6.055903911590576,19.158735275268555,6.558119297027588,10.186272621154785,14.153470039367676,7.471589088439941,16.405370712280273,11.920641899108887,5.508607864379883,0.2055317610502243,0.19653381407260895,0.193329855799675,0.2005372792482376,0.20406726002693176,Moirai
series_88,386,2325.890380859375,2545.298095703125,2636.30908203125,2717.63427734375,2632.751220703125,2568.35400390625,2549.711669921875,2708.37060546875,2168.4228515625,2288.12548828125,2675.267822265625,2802.835205078125,2656.48388671875,2190.15283203125,2571.266845703125,2402.734130859375,2594.07470703125,2922.79736328125,2788.846923828125,2546.5390625,2906.773681640625,3280.883056640625,3017.30810546875,2891.02783203125,0.25498783588409424,0.1990514099597931,0.16026583313941956,0.18974950909614563,0.19594545662403107,Moirai
series_89,386,267263.9375,267685.71875,272403.5,267909.5625,277667.03125,283651.625,284555.1875,278548.5625,289960.96875,317183.28125,298443.21875,286881.15625,271364.90625,280415.40625,273096.25,275919.5,294286.90625,289947.8125,288941.40625,289847.4375,295822.125,300431.21875,281375.5,287067.5625,0.30420079827308655,0.19794604182243347,0.12284589558839798,0.18346378207206726,0.19154348969459534,Moirai
series_90,386,184.35690307617188,147.1832733154297,166.01527404785156,172.00355529785156,139.5210418701172,185.9509735107422,305.3034362792969,365.4160461425781,508.9888610839844,699.2293701171875,862.01904296875,495.0111083984375,258.9521484375,210.46177673339844,177.4236297607422,146.11318969726562,190.8765411376953,238.8678436279297,411.5164489746094,412.87310791015625,443.1381530761719,650.2418212890625,811.8167114257812,500.23248291015625,0.25514766573905945,0.1976117342710495,0.14735259115695953,0.20234212279319763,0.1975458860397339,Moirai
series_91,386,63085.58984375,67081.75,69375.2265625,73635.5,75791.921875,75303.4609375,70605.5625,68739.9921875,68561.7578125,63957.2578125,60821.59765625,60662.6171875,65012.07421875,68380.53125,69103.75,73900.921875,76446.3125,75044.515625,71133.1171875,69267.6875,69298.5390625,64880.89453125,60553.2734375,58926.75,0.35385942459106445,0.18143609166145325,0.09193209558725357,0.17988356947898865,0.19288887083530426,Moirai
series_92,386,4100.00634765625,3265.958984375,3630.7529296875,4225.7802734375,5950.20849609375,4536.869140625,4501.7578125,4210.66748046875,5074.3349609375,4895.876953125,4021.45751953125,4790.15283203125,3854.978759765625,4242.17529296875,3881.4970703125,4256.25927734375,5301.49365234375,4392.8408203125,4632.46435546875,4396.25,5086.021484375,4398.74658203125,4840.35498046875,5219.6259765625,0.2750278413295746,0.19856533408164978,0.1445070058107376,0.18648533523082733,0.1954144388437271,Moirai
series_93,386,339221.6875,346938.3125,316405.84375,288136.21875,291314.0625,307090.90625,318524.28125,331234.0625,348242.875,311404.03125,272617.03125,282772.84375,345125.875,338199.78125,315502.1875,294743.0625,313100.03125,306812.21875,312442.40625,319094.125,324048.5625,291207.0625,280872.96875,281512.65625,0.3297608196735382,0.1913376897573471,0.10557006299495697,0.18320180475711823,0.19012963771820068,Moirai
series_94,386,9752.2919921875,9626.724609375,9414.39453125,9915.3251953125,9737.36328125,10376.2568359375,9825.8544921875,11041.39453125,10084.888671875,11020.53515625,10604.560546875,9820.7939453125,10460.419921875,10882.974609375,10911.6083984375,10273.6357421875,10627.5869140625,10547.642578125,11355.3837890625,10437.4912109375,11660.638671875,11081.111328125,10945.2548828125,10900.5263671875,0.30358850955963135,0.19764935970306396,0.12220341712236404,0.18406476080417633,0.19249391555786133,Moirai
series_95,386,49.89528274536133,56.15512466430664,55.108367919921875,54.41120529174805,48.83002471923828,53.23628234863281,49.40039825439453,54.58469009399414,108.74930572509766,50.333885192871094,44.9862060546875,58.060237884521484,58.48715591430664,51.12369155883789,49.74586868286133,47.63121032714844,59.00905990600586,53.04166793823242,49.89270782470703,57.58672332763672,42.73897933959961,68.80280303955078,62.3095817565918,67.77396392822266,0.2440602332353592,0.1965920776128769,0.16897989809513092,0.1912621706724167,0.19910567998886108,Moirai
series_96,386,141.39122009277344,160.36244201660156,149.72836303710938,152.77406311035156,165.64791870117188,158.1913299560547,141.97366333007812,166.84364318847656,167.41819763183594,162.4378662109375,154.517822265625,172.78892517089844,164.39144897460938,158.906005859375,188.13499450683594,158.59671020507812,185.42019653320312,155.30831909179688,146.52064514160156,170.90823364257812,182.9709014892578,200.77647399902344,195.20809936523438,177.00961303710938,0.24855268001556396,0.19961033761501312,0.16063493490219116,0.19238406419754028,0.19881802797317505,Moirai
series_97,386,14006.73046875,13523.033203125,14052.4794921875,13421.9794921875,13903.55859375,14168.5234375,14496.0048828125,14286.0546875,14603.849609375,14322.603515625,14541.1298828125,14040.0068359375,14267.4921875,14137.1845703125,14096.9892578125,13992.978515625,14360.0576171875,14555.3994140625,14680.7060546875,14759.9873046875,14723.7880859375,14070.8076171875,14402.55078125,14639.4033203125,0.26657330989837646,0.19942668080329895,0.15101653337478638,0.187773659825325,0.19520977139472961,Moirai
series_98,386,222.38589477539062,219.81491088867188,219.69818115234375,199.34527587890625,229.8953857421875,195.98159790039062,199.7581329345703,130.45388793945312,135.47882080078125,152.25250244140625,142.12608337402344,141.46896362304688,158.85772705078125,114.72144317626953,122.971923828125,121.38138580322266,130.2589874267578,142.24278259277344,112.76068878173828,114.34320068359375,125.70188903808594,115.25078582763672,98.63992309570312,134.4208526611328,0.23853304982185364,0.19703105092048645,0.16113735735416412,0.1996762454509735,0.2036222517490387,Moirai
series_99,386,2342.456298828125,2394.272216796875,2379.171630859375,2373.925048828125,2414.14208984375,2410.10400390625,2374.936279296875,2289.927734375,2371.412841796875,2430.15283203125,2395.158935546875,2272.64111328125,2398.188720703125,2388.313720703125,2413.133544921875,2420.552734375,2419.85693359375,2411.818603515625,2406.58935546875,2360.1162109375,2426.568603515625,2407.7197265625,2368.144287109375,2283.98974609375,0.3120368719100952,0.19613312184810638,0.11627880483865738,0.18361051380634308,0.19194069504737854,Moirai
series_100,386,16.62275505065918,20.13799476623535,10.56605052947998,16.98759651184082,16.835298538208008,19.131141662597656,9.031246185302734,14.353239059448242,19.23859977722168,16.02481460571289,11.10873031616211,12.47891616821289,10.01115608215332,14.454923629760742,13.514527320861816,22.41541290283203,19.94082260131836,17.8427734375,20.59600257873535,11.841275215148926,22.634689331054688,12.367904663085938,14.237520217895508,12.309304237365723,0.208792582154274,0.19391080737113953,0.19120003283023834,0.20205041766166687,0.20404615998268127,Moirai
series_101,386,36544.43359375,36723.83203125,37302.68359375,37288.2734375,38042.83984375,35948.0390625,39942.97265625,36545.0,35937.27734375,33974.98046875,37598.15234375,36903.60546875,38274.5390625,38207.12109375,35661.08984375,38522.2109375,35000.58984375,35053.83984375,36826.94921875,39022.61328125,34995.87109375,33119.33984375,36812.36328125,35483.8125,0.24476729333400726,0.19838978350162506,0.16289716958999634,0.19512362778186798,0.19882208108901978,Moirai
series_102,386,787.6587524414062,762.3125610351562,787.4012451171875,737.0714721679688,765.6134033203125,730.0377807617188,742.68896484375,759.4299926757812,735.3262939453125,739.2201538085938,735.9109497070312,730.13232421875,720.10302734375,690.8845825195312,718.4087524414062,692.7086791992188,748.9992065429688,746.9027709960938,745.0259399414062,755.2586059570312,692.2821044921875,720.7882690429688,773.6399536132812,652.41162109375,0.28305375576019287,0.19679126143455505,0.12624207139015198,0.19476298987865448,0.19914989173412323,Moirai
series_103,386,0.07909499853849411,0.010261774063110352,0.30535703897476196,0.00521688349545002,0.0011628371430560946,0.036451514810323715,0.029571853578090668,0.01807241328060627,0.031185166910290718,0.07172003388404846,0.1282074749469757,0.11331355571746826,0.04418596252799034,0.03435998782515526,0.1223972961306572,0.27498704195022583,0.008394806645810604,0.07275521010160446,0.12472525984048843,0.08098549395799637,0.12095776945352554,0.08729014545679092,0.11188222467899323,0.7765235900878906,0.2016354650259018,0.19471485912799835,0.20087884366512299,0.20144306123256683,0.20132780075073242,Moirai
series_104,386,5215.88916015625,5257.26220703125,5221.29541015625,5679.7822265625,5367.61474609375,4951.12158203125,5143.9169921875,4951.56982421875,5502.4794921875,5482.205078125,5455.5029296875,5359.3662109375,5115.46142578125,5419.10498046875,5256.330078125,5842.04052734375,5536.92822265625,5388.8955078125,5561.3173828125,5123.9072265625,5641.92431640625,5785.84423828125,5483.46484375,5234.47021484375,0.29122719168663025,0.19795022904872894,0.13077501952648163,0.1855500340461731,0.1944975107908249,Moirai
series_105,386,47776.9453125,48038.6875,48124.73828125,49199.08203125,49357.015625,49331.10546875,50775.98828125,49566.73828125,49417.328125,51992.609375,50852.59375,48857.23046875,48552.86328125,48631.3671875,48860.9453125,49383.75390625,49637.0703125,50617.8125,49457.59375,50289.91796875,50097.58984375,50672.578125,52253.734375,50150.83984375,0.2747683823108673,0.20022034645080566,0.14547307789325714,0.18579871952533722,0.19373947381973267,Moirai
series_106,386,9.325846672058105,9.303638458251953,9.07817268371582,10.083996772766113,11.116987228393555,10.640787124633789,8.074699401855469,8.942627906799316,10.867080688476562,10.211726188659668,10.48594856262207,12.026448249816895,10.236681938171387,11.134944915771484,8.892901420593262,10.482553482055664,10.316146850585938,10.358319282531738,11.194450378417969,11.316999435424805,10.120251655578613,8.86629867553711,11.29702091217041,11.687691688537598,0.2530291974544525,0.19748924672603607,0.15202517807483673,0.19611258804798126,0.20134378969669342,Moirai
series_107,386,16584.525390625,17016.13671875,16972.810546875,17036.44140625,17600.9453125,17909.771484375,17358.87109375,16747.927734375,17561.455078125,17802.4765625,17232.771484375,16567.08203125,16915.658203125,17046.77734375,17036.669921875,17384.00390625,17607.87109375,17833.75390625,17318.265625,16901.1328125,17591.611328125,17533.900390625,17194.609375,16483.216796875,0.34947168827056885,0.18425531685352325,0.09407681971788406,0.17942027747631073,0.1927759349346161,Moirai
series_108,386,0.5262475609779358,0.6182385087013245,33.186885833740234,30.037111282348633,1.6949572563171387,1.1478807926177979,49.13201141357422,-0.13620726764202118,0.7934789657592773,8.243768692016602,0.09486022591590881,1.091683268547058,54.52752685546875,13.11123275756836,35.14148712158203,0.2653887867927551,0.23720824718475342,23.607318878173828,12.003847122192383,0.4720446765422821,8.769647598266602,0.5468292236328125,6.61691951751709,64.70769500732422,0.22689123451709747,0.19312931597232819,0.18414206802845,0.1961376667022705,0.1996997445821762,Moirai
series_109,386,36018.796875,37140.63671875,37420.47265625,39084.125,39565.28515625,41192.515625,42136.390625,41225.75,42127.3828125,43707.21484375,41774.91015625,39370.47265625,40470.90234375,38941.36328125,38984.46875,38801.92578125,41566.3203125,43452.75,43672.3203125,44298.1171875,44587.1328125,41865.51953125,41822.921875,38878.26953125,0.3072332739830017,0.1963995099067688,0.11864260584115982,0.18417564034461975,0.19354896247386932,Moirai
series_110,386,5313.61376953125,5258.57861328125,5334.84814453125,5604.96435546875,5908.32275390625,5878.63916015625,5920.6318359375,5921.44189453125,6690.353515625,7162.505859375,7223.6728515625,6135.732421875,5635.58984375,4992.16259765625,5495.6015625,6076.6748046875,6024.83837890625,6501.02587890625,6717.814453125,6123.9375,6111.27880859375,6065.81005859375,6569.7275390625,6623.95751953125,0.2992648780345917,0.19726110994815826,0.12577708065509796,0.18503408133983612,0.19266283512115479,Moirai
series_111,386,0.24583220481872559,1.0640217065811157,2.576552152633667,2.3396849632263184,0.9459248185157776,1.1307415962219238,1.414410948753357,1.3811908960342407,0.14983123540878296,2.2268483638763428,0.9428929686546326,0.8814226984977722,2.139026403427124,0.45489615201950073,3.0003774166107178,3.535637140274048,1.0933893918991089,1.2501322031021118,5.39309549331665,1.1500072479248047,1.2731891870498657,19.877609252929688,10.30195426940918,1.209651231765747,0.22545789182186127,0.19497156143188477,0.1804630160331726,0.19695784151554108,0.20214977860450745,Moirai
series_112,386,47025.8671875,45593.765625,44519.42578125,47620.26953125,43209.59765625,42932.94921875,43133.19921875,44531.3828125,48261.20703125,45192.7109375,46250.0234375,42226.4296875,40834.01953125,41329.90234375,41237.2109375,46201.1796875,47798.2734375,45002.5546875,45718.66015625,45310.125,47467.54296875,47097.75,46158.4375,47360.5078125,0.28160715103149414,0.19874535501003265,0.1369098573923111,0.1867867112159729,0.1959509402513504,Moirai
series_113,386,147115.71875,148928.390625,146051.890625,151444.3125,154673.609375,157998.5,160155.96875,160292.921875,157735.03125,168415.53125,161607.390625,157596.40625,153439.5625,161227.453125,154522.734375,153496.703125,160089.6875,164563.6875,163871.5625,167387.609375,166562.390625,161200.953125,165752.609375,170210.4375,0.33141085505485535,0.19105643033981323,0.10437732934951782,0.18189212679862976,0.19126328825950623,Moirai
series_114,386,89.1253662109375,89.43427276611328,87.9591064453125,87.78823852539062,85.48948669433594,86.95793151855469,86.65019226074219,85.85359191894531,87.23138427734375,86.5330581665039,86.19427490234375,86.0531005859375,83.82122039794922,83.17146301269531,86.46806335449219,86.43777465820312,85.94095611572266,84.58112335205078,80.32138061523438,82.3395767211914,91.76853942871094,85.76880645751953,89.26441192626953,95.94255828857422,0.23337358236312866,0.19806985557079315,0.16188417375087738,0.20082871615886688,0.2058437317609787,Moirai
series_115,386,80430.140625,83041.5546875,85864.7265625,85631.875,87319.03125,87912.5390625,84642.5546875,82237.671875,85625.046875,85552.1875,79042.9609375,75720.1015625,79472.1953125,84787.6171875,85940.8515625,86044.015625,86149.1796875,86087.1796875,83623.28125,81261.3125,83173.7109375,84142.3046875,77968.0,73843.8046875,0.35387229919433594,0.18096119165420532,0.09004870057106018,0.18018613755702972,0.1949317306280136,Moirai
series_116,386,1130.8154296875,765.6881103515625,265.62506103515625,759.4203491210938,1111.568115234375,971.4705810546875,1513.1094970703125,1071.2066650390625,846.0852661132812,1119.2403564453125,1035.325927734375,1520.669677734375,2591.96533203125,1016.3999633789062,826.2481079101562,1454.7672119140625,1597.4752197265625,1517.53369140625,1971.5284423828125,1863.8756103515625,1762.207763671875,1097.255126953125,1354.563720703125,1985.16748046875,0.23881429433822632,0.19545364379882812,0.1751011162996292,0.19142937660217285,0.19920159876346588,Moirai
series_117,386,186632.078125,182372.0,182456.46875,189207.21875,198134.296875,199334.78125,198617.5625,192291.078125,193541.875,196024.421875,193454.28125,191292.953125,191188.640625,190099.390625,192247.875,195896.109375,204564.3125,198720.3125,200135.203125,200129.078125,195432.453125,203715.46875,196967.203125,193657.0625,0.3342597484588623,0.19031032919883728,0.10244343429803848,0.18100188672542572,0.19198454916477203,Moirai
series_118,386,41646.54296875,42822.2734375,43063.3046875,44084.3828125,45140.609375,48244.72265625,48213.609375,48202.00390625,51086.75390625,54280.91015625,55003.140625,53469.26953125,51284.21484375,71651.59375,52128.1640625,51469.5,55116.83984375,57840.171875,55805.48828125,65437.2734375,57912.75390625,57885.421875,63111.0,58864.59375,0.3012184798717499,0.19734300673007965,0.12027423828840256,0.18630269169807434,0.1948615312576294,Moirai
series_119,386,4.144900321960449,3.232530355453491,5.090522766113281,4.445369243621826,3.8704211711883545,3.9148004055023193,1.8298296928405762,3.331364631652832,4.477207660675049,4.40403413772583,3.693882942199707,3.3814001083374023,3.3375298976898193,3.358165740966797,5.406185150146484,3.7024219036102295,5.580969333648682,3.7744622230529785,4.025827407836914,6.526463985443115,4.553376197814941,5.1705498695373535,4.763009071350098,4.419920444488525,0.2233809530735016,0.19416595995426178,0.18738076090812683,0.19561250507831573,0.19945985078811646,Moirai
series_120,386,5773.513671875,6778.78466796875,6746.86376953125,7685.19482421875,6943.921875,6471.228515625,6853.4384765625,7644.3134765625,7483.7373046875,8788.880859375,7636.56396484375,8301.4482421875,10253.673828125,8218.294921875,8178.37109375,9625.7822265625,10473.3984375,9455.0546875,10450.9658203125,8566.5712890625,8680.8720703125,9272.00390625,9034.724609375,8728.19921875,0.2747064530849457,0.1990344077348709,0.14234641194343567,0.18839804828166962,0.19551469385623932,Moirai
series_121,386,82434.796875,82650.1875,84089.1015625,83579.1875,84636.734375,83690.0078125,85190.796875,88271.4609375,89766.6953125,87572.6171875,84925.0703125,84904.484375,86385.0546875,87111.890625,86863.75,87907.8984375,87805.0390625,91085.515625,90057.65625,88850.28125,88906.515625,83162.9765625,86758.6015625,87178.1015625,0.2993703782558441,0.19818606972694397,0.12664426863193512,0.18311426043510437,0.19268496334552765,Moirai
series_122,386,27.432756423950195,26.33957290649414,27.2332763671875,28.122447967529297,30.957197189331055,25.845664978027344,29.022727966308594,26.616466522216797,26.180585861206055,27.86549186706543,30.276567459106445,27.857547760009766,22.402172088623047,24.01995086669922,23.515233993530273,22.761287689208984,30.687387466430664,28.361112594604492,28.92582893371582,25.507736206054688,32.00818634033203,28.940771102905273,27.396129608154297,28.94114112854004,0.26869767904281616,0.19760572910308838,0.14358370006084442,0.19201841950416565,0.1980944722890854,Moirai
series_123,386,14194.47265625,14607.267578125,14548.5625,14518.2958984375,14825.00390625,14972.6923828125,14163.974609375,14173.1142578125,14774.51953125,14954.2158203125,14252.8681640625,13673.755859375,14452.548828125,15010.611328125,14755.1962890625,14810.7421875,14890.189453125,15007.623046875,14679.876953125,14561.517578125,14868.470703125,14924.9111328125,14045.328125,13962.7431640625,0.3470642864704132,0.18567217886447906,0.09629209339618683,0.17924483120441437,0.19172661006450653,Moirai
series_124,386,73.8365478515625,63.99456024169922,113.753173828125,75.23297119140625,62.65593719482422,77.57548522949219,63.60228729248047,66.14630889892578,75.58470153808594,88.4281234741211,67.60735321044922,205.03585815429688,112.85480499267578,71.62762451171875,58.51826095581055,68.13163757324219,49.6635627746582,77.65839385986328,68.11195373535156,45.11543655395508,61.4072151184082,69.60028839111328,54.483436584472656,48.8455696105957,0.22804249823093414,0.1944318413734436,0.18265177309513092,0.194821298122406,0.20005254447460175,Moirai
series_125,386,31450.416015625,31830.01953125,31059.486328125,31358.005859375,33001.9453125,34265.7890625,34376.0,33869.15234375,33728.69140625,32439.5625,30968.00390625,30442.943359375,32642.537109375,32885.203125,31976.943359375,32192.474609375,33227.12109375,34669.26953125,35396.75,34714.18359375,34085.91796875,32310.1484375,31012.76953125,31504.69921875,0.3370417058467865,0.18937258422374725,0.10159912705421448,0.17963506281375885,0.1923515498638153,Moirai
series_126,386,21242.12890625,22443.6953125,22847.142578125,22813.966796875,23911.037109375,25375.404296875,25881.43359375,26086.33984375,26910.33984375,27330.455078125,27774.32421875,25280.28125,23540.458984375,23736.0625,24315.6875,25176.921875,24216.31640625,29118.9453125,27252.478515625,27090.75,26180.03515625,27424.673828125,28972.333984375,28276.349609375,0.29720667004585266,0.198635995388031,0.12550489604473114,0.18590103089809418,0.1927514374256134,Moirai
series_127,386,0.029732542112469673,0.04914315044879913,0.04767255857586861,0.0529661551117897,0.25638172030448914,0.06292300671339035,0.0354238897562027,0.045176055282354355,0.06519031524658203,0.056082285940647125,0.055051811039447784,0.04645053669810295,0.03129813075065613,0.3372113108634949,0.038430869579315186,0.050133686512708664,0.3649117052555084,0.9455890655517578,0.33242475986480713,0.05763910338282585,0.08634575456380844,0.7378643155097961,0.03048381768167019,0.864133894443512,0.2293786108493805,0.19333812594413757,0.1820923388004303,0.19539499282836914,0.1997959315776825,Moirai
series_128,386,10694.9169921875,10618.3701171875,9841.8388671875,9847.173828125,9627.828125,9804.97265625,9378.85546875,9814.9873046875,8816.234375,8765.9150390625,9162.15234375,9780.552734375,9197.0908203125,8914.517578125,9271.1123046875,8445.0166015625,9885.138671875,10049.89453125,9584.5078125,10995.7900390625,10647.3076171875,10938.990234375,9684.1376953125,10417.6025390625,0.2694788873195648,0.1981339454650879,0.14220236241817474,0.1912257969379425,0.19895899295806885,Moirai
series_129,386,53458.90234375,53157.29296875,54390.03515625,54514.484375,56209.68359375,54608.390625,54739.01953125,54641.3046875,55903.4375,58825.23046875,55908.6796875,54085.33203125,54486.328125,54498.43359375,54837.69921875,56366.41015625,54973.34765625,56818.23828125,57105.734375,56721.1796875,56267.12890625,57655.53515625,56679.6875,55720.7421875,0.275310218334198,0.20007358491420746,0.14503070712089539,0.18573671579360962,0.19384877383708954,Moirai
series_130,386,11.142748832702637,12.67867660522461,12.547812461853027,11.422825813293457,10.605026245117188,11.899861335754395,14.509539604187012,9.85800838470459,13.769876480102539,13.558634757995605,9.808393478393555,11.705400466918945,14.122881889343262,12.589461326599121,12.135640144348145,14.07156753540039,13.981581687927246,14.789306640625,15.40095043182373,15.057238578796387,14.601253509521484,17.488798141479492,15.873011589050293,13.49854850769043,0.2524249255657196,0.19572533667087555,0.1539124846458435,0.19660025835037231,0.20133699476718903,Moirai
series_131,386,19132.404296875,19531.357421875,19771.03515625,19845.927734375,21049.16796875,21087.896484375,20199.23046875,19467.451171875,20435.34375,20317.048828125,19836.1640625,19364.5,19335.017578125,19594.521484375,19902.326171875,20394.09765625,20965.32421875,20882.052734375,20661.01953125,19796.7421875,20588.4140625,20001.046875,19390.0390625,18890.013671875,0.3404234051704407,0.18819496035575867,0.09977934509515762,0.18022561073303223,0.19137664139270782,Moirai
series_132,386,8572.0361328125,15490.6669921875,19513.0625,18467.576171875,15090.8046875,13823.2705078125,20569.2890625,14480.2880859375,16324.3193359375,15798.7724609375,15705.9580078125,14509.091796875,17090.904296875,11819.7470703125,18357.24609375,18130.27734375,13826.7021484375,13503.7158203125,14944.357421875,14950.0400390625,20622.166015625,15173.625,14173.3095703125,16966.892578125,0.22443480789661407,0.19453781843185425,0.18056488037109375,0.1983151137828827,0.20214736461639404,Moirai
series_133,386,32495.07421875,31703.02734375,31269.21875,32133.396484375,35143.765625,36660.59375,38760.31640625,38928.25,38693.66796875,36681.0234375,36148.6171875,33808.953125,33977.24609375,31875.125,31469.1484375,32377.173828125,34522.9609375,36755.38671875,38074.4140625,38708.9921875,38530.87890625,36875.4296875,36180.453125,33665.9375,0.31814995408058167,0.19499081373214722,0.11424218863248825,0.18105670809745789,0.19156023859977722,Moirai
series_134,386,2438.396240234375,2252.16357421875,2467.583984375,2667.4658203125,2944.35302734375,2728.76171875,2861.541748046875,2950.47802734375,3384.900634765625,3744.1513671875,3546.8955078125,3208.719970703125,2669.918701171875,2829.468017578125,2882.532470703125,3340.911376953125,3342.00830078125,3545.0380859375,3449.233642578125,3301.6455078125,3774.008056640625,3721.052490234375,3802.63232421875,3639.361572265625,0.2517077922821045,0.19843335449695587,0.16280318796634674,0.18971990048885345,0.19733574986457825,Moirai
series_135,386,0.3657928705215454,-0.1033908799290657,-0.08066413551568985,0.11432359367609024,-0.07455863803625107,-0.07441573590040207,-0.11071193218231201,-0.11041290313005447,-0.09889491647481918,-0.06313793361186981,-0.09947624057531357,-0.13356974720954895,-0.11487194150686264,-0.08026092499494553,-0.08827636390924454,-0.08261153846979141,-0.08321044594049454,-0.12798133492469788,-0.10467159003019333,3.571092128753662,-0.0875369980931282,0.6655222773551941,-0.13112697005271912,-0.12060054391622543,0.2070441097021103,0.19416208565235138,0.1975739747285843,0.19920432567596436,0.20201551914215088,Moirai
series_136,386,10602.9775390625,10936.5595703125,11409.640625,10405.998046875,11329.7998046875,11616.58984375,11812.4130859375,11027.4501953125,11928.091796875,12223.83984375,11361.59375,11790.65625,11848.3544921875,12311.982421875,11707.484375,11503.197265625,11038.033203125,11703.234375,11285.3271484375,11171.953125,11547.955078125,11961.216796875,10809.17578125,11401.044921875,0.29138609766960144,0.19756552577018738,0.12632618844509125,0.18872638046741486,0.19599580764770508,Moirai
series_137,386,59349.1484375,57945.75,57576.9453125,58955.51953125,58069.66796875,60636.8203125,61923.0703125,59800.203125,61478.8046875,61243.0546875,61050.0546875,60422.03515625,60722.83984375,62184.46484375,59003.8046875,61671.84765625,62649.859375,62936.65234375,64823.046875,62763.96484375,63983.1875,72478.2421875,60650.76171875,61240.3984375,0.2834320068359375,0.20034638047218323,0.13799600303173065,0.18554016947746277,0.19268544018268585,Moirai
series_138,386,189.29104614257812,201.67996215820312,195.6820526123047,201.52957153320312,204.2795867919922,173.0895538330078,178.52243041992188,190.95407104492188,190.43341064453125,188.67880249023438,217.34132385253906,211.63319396972656,206.4011993408203,216.1820831298828,199.80441284179688,232.95016479492188,202.11781311035156,234.01507568359375,217.79237365722656,236.70655822753906,228.65480041503906,232.28909301757812,222.31593322753906,216.63552856445312,0.2947215139865875,0.19472983479499817,0.12229776382446289,0.19295725226402283,0.19529365003108978,Moirai
series_139,386,14203.6806640625,14344.1650390625,14534.2275390625,14984.23046875,15312.76171875,14938.607421875,14272.5537109375,13545.736328125,14012.4619140625,14052.6796875,13570.943359375,12971.564453125,13877.2255859375,13998.4345703125,14534.1025390625,14330.384765625,14618.197265625,14218.6943359375,13750.017578125,13076.3544921875,13489.294921875,13295.9287109375,12642.017578125,12571.810546875,0.3522593379020691,0.18241813778877258,0.09266509860754013,0.18013162910938263,0.1925257295370102,Moirai
series_140,386,1133.2105712890625,1284.5679931640625,1279.7884521484375,889.42919921875,1283.5643310546875,1143.577392578125,1116.0145263671875,1098.2833251953125,1228.307373046875,1365.708984375,1041.6702880859375,1056.0618896484375,1566.5286865234375,1238.7967529296875,1549.9661865234375,999.8845825195312,1084.5699462890625,1226.68603515625,1623.28515625,1437.4859619140625,1495.24072265625,1316.91650390625,1397.142822265625,1178.3221435546875,0.24255546927452087,0.19614392518997192,0.16749301552772522,0.19428205490112305,0.19952557981014252,Moirai
series_141,386,159594.0625,142282.03125,135202.359375,151773.109375,169117.640625,168089.859375,174147.5,183633.5,151938.390625,124668.46875,125331.0,146976.484375,161303.5,140357.984375,134889.28125,149605.78125,167037.921875,172203.15625,170629.078125,171835.4375,150680.84375,120664.5859375,130505.8359375,145410.15625,0.31892865896224976,0.19309301674365997,0.10995396226644516,0.18634673953056335,0.19167760014533997,Moirai
series_142,386,1763.2667236328125,1795.2369384765625,1754.490234375,1805.56298828125,1829.1282958984375,2034.4222412109375,1980.8924560546875,1780.4342041015625,1771.46630859375,1839.35595703125,1945.7384033203125,1803.0771484375,1909.176513671875,1885.1690673828125,1899.6724853515625,1870.8441162109375,1874.1043701171875,2091.888671875,1808.9068603515625,1977.7926025390625,1877.25341796875,2026.4443359375,2183.965576171875,1857.724609375,0.30912238359451294,0.19596779346466064,0.11814045161008835,0.18464012444019318,0.19212926924228668,Moirai
series_143,386,0.6506618857383728,-0.05642738193273544,-0.033256225287914276,0.8376659154891968,-0.08477111905813217,-0.09939094632863998,0.5630589723587036,3.533775568008423,0.8231251239776611,-0.008841323666274548,2.6754629611968994,4.212327480316162,3.693676710128784,14.660696983337402,3.0896215438842773,9.01349925994873,32.667137145996094,103.94547271728516,1.473565936088562,6.517313003540039,2.488832712173462,-0.04293319582939148,2.3494932651519775,0.6586517095565796,0.20717154443264008,0.19372934103012085,0.19742852449417114,0.19907639920711517,0.20259413123130798,Moirai
series_144,386,560772.125,582407.6875,565105.125,590074.75,551038.5625,599895.4375,577840.625,614082.625,548336.5,589516.4375,547439.6875,540518.875,579830.375,586018.5625,553456.625,551631.0625,560297.125,573316.375,560423.375,574977.75,614953.6875,573924.8125,593640.375,559821.375,0.279356986284256,0.19945378601551056,0.14029744267463684,0.18625862896442413,0.19463317096233368,Moirai
series_145,386,793533.4375,790115.6875,818100.0,828968.3125,798185.3125,820157.3125,858734.375,810506.5625,826884.3125,873493.875,878225.6875,807856.9375,813812.875,861343.8125,816398.0,864530.75,902232.9375,868717.3125,904936.125,833086.6875,839579.875,821050.6875,831506.875,844310.375,0.32850027084350586,0.19184595346450806,0.10581925511360168,0.18199415504932404,0.19184032082557678,Moirai
series_146,386,549.27734375,554.9614868164062,571.0281982421875,548.4522705078125,587.34619140625,559.5100708007812,572.6724243164062,548.599609375,548.5779418945312,614.0239868164062,596.59130859375,553.2277221679688,562.1840209960938,575.1273193359375,571.3607788085938,578.3525390625,584.1278076171875,552.335205078125,563.0164794921875,570.7067260742188,574.4859619140625,599.7896118164062,581.5999755859375,552.7534790039062,0.28798961639404297,0.19824698567390442,0.13099010288715363,0.18864655494689941,0.19412678480148315,Moirai
series_147,386,258421.890625,267564.71875,268054.0,275399.65625,287241.34375,286604.28125,275741.0,272198.25,279946.34375,272779.84375,256388.890625,253535.75,265268.84375,275785.40625,271758.15625,277576.59375,290470.1875,287369.90625,279574.0625,270412.46875,281178.53125,275402.03125,255229.234375,254024.59375,0.35223057866096497,0.18232659995555878,0.09156209975481033,0.17968304455280304,0.1941976249217987,Moirai
series_148,386,15440.654296875,16746.697265625,17255.197265625,17357.25,16642.8515625,17258.2421875,23974.365234375,15898.9072265625,22170.763671875,18800.787109375,19090.208984375,18388.3515625,19344.701171875,18100.134765625,17402.705078125,18307.4765625,19509.41015625,19873.9765625,21882.767578125,17710.4140625,21246.16015625,17544.662109375,19991.39453125,20510.18359375,0.2541828155517578,0.19781802594661713,0.16346292197704315,0.18752574920654297,0.19701045751571655,Moirai
series_149,386,998924.125,1032586.625,1024805.4375,1080657.625,1142060.5,1131162.0,1134833.625,1116858.625,1096320.625,961607.3125,900987.125,922025.5625,1011664.875,1073322.875,1058644.375,1063038.5,1092414.875,1119654.5,1122936.375,1146780.125,1124084.75,962375.125,901853.4375,912175.0,0.32985225319862366,0.19142122566699982,0.10644751042127609,0.18129423260688782,0.19098477065563202,Moirai
series_150,386,226491.1875,229578.5625,226476.03125,232084.28125,236207.3125,235053.71875,235799.6875,244020.8125,248702.234375,253170.140625,248757.234375,249310.421875,249469.53125,256733.4375,257910.359375,257121.734375,262589.625,245639.546875,258735.953125,244937.078125,253468.546875,251728.21875,246451.75,261121.09375,0.30708229541778564,0.19614277780056,0.11748424917459488,0.184650719165802,0.19463998079299927,Moirai
series_151,386,17.12077522277832,20.593984603881836,21.531734466552734,23.703107833862305,24.519250869750977,21.94117546081543,16.25963020324707,20.40201187133789,13.951167106628418,22.77193260192871,18.393007278442383,26.618181228637695,21.722835540771484,20.344980239868164,20.518722534179688,20.353052139282227,19.31114387512207,17.86300277709961,20.02471351623535,25.634960174560547,21.736860275268555,18.826078414916992,20.338468551635742,17.1776065826416,0.23086105287075043,0.19495482742786407,0.18152758479118347,0.19313475489616394,0.1995217502117157,Moirai
series_152,386,147694.59375,147366.5,155261.453125,151861.375,160751.0,163544.859375,157693.640625,154610.390625,157300.3125,157252.015625,161073.890625,165469.609375,167404.53125,166834.28125,158184.390625,161563.015625,161092.8125,155182.921875,164556.59375,162767.609375,167213.140625,173922.5625,174896.0625,169100.234375,0.25007015466690063,0.19904237985610962,0.16061906516551971,0.19284874200820923,0.1974196881055832,Moirai
series_153,386,319023.625,321588.40625,333737.5625,341072.59375,341754.875,351713.71875,354652.03125,342316.1875,358235.84375,359064.34375,349773.875,342140.46875,343804.875,346274.1875,355339.03125,363067.84375,394991.5625,370087.46875,382940.90625,398798.625,380870.4375,385238.0,359923.84375,362343.15625,0.3009379804134369,0.19813752174377441,0.12462011724710464,0.1838151216506958,0.19248922169208527,Moirai
series_154,386,284.3114318847656,291.3643798828125,297.001953125,291.2111511230469,279.8321533203125,299.3111267089844,289.390625,293.7839660644531,287.9141845703125,281.7019348144531,291.6849670410156,273.3034973144531,286.3673095703125,285.8201599121094,273.1204528808594,280.57977294921875,292.8395080566406,291.7259521484375,285.990234375,292.3383483886719,264.51031494140625,281.14276123046875,307.4387512207031,293.8726806640625,0.2987811863422394,0.19657814502716064,0.12329408526420593,0.18779560923576355,0.1935509890317917,Moirai
series_155,386,102713.375,106459.8046875,106768.5078125,108762.9296875,112387.5546875,111790.578125,105104.8359375,102201.6875,105120.03125,107601.6796875,102141.5859375,100992.15625,105945.859375,110078.0703125,108903.109375,108560.609375,112864.0,112031.6953125,109629.9296875,106353.0,111349.0703125,108039.859375,102267.40625,100643.2578125,0.3508436977863312,0.1835099458694458,0.09264194965362549,0.17914347350597382,0.1938609480857849,Moirai
series_156,386,9703.560546875,11513.724609375,10738.8544921875,10095.0703125,11071.501953125,11138.3056640625,10223.125,11275.572265625,11513.2333984375,11716.33203125,11143.955078125,10690.421875,10468.70703125,11420.576171875,11002.6689453125,10024.20703125,9675.533203125,11264.8564453125,12985.5205078125,12085.0771484375,12734.7451171875,14758.4150390625,11164.818359375,12357.2001953125,0.2718391716480255,0.19892004132270813,0.14800848066806793,0.1860455721616745,0.1951867640018463,Moirai
series_157,386,591710.5625,595858.0,588863.75,615712.875,649796.25,664218.3125,664717.75,645881.375,627375.6875,578228.6875,547020.625,560410.6875,595935.8125,612668.125,597764.8125,619566.0,632093.9375,659984.5,659681.6875,678215.8125,653735.5,590370.6875,543702.4375,559170.9375,0.32208511233329773,0.19396795332431793,0.11161907017230988,0.18130293488502502,0.19102491438388824,Moirai
series_158,386,14921.0146484375,15075.1611328125,15196.7783203125,15496.2138671875,15419.5419921875,15869.162109375,15613.3046875,15508.1083984375,16583.470703125,15809.4716796875,17365.474609375,16587.26953125,16922.88671875,16183.15625,16654.798828125,16923.26171875,17575.951171875,17942.361328125,17724.26171875,18344.529296875,18011.666015625,18622.810546875,17080.09375,18209.10546875,0.27197369933128357,0.20059823989868164,0.14623335003852844,0.18736796081066132,0.19382674992084503,Moirai
series_159,386,137.45359802246094,133.79180908203125,166.70167541503906,135.7266082763672,166.8749237060547,155.99107360839844,121.60572052001953,142.15306091308594,145.84861755371094,151.19564819335938,161.4987030029297,153.63558959960938,139.70956420898438,144.66171264648438,142.2112274169922,169.59237670898438,161.35427856445312,209.27386474609375,123.41542053222656,170.6053466796875,191.6094512939453,177.10137939453125,173.5053253173828,158.3042449951172,0.24201548099517822,0.1967027634382248,0.1701783686876297,0.19246511161327362,0.19863824546337128,Moirai
series_160,386,5165.8857421875,5208.65673828125,4757.66455078125,4902.029296875,4850.8349609375,4648.39404296875,4617.2998046875,5257.6279296875,5296.36669921875,4735.62109375,5282.3271484375,4979.0,4918.8623046875,4717.63671875,5132.6806640625,4648.67822265625,4807.57275390625,4859.11474609375,4229.73095703125,4732.7607421875,4942.97265625,4946.64599609375,5128.671875,4762.64697265625,0.2813369035720825,0.1985895335674286,0.1373206228017807,0.1874733567237854,0.1952795386314392,Moirai
series_161,386,36243.05078125,36589.80859375,36900.390625,38124.5859375,37627.95703125,39294.37890625,39978.984375,38726.60546875,39529.265625,40753.5859375,39570.51171875,38279.765625,38571.83984375,37382.46484375,38344.1796875,40051.25,38076.8984375,40013.98046875,39558.109375,40551.23046875,40412.953125,40367.75,41469.578125,39231.02734375,0.27428027987480164,0.20043176412582397,0.14523203670978546,0.18644557893276215,0.19361039996147156,Moirai
series_162,386,11.743178367614746,13.178808212280273,13.630777359008789,12.431258201599121,14.0929536819458,13.674199104309082,12.56356430053711,12.082338333129883,12.491389274597168,12.11567211151123,13.928510665893555,13.262398719787598,13.628021240234375,12.103256225585938,11.088262557983398,12.248944282531738,13.616922378540039,13.052513122558594,11.786328315734863,14.79955768585205,13.958531379699707,14.652867317199707,11.102081298828125,12.187182426452637,0.2608858048915863,0.19591662287712097,0.14636147022247314,0.19654373824596405,0.20029231905937195,Moirai
series_163,386,13912.03125,14028.2919921875,14057.197265625,14258.8642578125,14774.9013671875,15354.291015625,14665.1513671875,14332.3994140625,14909.7763671875,14907.5517578125,14315.884765625,13637.0888671875,13918.9130859375,14009.35546875,14291.251953125,14445.689453125,14804.0419921875,14908.076171875,14945.8076171875,14496.359375,15071.419921875,14754.009765625,14377.947265625,13431.0009765625,0.3476349115371704,0.1850578337907791,0.09529978036880493,0.17976166307926178,0.19224585592746735,Moirai
series_164,386,38.55125427246094,51.77935028076172,44.82429504394531,35.16032791137695,50.45030212402344,65.34895324707031,60.45811462402344,54.89303970336914,51.40373992919922,45.25775146484375,47.59819793701172,64.73009490966797,43.93497085571289,63.35637664794922,51.174285888671875,68.66947174072266,73.62871551513672,64.53315734863281,58.145896911621094,63.989070892333984,72.54393768310547,102.5186767578125,63.12264633178711,39.82168197631836,0.22138845920562744,0.1945197433233261,0.18394219875335693,0.19728733599185944,0.2028622031211853,Moirai
series_165,386,30713.88671875,28077.923828125,26025.115234375,25987.96875,26723.142578125,28455.0234375,31650.609375,34190.4453125,35789.4375,36297.46484375,34175.11328125,31473.572265625,30703.689453125,28038.267578125,26433.416015625,24812.46484375,27374.21875,29502.00390625,31425.6015625,33815.453125,33948.43359375,35882.1875,34823.109375,31799.572265625,0.33217671513557434,0.1888895034790039,0.10517242550849915,0.1835382729768753,0.1902230829000473,Moirai
series_166,386,3974.35400390625,3674.38330078125,3648.927001953125,4189.54248046875,4184.60595703125,3935.149169921875,3989.07861328125,4568.10888671875,5196.7275390625,6091.541015625,6116.14501953125,5119.359375,4018.5810546875,3966.2529296875,4051.179931640625,3955.680908203125,4326.189453125,4419.90576171875,3897.45751953125,4127.9697265625,4521.6484375,4574.37353515625,4603.47119140625,4307.59716796875,0.2717539072036743,0.19950957596302032,0.1421724259853363,0.19036182761192322,0.19620224833488464,Moirai
series_167,386,-0.009966868907213211,7.639395713806152,5.948132038116455,0.008171691559255123,0.014168262481689453,0.01307538989931345,-0.009625835344195366,-0.004066314548254013,-0.017384110018610954,0.2515261769294739,0.2951034605503082,0.8291547894477844,0.4879875183105469,0.02165832556784153,0.005405406933277845,0.01104314811527729,-0.021843547001481056,0.7847205996513367,-0.01444337796419859,4.073805809020996,-0.002264385111629963,10.257031440734863,0.5392901301383972,0.4806578457355499,0.20788486301898956,0.19295050203800201,0.19768168032169342,0.19972054660320282,0.20176242291927338,Moirai
series_168,386,2728.9443359375,2759.5478515625,2420.568115234375,2720.701904296875,2616.989501953125,2848.181884765625,2452.92578125,2857.955810546875,2466.471923828125,2717.04150390625,2763.53076171875,2643.816162109375,2638.07763671875,2697.7353515625,2582.520263671875,2908.028076171875,2753.7783203125,2424.22998046875,2780.653076171875,2792.466552734375,2976.39794921875,2848.484619140625,2905.7431640625,2957.9521484375,0.2769804298877716,0.19867916405200958,0.13958771526813507,0.18849259614944458,0.19626006484031677,Moirai
series_169,386,29715.603515625,29458.583984375,30021.18359375,30189.6640625,31175.423828125,31204.384765625,30715.564453125,31180.818359375,31288.548828125,32204.779296875,33334.04296875,30561.482421875,30456.478515625,30189.134765625,30250.755859375,31314.423828125,31953.044921875,31706.4375,31404.580078125,30984.90625,31791.205078125,31595.251953125,33913.953125,31066.580078125,0.27951377630233765,0.20019574463367462,0.1416349560022354,0.1853424310684204,0.19331307709217072,Moirai
series_170,386,4.5361504554748535,3.686649799346924,3.9725985527038574,4.371723651885986,4.643235206604004,4.699824333190918,4.360535144805908,4.030594825744629,4.347753047943115,5.482771396636963,3.9702377319335938,4.154097080230713,4.70064640045166,3.6420998573303223,4.08620023727417,4.803303241729736,4.402585983276367,6.1582255363464355,5.449600696563721,4.561075210571289,3.758965253829956,4.273472309112549,4.159401893615723,3.7526257038116455,0.2272234410047531,0.19356466829776764,0.1726764440536499,0.20201483368873596,0.20452061295509338,Moirai
series_171,386,9763.4609375,10053.43359375,10103.0244140625,10324.6962890625,10841.8974609375,10947.953125,10473.4677734375,10181.5634765625,10603.458984375,10602.529296875,10030.3818359375,9560.8193359375,9854.3369140625,10357.642578125,10212.6201171875,10622.7548828125,10729.2001953125,10779.4423828125,10505.9609375,10443.734375,10572.435546875,10517.490234375,9865.7275390625,9664.3505859375,0.34024518728256226,0.18831659853458405,0.10041476041078568,0.18002256751060486,0.19100092351436615,Moirai
series_172,386,33.58784484863281,31.235721588134766,37.73512649536133,36.816322326660156,40.76067352294922,43.38356018066406,39.469295501708984,30.188241958618164,50.69475555419922,42.335166931152344,17.07379913330078,118.32716369628906,70.32487487792969,40.93475341796875,35.18743896484375,40.118980407714844,61.37440872192383,37.24764633178711,54.61909484863281,50.5042610168457,56.19606399536133,213.85153198242188,41.92353439331055,189.0712127685547,0.22592583298683167,0.19336144626140594,0.18443530797958374,0.1962285041809082,0.20004892349243164,Moirai
series_173,386,26242.154296875,26594.259765625,26975.1796875,25265.048828125,26088.271484375,26956.744140625,27931.12109375,28321.88671875,28718.44921875,28883.24609375,27369.83203125,25975.99609375,26791.88671875,27885.728515625,27150.74609375,25683.171875,25999.82421875,27971.1484375,27799.359375,27011.580078125,28023.75,28844.6875,28326.673828125,26759.0546875,0.328762412071228,0.1922615021467209,0.10736167430877686,0.18109256029129028,0.19052186608314514,Moirai
series_174,386,1274.904296875,1481.3265380859375,1323.173828125,1469.8427734375,1359.404296875,1456.716796875,1350.1116943359375,1446.220703125,1440.047119140625,1476.062255859375,1683.1385498046875,1528.794677734375,1429.8253173828125,1493.119140625,1438.71875,1451.9638671875,1686.746337890625,1637.957763671875,1583.0465087890625,1652.1993408203125,1769.8780517578125,1799.989990234375,1727.59326171875,1780.041015625,0.2791563868522644,0.19933471083641052,0.1349012553691864,0.19003593921661377,0.19657176733016968,Moirai
series_175,386,1.1914739608764648,1.1196149587631226,0.27411144971847534,0.45517459511756897,3.3286027908325195,2.338958501815796,0.6503282189369202,6.9817705154418945,9.710814476013184,3.346970558166504,3.2675297260284424,1.1287732124328613,3.4995906352996826,1.6927202939987183,2.3473105430603027,6.798409461975098,7.186180114746094,9.660209655761719,3.886094331741333,1.8011330366134644,37.131004333496094,1.793488621711731,10.335137367248535,5.414816856384277,0.208799347281456,0.19470448791980743,0.19223885238170624,0.1999586969614029,0.20429864525794983,Moirai
series_176,386,462.26177978515625,441.5449523925781,427.0822448730469,413.5172424316406,428.60888671875,441.23590087890625,460.3318176269531,460.1936340332031,476.3985900878906,467.4820251464844,464.3863830566406,460.94287109375,464.7117919921875,481.39697265625,499.8387451171875,431.59759521484375,497.66204833984375,494.8810729980469,571.4805908203125,520.1000366210938,527.6806640625,533.2304077148438,498.64666748046875,535.321533203125,0.29484251141548157,0.19681033492088318,0.12526534497737885,0.18820008635520935,0.19488178193569183,Moirai
series_177,386,10679.373046875,11058.6689453125,11150.458984375,11217.3408203125,11571.9970703125,12058.2646484375,12140.2744140625,11950.904296875,12366.9951171875,11950.705078125,11400.966796875,10785.3564453125,11266.197265625,11295.408203125,11195.5732421875,11176.6845703125,11834.2021484375,12480.1650390625,12620.6123046875,12018.408203125,12393.373046875,12369.21875,11750.380859375,10797.47265625,0.2718380391597748,0.19976213574409485,0.14805550873279572,0.1860683411359787,0.19427596032619476,Moirai
series_178,386,46.32057189941406,50.297821044921875,56.101131439208984,54.939735412597656,50.20139694213867,59.0244140625,54.7181396484375,50.97159957885742,52.109256744384766,57.12234115600586,62.72262191772461,58.906429290771484,53.48859786987305,50.408119201660156,46.57761764526367,51.137577056884766,60.4533576965332,61.94803237915039,57.19332504272461,53.73733901977539,55.30537414550781,48.05851364135742,49.13337326049805,55.95961380004883,0.2768315076828003,0.19550228118896484,0.13687676191329956,0.1934845745563507,0.1973048746585846,Moirai
series_179,386,3096.173095703125,3127.6103515625,3124.71533203125,3077.9921875,3144.643798828125,3093.440673828125,3033.611572265625,3013.833740234375,3122.03515625,3137.3046875,3071.005859375,2966.26123046875,3047.0224609375,3148.601806640625,3073.941162109375,3101.57373046875,3123.31396484375,3110.251708984375,3119.106689453125,2960.273681640625,3068.619384765625,3086.28076171875,3152.86767578125,3014.262939453125,0.3272494673728943,0.19240334630012512,0.10821634531021118,0.18191613256931305,0.19021466374397278,Moirai
series_180,386,0.007218517363071442,0.0058420151472091675,1.2602657079696655e-05,0.020012877881526947,0.028231769800186157,0.02679227851331234,0.015515286475419998,0.010691357776522636,0.01559241022914648,0.0015346817672252655,0.006716861389577389,0.016239281743764877,0.021114077419042587,0.018053509294986725,0.015855353325605392,0.024164371192455292,0.029958726838231087,0.025550680235028267,0.029902175068855286,0.028389884158968925,0.021233558654785156,0.01349576748907566,0.004305549897253513,0.007035932503640652,0.19974903762340546,0.19591255486011505,0.20317122340202332,0.20100510120391846,0.2001621127128601,TimesFM
series_181,386,12526.6162109375,13201.7119140625,13512.6884765625,13962.4345703125,14385.2109375,14882.5986328125,15331.1142578125,15492.6494140625,15208.625,13893.76171875,13001.947265625,12676.078125,12836.0537109375,13051.421875,14229.9267578125,14395.25390625,14875.4794921875,15672.3154296875,15681.46484375,15816.5244140625,15082.6259765625,14636.048828125,13965.361328125,14129.017578125,0.3218165934085846,0.19287414848804474,0.10977666079998016,0.18365424871444702,0.19187834858894348,Moirai
series_182,386,735.7372436523438,733.8638305664062,732.755615234375,743.8228149414062,751.7536010742188,756.96484375,819.5407104492188,804.4375610351562,793.843505859375,841.7632446289062,811.8053588867188,758.8750610351562,785.0770263671875,827.883056640625,784.6783447265625,792.7737426757812,803.96826171875,782.5634155273438,809.4535522460938,777.9456176757812,776.6788940429688,827.1710815429688,777.55029296875,817.7554321289062,0.30175426602363586,0.19593624770641327,0.11808563023805618,0.18923541903495789,0.1949884444475174,Moirai
series_183,386,0.07201039046049118,0.3306925296783447,3.7864441871643066,0.03215399011969566,0.48611053824424744,0.6009673476219177,0.5319799184799194,0.3173220753669739,0.5872206091880798,0.37860748171806335,0.32562753558158875,0.5433061718940735,0.4886091351509094,0.4030427932739258,0.24630975723266602,0.5645201206207275,0.595241367816925,0.6507529616355896,1.3973520994186401,0.4002548158168793,0.6735662817955017,0.5212180018424988,0.5902624130249023,0.3879694938659668,0.20176273584365845,0.19268029928207397,0.20112790167331696,0.2028500884771347,0.20157895982265472,Timer
series_184,386,2989.72705078125,3243.302978515625,3276.720947265625,3122.541748046875,3082.25244140625,3425.90625,3425.455322265625,3332.06689453125,3071.816162109375,3437.369384765625,3028.699951171875,3205.0615234375,3170.173583984375,3136.759521484375,3394.067138671875,3321.026123046875,3697.4765625,3974.53466796875,3620.49267578125,3611.80419921875,3548.33203125,3734.384521484375,3716.1796875,3356.58154296875,0.25180354714393616,0.19921624660491943,0.16143517196178436,0.1907920241355896,0.19675302505493164,Moirai
series_185,386,95177.15625,94820.5859375,98299.7890625,101255.1640625,102974.40625,106063.1875,102985.4140625,103308.609375,106615.2578125,106983.78125,102264.65625,96227.9140625,97748.234375,94950.6015625,95942.21875,100983.5390625,105869.8203125,106970.234375,103565.0390625,109989.1171875,110704.375,106262.0390625,101148.1015625,94546.96875,0.26774924993515015,0.19977709650993347,0.15076731145381927,0.18692588806152344,0.19478042423725128,Moirai
series_186,386,316.15191650390625,326.2911376953125,334.6438293457031,325.80816650390625,331.2508544921875,328.8902282714844,337.5182800292969,316.7809143066406,323.7658996582031,309.09814453125,318.0359191894531,321.06365966796875,343.76763916015625,339.1140441894531,314.733154296875,323.2906494140625,335.9694519042969,330.4867858886719,344.375,343.48553466796875,339.7264099121094,328.24114990234375,319.31884765625,335.83935546875,0.2732602059841156,0.1988968849182129,0.1364947408437729,0.19310499727725983,0.19824321568012238,Moirai
series_187,386,32317.68359375,32044.21484375,32681.990234375,32391.359375,33062.703125,32621.982421875,31712.947265625,31741.609375,32730.9296875,32396.875,32098.5859375,31443.8046875,32500.333984375,32601.3046875,32518.767578125,32132.294921875,32847.80078125,32587.615234375,32622.625,31709.521484375,32755.724609375,32999.99609375,31911.966796875,31941.853515625,0.3330352008342743,0.19091364741325378,0.10453416407108307,0.18090322613716125,0.1906137615442276,Moirai
series_188,386,60594.33984375,61133.18359375,63307.43359375,59990.1953125,64406.8984375,60859.23046875,60227.02734375,59173.265625,60684.0,61293.875,62808.4921875,61892.1953125,64520.25390625,63782.00390625,64687.69921875,63021.9375,62907.58203125,64425.078125,66477.546875,61597.3203125,64526.5,65837.4921875,59843.14453125,62856.3203125,0.2983209490776062,0.19723713397979736,0.12764450907707214,0.18273916840553284,0.19405825436115265,Moirai
series_189,386,229817.5625,226305.46875,235050.515625,240005.546875,256961.140625,258106.859375,254396.71875,247495.453125,252208.65625,236204.75,222038.875,222213.578125,233287.515625,235183.328125,236719.875,242424.921875,245507.4375,253338.609375,260310.234375,265188.65625,259942.875,241907.640625,226054.03125,230967.46875,0.29431942105293274,0.19871194660663605,0.12909728288650513,0.18491649627685547,0.19295485317707062,Moirai
series_190,386,8690.806640625,9135.9775390625,8844.953125,9100.6337890625,9716.4921875,9855.2197265625,9568.51171875,9379.0068359375,10221.951171875,10589.5947265625,10004.3232421875,8929.498046875,8636.578125,8803.5107421875,8150.04345703125,8979.4619140625,9109.455078125,9960.529296875,9857.3662109375,9899.8154296875,9947.630859375,9530.5380859375,9547.2119140625,9797.234375,0.31651848554611206,0.19476011395454407,0.11288280040025711,0.1842058151960373,0.19163276255130768,Moirai
series_191,386,0.13255645334720612,0.16143615543842316,0.3342994749546051,0.4082414209842682,0.35452041029930115,0.30466124415397644,0.3202110230922699,0.20256607234477997,0.3494611978530884,0.3892967104911804,0.1387188732624054,3.5533013343811035,0.15898177027702332,0.2213233858346939,4.67691707611084,2.2255475521087646,0.22417129576206207,0.3268641531467438,0.24739684164524078,2.784844398498535,0.35435041785240173,0.43637603521347046,0.21624037623405457,0.24166594445705414,0.22764641046524048,0.1952974498271942,0.1841319501399994,0.19264674186706543,0.2002774477005005,Moirai
series_192,386,9525.2255859375,9404.1064453125,9720.1796875,9728.4033203125,9240.9384765625,8775.818359375,9204.509765625,9977.7353515625,9295.2802734375,9827.22265625,9103.6162109375,8534.13671875,8487.8349609375,8649.3505859375,8572.3720703125,9339.6005859375,8823.31640625,8864.2109375,8971.2646484375,9224.1376953125,8825.83984375,9374.1162109375,9697.7763671875,9036.095703125,0.26169154047966003,0.1982090324163437,0.15007130801677704,0.19209253787994385,0.19793562591075897,Moirai
series_193,386,49800.0546875,50103.59765625,51029.328125,49938.75,51723.45703125,55272.76953125,54034.3828125,53766.73828125,56121.73828125,52405.78515625,49727.3671875,46739.234375,50039.68359375,49701.359375,51406.2734375,50243.41796875,51246.08984375,55678.84375,54537.12890625,52778.609375,55255.96484375,50781.078125,48940.17578125,48516.90234375,0.2851172089576721,0.19948002696037292,0.13765135407447815,0.18453729152679443,0.19321416318416595,Moirai
series_194,386,34.141273498535156,32.10728454589844,34.311283111572266,42.79457473754883,45.418270111083984,60.403621673583984,30.995878219604492,34.04415512084961,35.248714447021484,46.08613967895508,38.17904281616211,47.840858459472656,39.68466567993164,54.2553596496582,141.1114044189453,46.620140075683594,40.35892105102539,37.74667739868164,37.357540130615234,43.325462341308594,39.28651428222656,49.72356033325195,42.38621520996094,48.17387008666992,0.23195001482963562,0.197557732462883,0.16238068044185638,0.2009083330631256,0.20720328390598297,Moirai
series_195,386,14763.3974609375,15146.7880859375,15197.705078125,14977.8818359375,15124.716796875,15005.4326171875,14905.5693359375,14828.892578125,15239.7021484375,15123.3349609375,15392.0517578125,14666.5498046875,14917.4560546875,15532.8798828125,15241.7509765625,15035.1494140625,15585.9248046875,15256.41796875,15016.955078125,15318.9951171875,15367.3623046875,15393.9970703125,15202.0556640625,15115.416015625,0.3259080648422241,0.19341589510440826,0.11006771773099899,0.1802425980567932,0.190365731716156,Moirai
series_196,386,683.3082885742188,1451.7154541015625,784.5501098632812,774.7901611328125,854.6215209960938,863.4234008789062,821.2130126953125,1081.171875,522.040283203125,1362.43212890625,923.4796752929688,903.742919921875,1421.882568359375,1130.8187255859375,1631.0557861328125,1342.34619140625,3251.357421875,1187.06201171875,2025.61083984375,1186.578369140625,1250.3212890625,1387.44482421875,2622.261474609375,1647.382568359375,0.25077641010284424,0.19773508608341217,0.1607423573732376,0.19303368031978607,0.19771245121955872,Moirai
series_197,386,84149.8984375,83704.375,90849.3984375,86218.4375,92952.0703125,93963.265625,90564.5546875,93071.9609375,95717.484375,99195.2265625,89639.3671875,88232.875,88688.296875,92010.015625,97642.0,91231.8203125,92848.2578125,95098.1953125,98374.015625,102262.6875,101328.015625,104070.5,101358.4765625,102827.7578125,0.2951774597167969,0.19816824793815613,0.12832579016685486,0.18538476526737213,0.19294373691082,Moirai
series_198,386,9990.455078125,10534.16015625,10417.8876953125,10271.134765625,10692.34375,11228.939453125,10909.78515625,10888.3359375,11054.7451171875,11549.046875,11415.4921875,10565.240234375,9929.6533203125,10810.865234375,10724.5048828125,10482.7763671875,11468.625,11255.39453125,11267.7236328125,11673.0,10843.77734375,11259.3994140625,11053.01953125,11086.53515625,0.3358415365219116,0.18890617787837982,0.10070965439081192,0.18214629590511322,0.192396342754364,Moirai
series_199,386,2.3870534896850586,0.6708723306655884,5.089130878448486,3.2509117126464844,2.9520037174224854,1.0750268697738647,0.7814211845397949,0.7664521336555481,0.8057676553726196,1.0316320657730103,2.97811222076416,0.9539645314216614,2.438211441040039,1.0417640209197998,4.887383460998535,0.7533084154129028,3.4618566036224365,0.49232450127601624,1.002297282218933,6.819653034210205,11.701552391052246,7.58549165725708,4.939888954162598,5.144120216369629,0.2528053820133209,0.1972198635339737,0.16257505118846893,0.1898992359638214,0.19750045239925385,Moirai
series_200,386,106757.09375,106923.6484375,108421.53125,111010.3984375,114942.109375,116732.6875,120287.5390625,110482.03125,111340.03125,115404.9765625,111584.578125,116595.7109375,111943.90625,109970.1796875,114780.9609375,122619.84375,126351.1796875,125793.859375,121552.7734375,120811.9765625,127000.7265625,126449.2734375,127177.1640625,124386.8359375,0.2517073154449463,0.19807058572769165,0.16276904940605164,0.1902741938829422,0.19717879593372345,Moirai
series_201,386,111947.890625,114122.8671875,113682.5546875,115321.1953125,117770.59375,119531.4296875,117539.7890625,121312.3984375,120166.6640625,124945.3671875,124002.0234375,116901.78125,120312.40625,115238.4375,120459.078125,120547.078125,124615.1953125,127091.5234375,131750.984375,125574.3984375,125920.5859375,130894.9140625,126275.1640625,126044.4375,0.29495641589164734,0.19862887263298035,0.12913033366203308,0.18412543833255768,0.19315893948078156,Moirai
series_202,386,289.6604919433594,315.19500732421875,311.52557373046875,299.16949462890625,313.7690734863281,301.61126708984375,313.6081848144531,282.0403747558594,297.2090759277344,303.5624084472656,327.8254699707031,287.38311767578125,331.9610900878906,291.21514892578125,278.78546142578125,274.9440612792969,299.0323791503906,296.9056396484375,297.72552490234375,314.6160888671875,314.7247314453125,318.1921081542969,304.4731140136719,295.11083984375,0.30039113759994507,0.19494391977787018,0.12135159969329834,0.1902763396501541,0.1930369883775711,Moirai
series_203,386,47575.86328125,47138.45703125,47893.3671875,46740.55078125,47783.6171875,48051.53515625,46254.359375,46037.00390625,47262.19921875,47909.7734375,47117.89453125,46235.52734375,47070.62890625,47856.80859375,46952.92578125,47300.7734375,47143.73046875,47194.3671875,47314.55078125,46184.75390625,47570.61328125,47013.14453125,46935.98046875,46140.34765625,0.3506736755371094,0.18358995020389557,0.09335331618785858,0.17979344725608826,0.19258956611156464,Moirai
series_204,386,5350.41845703125,5239.9384765625,5455.48046875,5355.783203125,5406.00927734375,5329.77099609375,5974.60595703125,5983.0205078125,6372.63232421875,5622.3974609375,6172.4228515625,6225.0390625,5742.1279296875,6272.845703125,6030.49609375,5855.88232421875,6305.9462890625,7395.37255859375,6370.20068359375,6484.30419921875,7016.380859375,6403.8359375,6922.72119140625,6257.0859375,0.3012421429157257,0.19677503407001495,0.12469686567783356,0.18312478065490723,0.19416114687919617,Moirai
series_205,386,281769.1875,261046.65625,263637.15625,288577.46875,302338.8125,305324.34375,305252.28125,314425.0,276222.1875,231560.15625,244525.3125,270704.78125,277320.53125,255721.15625,251739.59375,289001.75,294291.0625,289836.5,305224.625,320443.0625,291363.75,228577.4375,224954.15625,253130.375,0.29628562927246094,0.19848719239234924,0.12793177366256714,0.18516574800014496,0.19212962687015533,Moirai
series_206,386,4711.11279296875,4749.97119140625,4796.859375,4885.23876953125,5033.3857421875,5396.28759765625,5160.9775390625,5181.7734375,5294.25927734375,5651.22607421875,5583.0390625,5161.27001953125,5085.2470703125,4543.935546875,4960.34375,5368.91845703125,5936.6708984375,6418.791015625,6109.642578125,5921.81103515625,5316.3896484375,5738.88623046875,5699.23779296875,5405.52783203125,0.29793450236320496,0.19778940081596375,0.12607324123382568,0.18509826064109802,0.19310463964939117,Moirai
series_207,386,-0.003199691651389003,0.024082031100988388,0.09030784666538239,0.18691855669021606,0.14227180182933807,1.7963764667510986,0.02001144364476204,0.007854918949306011,0.07152557373046875,0.21637412905693054,0.09507934004068375,1.796857237815857,0.07547233253717422,0.11276939511299133,0.0065112304873764515,0.009610442444682121,0.0014690399402752519,0.039132535457611084,2.504607677459717,0.06879257410764694,0.09221000224351883,0.13285896182060242,0.007538451813161373,-0.028585510328412056,0.22009173035621643,0.19489659368991852,0.18668809533119202,0.19662778079509735,0.20169579982757568,Moirai
series_208,386,9613.0849609375,9972.47265625,9637.388671875,9985.798828125,9191.92578125,9929.990234375,9635.3095703125,9592.65625,10373.0126953125,9575.443359375,9388.162109375,9469.2109375,9023.0234375,9164.7666015625,9084.234375,9362.0126953125,9318.591796875,9737.0771484375,9499.412109375,9689.966796875,9344.8388671875,9601.7744140625,8943.1201171875,9652.5888671875,0.3018917441368103,0.19660432636737823,0.12366349995136261,0.18354935944080353,0.19429102540016174,Moirai
series_209,386,109589.1953125,106281.8984375,105402.40625,109178.4140625,111268.0703125,110346.4765625,112092.3203125,112478.234375,109460.1953125,113994.5,116004.9140625,110383.9375,103851.71875,104593.359375,106405.9765625,106300.890625,111488.5,113691.9453125,111612.46875,108584.390625,109775.09375,110669.4765625,106055.3984375,103751.546875,0.2724490165710449,0.20013698935508728,0.14707335829734802,0.1863093376159668,0.19403131306171417,Moirai
series_210,386,34.17148208618164,37.2222785949707,34.45793914794922,32.01991271972656,34.372459411621094,37.32904815673828,31.388837814331055,35.311004638671875,31.37312889099121,33.257930755615234,42.42316436767578,37.12184143066406,36.56198501586914,35.22279739379883,39.60926055908203,36.40383529663086,37.48890686035156,36.81836700439453,38.03838348388672,34.62123489379883,37.67591094970703,31.12411880493164,35.99721145629883,34.2421875,0.280015230178833,0.19611437618732452,0.13261161744594574,0.19327597320079803,0.1979827880859375,Moirai
series_211,386,42014.0625,42620.29296875,43443.7421875,43543.5390625,44253.34765625,43842.91796875,42832.75,42939.10546875,44139.27734375,43821.6328125,43159.75390625,41341.75390625,42610.078125,43366.1171875,43943.55859375,44238.97265625,45135.4609375,44480.34375,43981.55078125,43596.3359375,44479.125,43703.859375,42667.77734375,41630.59375,0.3342798352241516,0.19047260284423828,0.10308493673801422,0.180717334151268,0.1914452314376831,Moirai
series_212,386,560.0643310546875,691.1007080078125,1424.3297119140625,1770.5167236328125,3373.695556640625,3550.88330078125,4511.5087890625,4430.8291015625,4779.18994140625,5714.732421875,4470.23876953125,5701.5078125,6275.71337890625,5720.00732421875,5011.43505859375,5634.09375,5560.39990234375,5770.767578125,6016.26611328125,5564.56103515625,5662.46484375,5634.73193359375,5643.7958984375,5492.9921875,0.23069271445274353,0.1952177733182907,0.17620284855365753,0.19699382781982422,0.20089280605316162,Moirai
series_213,386,78420.6015625,78925.625,79515.3046875,85370.5859375,90308.6015625,93254.1640625,93320.390625,97010.859375,94149.9375,93587.1796875,88943.7578125,84085.25,83794.3359375,78192.9140625,80267.7734375,87645.28125,88127.875,93068.65625,93411.6015625,97871.875,95549.3203125,89941.2109375,88416.296875,84670.765625,0.30344444513320923,0.19789129495620728,0.12363552302122116,0.18346549570560455,0.19156315922737122,Moirai
series_214,386,13767.94140625,12930.0,13755.9951171875,14953.88671875,16217.375,15796.4638671875,14492.2392578125,15543.27734375,18606.904296875,20062.224609375,21873.875,18484.2421875,15290.716796875,15500.7724609375,15898.71484375,15579.8857421875,17827.638671875,19731.9921875,17130.521484375,18564.1796875,19670.107421875,19364.625,19201.638671875,17166.474609375,0.29101666808128357,0.19888442754745483,0.1309121698141098,0.18566365540027618,0.1935230791568756,Moirai
series_215,386,0.19922897219657898,4.124611854553223,0.5031570196151733,0.7678722739219666,0.5228362679481506,0.6620309352874756,3.493143320083618,0.5762642025947571,0.49690183997154236,0.7040234208106995,0.4159678518772125,0.6067750453948975,0.4821377396583557,0.7248478531837463,0.4920364320278168,0.6212783455848694,3.947188138961792,0.25048765540122986,8.77296257019043,0.7222567796707153,0.7632738947868347,0.4479696452617645,0.3930164873600006,0.45853132009506226,0.23030997812747955,0.19448556005954742,0.18182983994483948,0.19456787407398224,0.19880668818950653,Moirai
